Latitude,Longitude,Landslide_Probability,Dynamic_Trigger_Score,Dynamic_Risk_Score,Warning_Level,Rainfall_1Day,Rainfall_3Day,Rainfall_5Day,Rainfall_7Day,Rainfall_1Day_Score,Rainfall_3Day_Score,Rainfall_5Day_Score,Rainfall_7Day_Score,Soil_Moisture,Temperature_C,Relative_Humidity,Wind_Speed,Elevation,Slope,Aspect,Curvature,NDVI,LULC,IMERG_Last_Updated_UTC,ERA5_Last_Updated_UTC,Soil_Moisture_Score
8.347324462365854,77.01617331408426,0.0015943198,0.22318488825224342,0.16778724613918258,Low,1.3999999891966581,3.869999922811985,51.40999875590205,51.44999875500798,0.013999999891966581,0.025799999485413234,0.1713666625196735,0.12862499688751997,0.2241058349609375,25.498406982421898,91.85886536460276,2.262708772653307,0,0.0,0.0,0,-0.150216206908226,17,2026-10-06 03:30:00,2026-10-01 23:00:00,0.7470194498697917
8.347324462365854,77.0660298123529,0.03280755,0.22318488825224342,0.17559055368918258,Low,1.3999999891966581,3.869999922811985,51.40999875590205,51.44999875500798,0.013999999891966581,0.025799999485413234,0.1713666625196735,0.12862499688751997,0.2241058349609375,25.498406982421898,91.85886536460276,2.262708772653307,58,4.149515628814697,153.19009399414062,-7,0.7766786813735962,2,2026-10-06 03:30:00,2026-10-01 23:00:00,0.7470194498697917
8.347324462365854,77.1161558052068,0.0027304552,0.2532460100194439,0.19061712131458294,Low,3.8899999242275953,8.929999811574817,81.18999896757305,81.51999895833433,0.038899999242275954,0.05953333207716544,0.27063332989191013,0.20379999739583582,0.195343017578125,25.808953857421898,93.12026044068136,2.277527599790316,34,1.318478226661682,45.30509567260742,1,0.2903606593608856,14,2026-10-06 03:30:00,2026-10-01 23:00:00,0.6511433919270834
8.347324462365854,77.16601230347544,0.0040234486,0.31829053594836343,0.23972376411127258,Low,12.519999533891678,27.039999136701226,96.56999702937901,96.95999702252448,0.1251999953389168,0.1802666609113415,0.32189999009793,0.2423999925563112,0.2080078125,25.748406982421898,94.65139160071588,1.7904595560249592,57,6.707084655761719,303.4090270996094,-1,0.7499333620071411,8,2026-10-06 03:30:00,2026-10-01 23:00:00,0.693359375
8.347324462365854,77.21613829632929,0.008627102,0.31829053594836343,0.24087467746127258,Low,12.519999533891678,27.039999136701226,96.56999702937901,96.95999702252448,0.1251999953389168,0.1802666609113415,0.32189999009793,0.2423999925563112,0.2080078125,25.748406982421898,94.65139160071588,1.7904595560249592,46,1.854334115982056,180.0,-9,0.8121544718742371,8,2026-10-06 03:30:00,2026-10-01 23:00:00,0.693359375
8.347324462365854,77.26599479459793,0.006137109,0.33093699716168146,0.24973702512126109,Low,4.419999793171883,15.089999498799443,81.21999854966998,82.04999854043126,0.044199997931718825,0.10059999665866295,0.2707333284988999,0.20512499635107814,0.417572021484375,24.994500732421898,96.59257240116756,1.126588770958136,58,8.42634105682373,263.7264404296875,1,0.8188102841377258,8,2026-10-06 03:30:00,2026-10-01 23:00:00,1.0
8.347324462365854,77.31612078745178,0.0073530204,0.33093699716168146,0.2500410029712611,Moderate,4.419999793171883,15.089999498799443,81.21999854966998,82.04999854043126,0.044199997931718825,0.10059999665866295,0.2707333284988999,0.20512499635107814,0.417572021484375,24.994500732421898,96.59257240116756,1.126588770958136,94,7.250851631164551,50.49423599243164,-5,0.8127977848052979,8,2026-10-06 03:30:00,2026-10-01 23:00:00,1.0
8.347324462365854,77.36597728572042,0.003041708,0.33093699716168146,0.2489631748712611,Low,4.419999793171883,15.089999498799443,81.21999854966998,82.04999854043126,0.044199997931718825,0.10059999665866295,0.2707333284988999,0.20512499635107814,0.3447723388671875,24.307000732421898,95.94132935210122,0.8156502091102696,76,6.210738182067871,206.8099060058593,-7,0.7916780710220337,8,2026-10-06 03:30:00,2026-10-01 23:00:00,1.0
8.447306953488358,76.91619082296177,0.0016748903,0.20480083349701017,0.15401934769775763,Low,1.6599999591708183,3.879999900236726,34.26999876834452,34.28999876789749,0.016599999591708183,0.02586666600157817,0.11423332922781507,0.08572499691974372,0.2291717529296875,25.084344482421898,92.33274765385023,2.029862995972582,0,0.0,0.0,0,-0.1095598563551902,17,2026-10-06 03:30:00,2026-10-01 23:00:00,0.7639058430989584
8.447306953488358,76.9660473212304,0.039163847,0.20480083349701017,0.16339158687275762,Low,1.6599999591708183,3.879999900236726,34.26999876834452,34.28999876789749,0.016599999591708183,0.02586666600157817,0.11423332922781507,0.08572499691974372,0.2291717529296875,25.084344482421898,92.33274765385023,2.029862995972582,21,14.116332054138184,195.08775329589844,23,0.6189457178115845,14,2026-10-06 03:30:00,2026-10-01 23:00:00,0.7639058430989584
8.447306953488358,77.01617331408426,0.0033851229,0.2869572476346046,0.21606421645095347,Low,12.180000025779009,16.829999897629023,64.7799982316792,65.32999821379781,0.12180000025779009,0.11219999931752682,0.21593332743893068,0.16332499553449453,0.240234375,24.892938232421898,93.43649873837266,1.6962840587060677,36,3.365673303604126,123.40222930908205,1,0.3389039933681488,14,2026-10-06 03:30:00,2026-10-01 23:00:00,0.80078125
8.447306953488358,77.0660298123529,0.008827861,0.2869572476346046,0.21742490097595346,Low,12.180000025779009,16.829999897629023,64.7799982316792,65.32999821379781,0.12180000025779009,0.11219999931752682,0.21593332743893068,0.16332499553449453,0.240234375,24.892938232421898,93.43649873837266,1.6962840587060677,53,3.950376510620117,134.68753051757812,1,0.7335366010665894,8,2026-10-06 03:30:00,2026-10-01 23:00:00,0.80078125
8.447306953488358,77.1161558052068,0.02582435,0.3206859985041743,0.2469705863781307,Low,10.959999969229102,19.37999983690679,59.82999903522432,60.459999023005366,0.10959999969229102,0.12919999891271194,0.1994333301174144,0.1511499975575134,0.4503631591796875,24.517938232421898,96.17326248594372,1.2361824319071302,61,7.956701755523682,144.1662139892578,-28,0.8004744648933411,8,2026-10-06 03:30:00,2026-10-01 23:00:00,1.0
8.447306953488358,77.16601230347544,0.0097191315,0.45289966044059643,0.34210452820544734,Moderate,17.039999552071095,40.209999023005366,135.02999671176076,135.80999668501318,0.17039999552071095,0.2680666601533691,0.4500999890392025,0.3395249917125329,0.4545440673828125,23.605828857421898,97.73924668784495,0.7973780636146613,89,8.492731094360352,167.33819580078125,3,0.8374700546264648,8,2026-10-06 03:30:00,2026-10-01 23:00:00,1.0
8.447306953488358,77.21613829632929,0.007739217,0.45289966044059643,0.3416095495804473,Moderate,17.039999552071095,40.209999023005366,135.02999671176076,135.80999668501318,0.17039999552071095,0.2680666601533691,0.4500999890392025,0.3395249917125329,0.4545440673828125,23.605828857421898,97.73924668784495,0.7973780636146613,114,5.683206081390381,279.36151123046875,12,0.8260399103164673,8,2026-10-06 03:30:00,2026-10-01 23:00:00,1.0
8.447306953488358,77.26599479459793,0.011442003,0.33763066419685883,0.25608349889764415,Moderate,4.609999939799309,16.749999709427357,84.5799984484911,85.75999840348959,0.046099999397993086,0.11166666472951571,0.28193332816163696,0.21439999600872398,0.4442291259765625,22.058953857421898,98.30962046623551,0.5370822244556559,97,9.140129089355469,66.26860809326172,-2,0.7885023355484009,8,2026-10-06 03:30:00,2026-10-01 23:00:00,1.0
8.447306953488358,77.31612078745178,0.006840868,0.33763066419685883,0.25493321514764417,Moderate,4.609999939799309,16.749999709427357,84.5799984484911,85.75999840348959,0.046099999397993086,0.11166666472951571,0.28193332816163696,0.21439999600872398,0.4442291259765625,22.058953857421898,98.30962046623551,0.5370822244556559,98,9.60121250152588,16.872037887573242,4,0.6946073770523071,10,2026-10-06 03:30:00,2026-10-01 23:00:00,1.0
8.447306953488358,77.36597728572042,0.0052259974,0.33763066419685883,0.25452949749764414,Moderate,4.609999939799309,16.749999709427357,84.5799984484911,85.75999840348959,0.046099999397993086,0.11166666472951571,0.28193332816163696,0.21439999600872398,0.4268035888671875,21.119500732421898,93.547378963723,0.4804648271662267,272,14.27872371673584,230.50148010253903,-5,0.5628966689109802,2,2026-10-06 03:30:00,2026-10-01 23:00:00,1.0
8.497432946342222,76.91619082296177,0.004048289,0.20480083349701017,0.15461269737275762,Low,1.6599999591708183,3.879999900236726,34.26999876834452,34.28999876789749,0.016599999591708183,0.02586666600157817,0.11423332922781507,0.08572499691974372,0.2291717529296875,25.084344482421898,92.33274765385023,2.029862995972582,17,2.636078119277954,45.316219329833984,-3,0.6739394068717957,13,2026-10-06 03:30:00,2026-10-01 23:00:00,0.7639058430989584
8.497432946342222,76.9660473212304,0.0037525108,0.20480083349701017,0.15453875282275764,Low,1.6599999591708183,3.879999900236726,34.26999876834452,34.28999876789749,0.016599999591708183,0.02586666600157817,0.11423332922781507,0.08572499691974372,0.2291717529296875,25.084344482421898,92.33274765385023,2.029862995972582,19,2.9596641063690186,251.7539520263672,7,0.3380298614501953,14,2026-10-06 03:30:00,2026-10-01 23:00:00,0.7639058430989584
8.497432946342222,77.01617331408426,0.005689763,0.2869572476346046,0.21664037647595347,Low,12.180000025779009,16.829999897629023,64.7799982316792,65.32999821379781,0.12180000025779009,0.11219999931752682,0.21593332743893068,0.16332499553449453,0.240234375,24.892938232421898,93.43649873837266,1.6962840587060677,42,2.9336891174316406,161.37448120117188,-2,0.5737359523773193,14,2026-10-06 03:30:00,2026-10-01 23:00:00,0.80078125
8.497432946342222,77.0660298123529,0.012264117,0.2869572476346046,0.21828396497595345,Low,12.180000025779009,16.829999897629023,64.7799982316792,65.32999821379781,0.12180000025779009,0.11219999931752682,0.21593332743893068,0.16332499553449453,0.240234375,24.892938232421898,93.43649873837266,1.6962840587060677,69,6.789594650268555,285.77911376953125,8,0.4264605343341827,14,2026-10-06 03:30:00,2026-10-01 23:00:00,0.80078125
8.497432946342222,77.1161558052068,0.011971714,0.3206859985041743,0.2435074273781307,Low,10.959999969229102,19.37999983690679,59.82999903522432,60.459999023005366,0.10959999969229102,0.12919999891271194,0.1994333301174144,0.1511499975575134,0.4503631591796875,24.517938232421898,96.17326248594372,1.2361824319071302,52,4.6458420753479,217.17393493652344,8,0.6499711871147156,8,2026-10-06 03:30:00,2026-10-01 23:00:00,1.0
8.497432946342222,77.16601230347544,0.013419565,0.45289966044059643,0.34302963658044733,Moderate,17.039999552071095,40.209999023005366,135.02999671176076,135.80999668501318,0.17039999552071095,0.2680666601533691,0.4500999890392025,0.3395249917125329,0.4545440673828125,23.605828857421898,97.73924668784495,0.7973780636146613,70,7.455815315246582,30.01808357238769,8,0.7331240177154541,8,2026-10-06 03:30:00,2026-10-01 23:00:00,1.0
8.497432946342222,77.21613829632929,0.0040398464,0.45289966044059643,0.34068470693044733,Moderate,17.039999552071095,40.209999023005366,135.02999671176076,135.80999668501318,0.17039999552071095,0.2680666601533691,0.4500999890392025,0.3395249917125329,0.4545440673828125,23.605828857421898,97.73924668784495,0.7973780636146613,178,5.0295610427856445,111.58419036865234,-19,0.7383881211280823,8,2026-10-06 03:30:00,2026-10-01 23:00:00,1.0
8.497432946342222,77.26599479459793,0.014719441,0.33763066419685883,0.25690285839764415,Moderate,4.609999939799309,16.749999709427357,84.5799984484911,85.75999840348959,0.046099999397993086,0.11166666472951571,0.28193332816163696,0.21439999600872398,0.4442291259765625,22.058953857421898,98.30962046623551,0.5370822244556559,553,10.262202262878418,169.58326721191406,-10,0.6549897789955139,2,2026-10-06 03:30:00,2026-10-01 23:00:00,1.0
8.497432946342222,77.31612078745178,0.007589805,0.33763066419685883,0.25512044939764417,Moderate,4.609999939799309,16.749999709427357,84.5799984484911,85.75999840348959,0.046099999397993086,0.11166666472951571,0.28193332816163696,0.21439999600872398,0.4442291259765625,22.058953857421898,98.30962046623551,0.5370822244556559,132,8.256596565246582,206.81886291503903,-2,0.5730866193771362,8,2026-10-06 03:30:00,2026-10-01 23:00:00,1.0
8.497432946342222,77.36597728572042,0.060635332,0.33763066419685883,0.26838183114764413,Moderate,4.609999939799309,16.749999709427357,84.5799984484911,85.75999840348959,0.046099999397993086,0.11166666472951571,0.28193332816163696,0.21439999600872398,0.4268035888671875,21.119500732421898,93.547378963723,0.4804648271662267,1343,43.01652908325195,215.37173461914065,-61,0.3894945085048675,8,2026-10-06 03:30:00,2026-10-01 23:00:00,1.0
8.547289444610861,76.86606483010792,0.011187723,0.2615448885712773,0.19895559717845798,Low,4.469999983906746,13.039999917149544,63.029999518767,63.269999507814646,0.04469999983906746,0.08693333278099696,0.21009999839589,0.1581749987695366,0.234954833984375,24.955438232421898,94.14432132607824,1.6837658032065954,12,5.852152824401856,161.37222290039062,-16,0.4863088726997375,13,2026-10-06 03:30:00,2026-10-01 23:00:00,0.7831827799479167
8.547289444610861,76.91619082296177,0.006668151,0.24715055501765265,0.18702995401323946,Low,5.589999929070473,14.639999641105533,48.85999966226518,49.259999645873904,0.05589999929070473,0.09759999760737022,0.16286666554088394,0.12314999911468476,0.234954833984375,24.955438232421898,94.14432132607824,1.6837658032065954,44,4.177755355834961,243.69004821777344,5,0.4401793181896209,14,2026-10-06 03:30:00,2026-10-01 23:00:00,0.7831827799479167
8.547289444610861,76.9660473212304,0.0065815886,0.24715055501765265,0.18700831341323948,Low,5.589999929070473,14.639999641105533,48.85999966226518,49.259999645873904,0.05589999929070473,0.09759999760737022,0.16286666554088394,0.12314999911468476,0.234954833984375,24.955438232421898,94.14432132607824,1.6837658032065954,50,2.933727979660034,198.6277770996093,-7,0.2656084597110748,14,2026-10-06 03:30:00,2026-10-01 23:00:00,0.7831827799479167
8.547289444610861,77.01617331408426,0.63735723,0.38399932916561763,0.44733880437421325,Moderate,15.59999962337315,42.37999888136983,82.4299983009696,83.29999827593565,0.1559999962337315,0.2825333258757989,0.274766661003232,0.20824999568983912,0.4311065673828125,24.080438232421898,96.80867184254738,1.2379534993260133,63,20.84097671508789,59.31781005859375,9,0.8212766051292419,14,2026-10-06 03:30:00,2026-10-01 23:00:00,1.0
8.547289444610861,77.0660298123529,0.0040169894,0.38399932916561763,0.2890037442242132,Moderate,15.59999962337315,42.37999888136983,82.4299983009696,83.29999827593565,0.1559999962337315,0.2825333258757989,0.274766661003232,0.20824999568983912,0.4311065673828125,24.080438232421898,96.80867184254738,1.2379534993260133,123,2.7802884578704834,0.0,-9,0.539064884185791,8,2026-10-06 03:30:00,2026-10-01 23:00:00,1.0
8.547289444610861,77.1161558052068,0.015413361,0.32736833051287884,0.24937958813465913,Low,10.779999667778611,26.449999526143074,59.29999873973429,60.30999871529639,0.10779999667778611,0.17633333017428715,0.19766666246578096,0.15077499678824097,0.4380950927734375,23.385125732421898,97.60853462741396,0.8938622661551279,67,5.609454154968262,90.0,-8,0.8289550542831421,8,2026-10-06 03:30:00,2026-10-01 23:00:00,1.0
8.547289444610861,77.16601230347544,0.013108885,0.3549499959840129,0.26948971823800966,Moderate,11.07999987155199,23.129999671131372,82.95999738574028,83.49999736621976,0.1107999987155199,0.15419999780754248,0.27653332461913427,0.2087499934155494,0.4546051025390625,22.322625732421898,98.21934782053056,0.6500980449695166,103,14.63137435913086,187.20420837402344,0,0.759579598903656,2,2026-10-06 03:30:00,2026-10-01 23:00:00,1.0
8.547289444610861,77.21613829632929,0.007234346,0.3549499959840129,0.2680210834880096,Moderate,11.07999987155199,23.129999671131372,82.95999738574028,83.49999736621976,0.1107999987155199,0.15419999780754248,0.27653332461913427,0.2087499934155494,0.4546051025390625,22.322625732421898,98.21934782053056,0.6500980449695166,107,7.23862886428833,220.1205902099609,-2,0.7045474052429199,2,2026-10-06 03:30:00,2026-10-01 23:00:00,1.0
8.547289444610861,77.26599479459793,0.013619645,0.2921886644066622,0.22254640955499663,Low,1.8899999558925629,10.059999778866768,59.25999851897359,60.53999849781394,0.01889999955892563,0.06706666519244511,0.19753332839657864,0.15134999624453485,0.4298858642578125,21.029656982421898,97.9778811185159,0.3908734776346295,625,19.23355293273925,232.9029541015625,-2,0.6123032569885254,8,2026-10-06 03:30:00,2026-10-01 23:00:00,1.0
8.547289444610861,77.31612078745178,0.10246032,0.2921886644066622,0.24475657830499664,Low,1.8899999558925629,10.059999778866768,59.25999851897359,60.53999849781394,0.01889999955892563,0.06706666519244511,0.19753332839657864,0.15134999624453485,0.4298858642578125,21.029656982421898,97.9778811185159,0.3908734776346295,997,39.39458465576172,195.0179901123047,-112,0.8351617455482483,2,2026-10-06 03:30:00,2026-10-01 23:00:00,1.0
8.547289444610861,77.36597728572042,0.013812696,0.2921886644066622,0.22259467230499663,Low,1.8899999558925629,10.059999778866768,59.25999851897359,60.53999849781394,0.01889999955892563,0.06706666519244511,0.19753332839657864,0.15134999624453485,0.3943328857421875,21.777703857421898,94.52811067545926,0.3147019066204357,1283,15.196533203125,17.53704071044922,-16,0.8359712362289429,8,2026-10-06 03:30:00,2026-10-01 23:00:00,1.0
8.597415437464726,76.81620833183928,0.0072526224,0.2615448885712773,0.19797182202845798,Low,4.469999983906746,13.039999917149544,63.029999518767,63.269999507814646,0.04469999983906746,0.08693333278099696,0.21009999839589,0.1581749987695366,0.234954833984375,24.955438232421898,94.14432132607824,1.6837658032065954,9,0.9379478693008424,270.0,3,0.3886300027370453,8,2026-10-06 03:30:00,2026-10-01 23:00:00,0.7831827799479167
8.597415437464726,76.86606483010792,0.012236491,0.2615448885712773,0.19921778917845798,Low,4.469999983906746,13.039999917149544,63.029999518767,63.269999507814646,0.04469999983906746,0.08693333278099696,0.21009999839589,0.1581749987695366,0.234954833984375,24.955438232421898,94.14432132607824,1.6837658032065954,27,1.8753933906555176,270.0,-9,0.4519553184509277,14,2026-10-06 03:30:00,2026-10-01 23:00:00,0.7831827799479167
8.597415437464726,76.91619082296177,0.03478082,0.24715055501765265,0.19405812126323949,Low,5.589999929070473,14.639999641105533,48.85999966226518,49.259999645873904,0.05589999929070473,0.09759999760737022,0.16286666554088394,0.12314999911468476,0.234954833984375,24.955438232421898,94.14432132607824,1.6837658032065954,88,7.683724880218506,76.11534881591797,10,0.7471693158149719,8,2026-10-06 03:30:00,2026-10-01 23:00:00,0.7831827799479167
8.597415437464726,76.9660473212304,0.020226406,0.24715055501765265,0.19041951776323948,Low,5.589999929070473,14.639999641105533,48.85999966226518,49.259999645873904,0.05589999929070473,0.09759999760737022,0.16286666554088394,0.12314999911468476,0.234954833984375,24.955438232421898,94.14432132607824,1.6837658032065954,87,7.253631591796875,309.4874572753906,0,0.6942632794380188,8,2026-10-06 03:30:00,2026-10-01 23:00:00,0.7831827799479167
8.597415437464726,77.01617331408426,0.04425532,0.38399932916561763,0.2990633268742132,Moderate,15.59999962337315,42.37999888136983,82.4299983009696,83.29999827593565,0.1559999962337315,0.2825333258757989,0.274766661003232,0.20824999568983912,0.4311065673828125,24.080438232421898,96.80867184254738,1.2379534993260133,67,7.608387947082519,194.18934631347656,-3,0.872869074344635,8,2026-10-06 03:30:00,2026-10-01 23:00:00,1.0
8.597415437464726,77.0660298123529,0.05142627,0.38399932916561763,0.30085606437421325,Moderate,15.59999962337315,42.37999888136983,82.4299983009696,83.29999827593565,0.1559999962337315,0.2825333258757989,0.274766661003232,0.20824999568983912,0.4311065673828125,24.080438232421898,96.80867184254738,1.2379534993260133,93,7.952042579650879,110.34407806396484,-1,0.8278990983963013,8,2026-10-06 03:30:00,2026-10-01 23:00:00,1.0
8.597415437464726,77.1161558052068,0.059225433,0.32736833051287884,0.26033260613465914,Moderate,10.779999667778611,26.449999526143074,59.29999873973429,60.30999871529639,0.10779999667778611,0.17633333017428715,0.19766666246578096,0.15077499678824097,0.4380950927734375,23.385125732421898,97.60853462741396,0.8938622661551279,143,13.797436714172363,270.0,-10,0.7387169599533081,2,2026-10-06 03:30:00,2026-10-01 23:00:00,1.0
8.597415437464726,77.16601230347544,0.010141722,0.3549499959840129,0.26874792748800963,Moderate,11.07999987155199,23.129999671131372,82.95999738574028,83.49999736621976,0.1107999987155199,0.15419999780754248,0.27653332461913427,0.2087499934155494,0.4546051025390625,22.322625732421898,98.21934782053056,0.6500980449695166,141,2.091879844665528,296.30694580078125,9,0.6979659795761108,2,2026-10-06 03:30:00,2026-10-01 23:00:00,1.0
8.597415437464726,77.21613829632929,0.01905565,0.3549499959840129,0.27097640948800966,Moderate,11.07999987155199,23.129999671131372,82.95999738574028,83.49999736621976,0.1107999987155199,0.15419999780754248,0.27653332461913427,0.2087499934155494,0.4546051025390625,22.322625732421898,98.21934782053056,0.6500980449695166,421,15.481629371643066,220.5559234619141,6,0.8210566639900208,8,2026-10-06 03:30:00,2026-10-01 23:00:00,1.0
8.597415437464726,77.26599479459793,0.11784445,0.2921886644066622,0.24860261080499663,Low,1.8899999558925629,10.059999778866768,59.25999851897359,60.53999849781394,0.01889999955892563,0.06706666519244511,0.19753332839657864,0.15134999624453485,0.4298858642578125,21.029656982421898,97.9778811185159,0.3908734776346295,1638,34.933876037597656,202.0255889892578,-18,0.4064759612083435,8,2026-10-06 03:30:00,2026-10-01 23:00:00,1.0
8.597415437464726,77.31612078745178,0.010309089,0.2921886644066622,0.22171877055499664,Low,1.8899999558925629,10.059999778866768,59.25999851897359,60.53999849781394,0.01889999955892563,0.06706666519244511,0.19753332839657864,0.15134999624453485,0.4298858642578125,21.029656982421898,97.9778811185159,0.3908734776346295,643,7.239022254943848,40.124324798583984,8,0.8185202479362488,2,2026-10-06 03:30:00,2026-10-01 23:00:00,1.0
8.597415437464726,77.36597728572042,0.011516255,0.2921886644066622,0.22202056205499662,Low,1.8899999558925629,10.059999778866768,59.25999851897359,60.53999849781394,0.01889999955892563,0.06706666519244511,0.19753332839657864,0.15134999624453485,0.3943328857421875,21.777703857421898,94.52811067545926,0.3147019066204357,582,27.92856216430664,98.78243255615234,110,0.8212746977806091,2,2026-10-06 03:30:00,2026-10-01 23:00:00,1.0
8.647271935733365,76.76608233898543,0.001798357,0.34389789167884743,0.2583730080091356,Moderate,4.669999852776527,31.119999572634697,83.45999838598073,84.13999837823212,0.046699998527765275,0.20746666381756465,0.2781999946199358,0.2103499959455803,0.288787841796875,25.217156982421898,94.4646870866732,1.6901713659391682,0,0.0,0.0,0,-0.1185682341456413,17,2026-10-06 03:30:00,2026-10-01 23:00:00,0.9626261393229167
8.647271935733365,76.81620833183928,0.02333754,0.35663166228967413,0.2733081317172556,Moderate,8.289999924600124,30.63999893516302,82.22999762371182,83.16999762132764,0.08289999924600125,0.20426665956775347,0.2740999920790394,0.2079249940533191,0.4580535888671875,24.494500732421898,95.68792795797522,1.2642767785138669,41,6.567251205444336,45.3275032043457,4,0.6997929811477661,8,2026-10-06 03:30:00,2026-10-01 23:00:00,1.0
8.647271935733365,76.86606483010792,0.019494953,0.35663166228967413,0.2723474849672556,Moderate,8.289999924600124,30.63999893516302,82.22999762371182,83.16999762132764,0.08289999924600125,0.20426665956775347,0.2740999920790394,0.2079249940533191,0.4580535888671875,24.494500732421898,95.68792795797522,1.2642767785138669,61,4.646507263183594,322.815185546875,-22,0.701657772064209,8,2026-10-06 03:30:00,2026-10-01 23:00:00,1.0
8.647271935733365,76.91619082296177,0.015714016,0.4555089959019796,0.3455602509264847,Moderate,25.479999899864197,59.42999883927405,108.23999796248972,109.12999794073403,0.254799998998642,0.396199992261827,0.3607999932082991,0.2728249948518351,0.4580535888671875,24.494500732421898,95.68792795797522,1.2642767785138669,31,8.43276309967041,263.7312927246094,6,0.8011813163757324,8,2026-10-06 03:30:00,2026-10-01 23:00:00,1.0
8.647271935733365,76.9660473212304,0.25069597,0.4555089959019796,0.4043057394264847,Moderate,25.479999899864197,59.42999883927405,108.23999796248972,109.12999794073403,0.254799998998642,0.396199992261827,0.3607999932082991,0.2728249948518351,0.4580535888671875,24.494500732421898,95.68792795797522,1.2642767785138669,206,13.87472152709961,336.5633239746094,19,0.7991935014724731,8,2026-10-06 03:30:00,2026-10-01 23:00:00,1.0
8.647271935733365,77.01617331408426,0.057164926,0.3998843264081826,0.31420447630613696,Moderate,17.659999206662178,46.81999813206494,88.00999743118882,88.4299974180758,0.17659999206662177,0.31213332088043294,0.29336665810396273,0.2210749935451895,0.4686279296875,23.437860107421898,98.152929977261,0.8613533226322778,106,7.608447551727295,165.80885314941406,14,0.806076169013977,8,2026-10-06 03:30:00,2026-10-01 23:00:00,1.0
8.647271935733365,77.0660298123529,0.146206,0.3998843264081826,0.336464744806137,Moderate,17.659999206662178,46.81999813206494,88.00999743118882,88.4299974180758,0.17659999206662177,0.31213332088043294,0.29336665810396273,0.2210749935451895,0.4686279296875,23.437860107421898,98.152929977261,0.8613533226322778,126,16.82139015197754,323.4332580566406,1,0.8230405449867249,8,2026-10-06 03:30:00,2026-10-01 23:00:00,1.0
8.647271935733365,77.1161558052068,0.29549697,0.33387999730954565,0.32428424048215926,Moderate,13.329999700188637,26.819999404251575,60.38999888300896,60.599998876452446,0.13329999700188636,0.17879999602834384,0.20129999627669654,0.1514999971911311,0.45098876953125,22.555047607421898,98.01247586089576,0.6138707143867088,233,25.79145812988281,166.27940368652344,-8,0.622283399105072,2,2026-10-06 03:30:00,2026-10-01 23:00:00,1.0
8.647271935733365,77.16601230347544,0.029457308,0.32658999740015715,0.25230682505011787,Moderate,11.279999932274222,17.879999712109566,65.2099983394146,65.57999834232032,0.11279999932274222,0.11919999808073044,0.21736666113138198,0.1639499958558008,0.455780029296875,21.346063232421898,96.92952705755188,0.4347040039769476,157,11.584991455078123,341.3676452636719,-27,0.8121387362480164,2,2026-10-06 03:30:00,2026-10-01 23:00:00,1.0
8.647271935733365,77.21613829632929,0.13409096,0.32658999740015715,0.27846523805011786,Moderate,11.279999932274222,17.879999712109566,65.2099983394146,65.57999834232032,0.11279999932274222,0.11919999808073044,0.21736666113138198,0.1639499958558008,0.455780029296875,21.346063232421898,96.92952705755188,0.4347040039769476,1336,44.37730026245117,224.65342712402344,43,0.736695408821106,8,2026-10-06 03:30:00,2026-10-01 23:00:00,1.0
8.647271935733365,77.26599479459793,0.013639491,0.2540789992383371,0.1939691221787528,Low,0.7999999821186066,4.7099998369812965,35.99999959953129,37.3099995367229,0.007999999821186066,0.031399998913208646,0.11999999866510432,0.09327499884180725,0.3708953857421875,21.570672607421898,97.927390445842,0.2187356868416763,1039,15.517773628234863,62.19862747192383,6,0.8061027526855469,2,2026-10-06 03:30:00,2026-10-01 23:00:00,1.0
8.647271935733365,77.31612078745178,0.02392913,0.2540789992383371,0.19654153192875282,Low,0.7999999821186066,4.7099998369812965,35.99999959953129,37.3099995367229,0.007999999821186066,0.031399998913208646,0.11999999866510432,0.09327499884180725,0.3708953857421875,21.570672607421898,97.927390445842,0.2187356868416763,283,22.610559463500977,218.979721069336,3,0.7510592937469482,8,2026-10-06 03:30:00,2026-10-01 23:00:00,1.0
8.647271935733365,77.36597728572042,0.021904007,0.2540789992383371,0.1960352511787528,Low,0.7999999821186066,4.7099998369812965,35.99999959953129,37.3099995367229,0.007999999821186066,0.031399998913208646,0.11999999866510432,0.09327499884180725,0.32708740234375,24.424188232421898,93.17207830358292,0.199711639708825,427,22.83035659790039,207.8223114013672,-20,0.6721401214599609,8,2026-10-06 03:30:00,2026-10-01 23:00:00,1.0
8.697397928587229,76.71622584071679,0.0017889257,0.34389789167884743,0.25837065018413563,Moderate,4.669999852776527,31.119999572634697,83.45999838598073,84.13999837823212,0.046699998527765275,0.20746666381756465,0.2781999946199358,0.2103499959455803,0.288787841796875,25.217156982421898,94.4646870866732,1.6901713659391682,0,0.0,0.0,0,-0.126696839928627,17,2026-10-06 03:30:00,2026-10-01 23:00:00,0.9626261393229167
8.697397928587229,76.76608233898543,0.001798357,0.34389789167884743,0.2583730080091356,Moderate,4.669999852776527,31.119999572634697,83.45999838598073,84.13999837823212,0.046699998527765275,0.20746666381756465,0.2781999946199358,0.2103499959455803,0.288787841796875,25.217156982421898,94.4646870866732,1.6901713659391682,8,0.0,0.0,0,-0.3754940629005432,17,2026-10-06 03:30:00,2026-10-01 23:00:00,0.9626261393229167
8.697397928587229,76.81620833183928,0.013039419,0.35663166228967413,0.2707336014672556,Moderate,8.289999924600124,30.63999893516302,82.22999762371182,83.16999762132764,0.08289999924600125,0.20426665956775347,0.2740999920790394,0.2079249940533191,0.4580535888671875,24.494500732421898,95.68792795797522,1.2642767785138669,38,6.792882919311523,105.77120208740234,-5,0.3364385664463043,8,2026-10-06 03:30:00,2026-10-01 23:00:00,1.0
8.697397928587229,76.86606483010792,0.019945526,0.35663166228967413,0.2724601282172556,Moderate,8.289999924600124,30.63999893516302,82.22999762371182,83.16999762132764,0.08289999924600125,0.20426665956775347,0.2740999920790394,0.2079249940533191,0.4580535888671875,24.494500732421898,95.68792795797522,1.2642767785138669,46,6.603731155395508,261.962158203125,0,0.7818031311035156,8,2026-10-06 03:30:00,2026-10-01 23:00:00,1.0
8.697397928587229,76.91619082296177,0.10225469,0.4555089959019796,0.3671954194264847,Moderate,25.479999899864197,59.42999883927405,108.23999796248972,109.12999794073403,0.254799998998642,0.396199992261827,0.3607999932082991,0.2728249948518351,0.4580535888671875,24.494500732421898,95.68792795797522,1.2642767785138669,68,9.544819831848145,61.22586441040039,-5,0.5475910902023315,8,2026-10-06 03:30:00,2026-10-01 23:00:00,1.0
8.697397928587229,76.9660473212304,0.3226804,0.4555089959019796,0.42230184692648465,Moderate,25.479999899864197,59.42999883927405,108.23999796248972,109.12999794073403,0.254799998998642,0.396199992261827,0.3607999932082991,0.2728249948518351,0.4580535888671875,24.494500732421898,95.68792795797522,1.2642767785138669,47,19.7354793548584,341.3653259277344,-8,0.819292426109314,8,2026-10-06 03:30:00,2026-10-01 23:00:00,1.0
8.697397928587229,77.01617331408426,0.09380095,0.3998843264081826,0.323363482306137,Moderate,17.659999206662178,46.81999813206494,88.00999743118882,88.4299974180758,0.17659999206662177,0.31213332088043294,0.29336665810396273,0.2210749935451895,0.4686279296875,23.437860107421898,98.152929977261,0.8613533226322778,99,12.897421836853027,351.776611328125,-23,0.843144416809082,8,2026-10-06 03:30:00,2026-10-01 23:00:00,1.0
8.697397928587229,77.0660298123529,0.042556696,0.3998843264081826,0.31055241880613693,Moderate,17.659999206662178,46.81999813206494,88.00999743118882,88.4299974180758,0.17659999206662177,0.31213332088043294,0.29336665810396273,0.2210749935451895,0.4686279296875,23.437860107421898,98.152929977261,0.8613533226322778,111,4.7207112312316895,168.56195068359375,7,0.736126720905304,8,2026-10-06 03:30:00,2026-10-01 23:00:00,1.0
8.697397928587229,77.1161558052068,0.327241,0.33387999730954565,0.3322202479821592,Moderate,13.329999700188637,26.819999404251575,60.38999888300896,60.599998876452446,0.13329999700188636,0.17879999602834384,0.20129999627669654,0.1514999971911311,0.45098876953125,22.555047607421898,98.01247586089576,0.6138707143867088,254,17.272451400756836,223.20947265625,-11,0.6436936259269714,2,2026-10-06 03:30:00,2026-10-01 23:00:00,1.0
8.697397928587229,77.16601230347544,0.41435653,0.32658999740015715,0.3485316305501179,Moderate,11.279999932274222,17.879999712109566,65.2099983394146,65.57999834232032,0.11279999932274222,0.11919999808073044,0.21736666113138198,0.1639499958558008,0.455780029296875,21.346063232421898,96.92952705755188,0.4347040039769476,786,38.39466857910156,111.5738525390625,32,0.8555984497070312,2,2026-10-06 03:30:00,2026-10-01 23:00:00,1.0
8.697397928587229,77.21613829632929,0.035583854,0.32658999740015715,0.25383846155011786,Moderate,11.279999932274222,17.879999712109566,65.2099983394146,65.57999834232032,0.11279999932274222,0.11919999808073044,0.21736666113138198,0.1639499958558008,0.455780029296875,21.346063232421898,96.92952705755188,0.4347040039769476,1325,10.282085418701172,206.8310394287109,2,0.7911040782928467,8,2026-10-06 03:30:00,2026-10-01 23:00:00,1.0
8.697397928587229,77.26599479459793,0.015515247,0.2540789992383371,0.1944380611787528,Low,0.7999999821186066,4.7099998369812965,35.99999959953129,37.3099995367229,0.007999999821186066,0.031399998913208646,0.11999999866510432,0.09327499884180725,0.3708953857421875,21.570672607421898,97.927390445842,0.2187356868416763,676,19.48674964904785,16.121307373046875,-8,0.694420576095581,2,2026-10-06 03:30:00,2026-10-01 23:00:00,1.0
8.697397928587229,77.31612078745178,0.00763961,0.2540789992383371,0.19246915192875283,Low,0.7999999821186066,4.7099998369812965,35.99999959953129,37.3099995367229,0.007999999821186066,0.031399998913208646,0.11999999866510432,0.09327499884180725,0.3708953857421875,21.570672607421898,97.927390445842,0.2187356868416763,241,4.627367496490479,180.0,2,0.7697171568870544,8,2026-10-06 03:30:00,2026-10-01 23:00:00,1.0
8.697397928587229,77.36597728572042,0.005618696,0.2540789992383371,0.19196392342875282,Low,0.7999999821186066,4.7099998369812965,35.99999959953129,37.3099995367229,0.007999999821186066,0.031399998913208646,0.11999999866510432,0.09327499884180725,0.32708740234375,24.424188232421898,93.17207830358292,0.199711639708825,191,2.077869176864624,206.8310394287109,-1,0.5846412777900696,10,2026-10-06 03:30:00,2026-10-01 23:00:00,1.0
8.74725442685586,76.66609984786288,0.0018918269,0.2867877239446466,0.21556374968348493,Low,3.569999871775508,28.179999312385917,84.28999825380743,84.58999823592603,0.03569999871775508,0.18786666208257277,0.28096666084602473,0.21147499558981508,0.2097930908203125,25.014031982421898,95.5139682267762,1.400304620235745,0,0.0,0.0,0,-0.1346578299999237,17,2026-10-06 03:30:00,2026-10-01 23:00:00,0.699310302734375
8.74725442685586,76.71622584071679,0.017638769,0.32299166472349317,0.24665344079261986,Low,6.7299999594688416,17.67999971844256,69.60999880172312,69.9699987936765,0.06729999959468841,0.11786666478961706,0.23203332933907708,0.17492499698419123,0.427825927734375,24.910516357421898,95.58895918774142,1.265200321611875,50,2.077925443649292,333.1658935546875,1,0.6955587267875671,14,2026-10-06 03:30:00,2026-10-01 23:00:00,1.0
8.74725442685586,76.76608233898543,0.09403805,0.32299166472349317,0.26575326104261987,Moderate,6.7299999594688416,17.67999971844256,69.60999880172312,69.9699987936765,0.06729999959468841,0.11786666478961706,0.23203332933907708,0.17492499698419123,0.427825927734375,24.910516357421898,95.58895918774142,1.265200321611875,51,9.60184097290039,16.8846378326416,-1,0.6468231081962585,14,2026-10-06 03:30:00,2026-10-01 23:00:00,1.0
8.74725442685586,76.81620833183928,0.026940584,0.38696599751810234,0.2969596441385768,Moderate,9.879999972879887,36.05999945476651,98.9399985820055,99.17999857664108,0.09879999972879887,0.24039999636511009,0.3297999952733517,0.2479499964416027,0.4621124267578125,23.754266357421898,98.030137380471,0.8709233316377392,33,2.96142578125,288.2348022460937,13,0.4244455993175506,8,2026-10-06 03:30:00,2026-10-01 23:00:00,1.0
8.74725442685586,76.86606483010792,0.03416155,0.38696599751810234,0.2987648856385768,Moderate,9.879999972879887,36.05999945476651,98.9399985820055,99.17999857664108,0.09879999972879887,0.24039999636511009,0.3297999952733517,0.2479499964416027,0.4621124267578125,23.754266357421898,98.030137380471,0.8709233316377392,47,7.097324371337891,247.0431365966797,1,0.486926257610321,8,2026-10-06 03:30:00,2026-10-01 23:00:00,1.0
8.74725442685586,76.91619082296177,0.08765296,0.4646656617249052,0.3704124862936789,Moderate,24.80999967455864,65.64999905787408,111.52999747358263,111.58999747037888,0.2480999967455864,0.43766666038582724,0.37176665824527544,0.2789749936759472,0.4621124267578125,23.754266357421898,98.030137380471,0.8709233316377392,138,1.319177508354187,314.66485595703125,12,0.7804173231124878,8,2026-10-06 03:30:00,2026-10-01 23:00:00,1.0
8.74725442685586,76.9660473212304,0.114755996,0.4646656617249052,0.3771882452936789,Moderate,24.80999967455864,65.64999905787408,111.52999747358263,111.58999747037888,0.2480999967455864,0.43766666038582724,0.37176665824527544,0.2789749936759472,0.4621124267578125,23.754266357421898,98.030137380471,0.8709233316377392,130,13.075408935546877,154.96884155273438,0,0.8208661675453186,8,2026-10-06 03:30:00,2026-10-01 23:00:00,1.0
8.74725442685586,77.01617331408426,0.12417914,0.41996666234123214,0.3460197817559241,Moderate,18.35999958217144,60.45999912917614,91.26999803259969,91.47999802604318,0.1835999958217144,0.40306666086117426,0.30423332677533227,0.22869999506510794,0.4627838134765625,23.058953857421898,98.99945120530346,0.6463349596396485,70,12.015183448791504,302.1683349609375,18,0.7713708877563477,8,2026-10-06 03:30:00,2026-10-01 23:00:00,1.0
8.74725442685586,77.0660298123529,0.114523485,0.41996666234123214,0.34360586800592413,Moderate,18.35999958217144,60.45999912917614,91.26999803259969,91.47999802604318,0.1835999958217144,0.40306666086117426,0.30423332677533227,0.22869999506510794,0.4627838134765625,23.058953857421898,98.99945120530346,0.6463349596396485,148,4.627367496490479,0.0,21,0.7402963042259216,2,2026-10-06 03:30:00,2026-10-01 23:00:00,1.0
8.74725442685586,77.1161558052068,0.6739704,0.29919166397452357,0.39288634798089267,Moderate,6.479999780654907,21.189999405294657,48.729998763650656,49.28999873995781,0.06479999780654908,0.1412666627019644,0.16243332921216885,0.12322499684989452,0.4579620361328125,21.586297607421898,99.27288689766148,0.5000214203714755,507,21.25703239440918,104.4579849243164,-7,0.8262975215911865,2,2026-10-06 03:30:00,2026-10-01 23:00:00,1.0
8.74725442685586,77.16601230347544,0.634998,0.31426699811251213,0.3944497485843841,Moderate,5.169999852776527,13.079999648034573,68.9499990735203,69.62999904714525,0.05169999852776527,0.08719999765356382,0.22983333024506766,0.17407499761786313,0.427764892578125,20.631219482421898,97.79466853235282,0.1708251590066485,1174,30.753080368041992,26.13045310974121,-3,0.8119239211082458,2,2026-10-06 03:30:00,2026-10-01 23:00:00,1.0
8.74725442685586,77.21613829632929,0.2612559,0.31426699811251213,0.3010142235843841,Moderate,5.169999852776527,13.079999648034573,68.9499990735203,69.62999904714525,0.05169999852776527,0.08719999765356382,0.22983333024506766,0.17407499761786313,0.427764892578125,20.631219482421898,97.79466853235282,0.1708251590066485,1182,15.678338050842283,54.77875900268555,-17,0.8068228363990784,2,2026-10-06 03:30:00,2026-10-01 23:00:00,1.0
8.74725442685586,77.26599479459793,0.121960714,0.2871169973677645,0.2458279265258234,Low,8.71999972872436,12.29999957792461,42.93999875150621,44.40999871864915,0.0871999972872436,0.08199999718616406,0.14313332917168736,0.11102499679662287,0.3127288818359375,22.010125732421898,96.66686828771228,0.1371827441451224,1039,39.65700912475586,111.7793426513672,42,0.5445364117622375,2,2026-10-06 03:30:00,2026-10-01 23:00:00,1.0
8.74725442685586,77.31612078745178,0.032556336,0.2871169973677645,0.22347683202582339,Low,8.71999972872436,12.29999957792461,42.93999875150621,44.40999871864915,0.0871999972872436,0.08199999718616406,0.14313332917168736,0.11102499679662287,0.3127288818359375,22.010125732421898,96.66686828771228,0.1371827441451224,439,28.010543823242188,31.5618953704834,16,0.8092879056930542,2,2026-10-06 03:30:00,2026-10-01 23:00:00,1.0
8.74725442685586,77.36597728572042,0.0018885595,0.2696019420292229,0.20267359639691718,Low,8.71999972872436,12.29999957792461,42.93999875150621,44.40999871864915,0.0871999972872436,0.08199999718616406,0.14313332917168736,0.11102499679662287,0.2737274169921875,25.312860107421898,92.21536884725089,0.2701206611853445,117,0.9274099469184875,0.0,-2,0.4902298748493194,10,2026-10-06 03:30:00,2026-10-01 23:00:00,0.9124247233072917
8.797380419709732,76.66609984786288,0.010046065,0.2867877239446466,0.21760230920848495,Low,3.569999871775508,28.179999312385917,84.28999825380743,84.58999823592603,0.03569999871775508,0.18786666208257277,0.28096666084602473,0.21147499558981508,0.2097930908203125,25.014031982421898,95.5139682267762,1.400304620235745,18,3.95222282409668,225.3390350341797,2,0.6814048290252686,8,2026-10-06 03:30:00,2026-10-01 23:00:00,0.699310302734375
8.797380419709732,76.71622584071679,0.006963558,0.32299166472349317,0.24398463804261988,Low,6.7299999594688416,17.67999971844256,69.60999880172312,69.9699987936765,0.06729999959468841,0.11786666478961706,0.23203332933907708,0.17492499698419123,0.427825927734375,24.910516357421898,95.58895918774142,1.265200321611875,65,1.3192678689956665,314.6609802246094,-1,0.8252192139625549,14,2026-10-06 03:30:00,2026-10-01 23:00:00,1.0
8.797380419709732,76.76608233898543,0.018342959,0.32299166472349317,0.2468294882926199,Low,6.7299999594688416,17.67999971844256,69.60999880172312,69.9699987936765,0.06729999959468841,0.11786666478961706,0.23203332933907708,0.17492499698419123,0.427825927734375,24.910516357421898,95.58895918774142,1.265200321611875,54,0.9384487867355348,270.0,0,0.6049463152885437,14,2026-10-06 03:30:00,2026-10-01 23:00:00,1.0
8.797380419709732,76.81620833183928,0.06298104,0.38696599751810234,0.30596975813857674,Moderate,9.879999972879887,36.05999945476651,98.9399985820055,99.17999857664108,0.09879999972879887,0.24039999636511009,0.3297999952733517,0.2479499964416027,0.4621124267578125,23.754266357421898,98.030137380471,0.8709233316377392,80,11.10188102722168,228.7029266357422,5,0.7528089880943298,8,2026-10-06 03:30:00,2026-10-01 23:00:00,1.0
8.797380419709732,76.86606483010792,0.15907598,0.38696599751810234,0.32999349313857673,Moderate,9.879999972879887,36.05999945476651,98.9399985820055,99.17999857664108,0.09879999972879887,0.24039999636511009,0.3297999952733517,0.2479499964416027,0.4621124267578125,23.754266357421898,98.030137380471,0.8709233316377392,119,12.801393508911133,355.86590576171875,0,0.7297987937927246,8,2026-10-06 03:30:00,2026-10-01 23:00:00,1.0
8.797380419709732,76.91619082296177,0.022886453,0.4646656617249052,0.3542208595436789,Moderate,24.80999967455864,65.64999905787408,111.52999747358263,111.58999747037888,0.2480999967455864,0.43766666038582724,0.37176665824527544,0.2789749936759472,0.4621124267578125,23.754266357421898,98.030137380471,0.8709233316377392,108,1.876394391059876,90.0,-15,0.8262941837310791,8,2026-10-06 03:30:00,2026-10-01 23:00:00,1.0
8.797380419709732,76.9660473212304,0.19772701,0.4646656617249052,0.3979309987936789,Moderate,24.80999967455864,65.64999905787408,111.52999747358263,111.58999747037888,0.2480999967455864,0.43766666038582724,0.37176665824527544,0.2789749936759472,0.4621124267578125,23.754266357421898,98.030137380471,0.8709233316377392,201,9.989520072937012,291.568603515625,11,0.4103565514087677,8,2026-10-06 03:30:00,2026-10-01 23:00:00,1.0
8.797380419709732,77.01617331408426,0.1188897,0.41996666234123214,0.3446974217559241,Moderate,18.35999958217144,60.45999912917614,91.26999803259969,91.47999802604318,0.1835999958217144,0.40306666086117426,0.30423332677533227,0.22869999506510794,0.4627838134765625,23.058953857421898,98.99945120530346,0.6463349596396485,107,13.24578094482422,236.62217712402344,-1,0.8227929472923279,8,2026-10-06 03:30:00,2026-10-01 23:00:00,1.0
8.797380419709732,77.0660298123529,0.3915677,0.41996666234123214,0.4128669217559241,Moderate,18.35999958217144,60.45999912917614,91.26999803259969,91.47999802604318,0.1835999958217144,0.40306666086117426,0.30423332677533227,0.22869999506510794,0.4627838134765625,23.058953857421898,98.99945120530346,0.6463349596396485,302,23.49246025085449,250.416244506836,-19,0.7919847369194031,2,2026-10-06 03:30:00,2026-10-01 23:00:00,1.0
8.797380419709732,77.1161558052068,0.5275303,0.29919166397452357,0.3562763229808927,Moderate,6.479999780654907,21.189999405294657,48.729998763650656,49.28999873995781,0.06479999780654908,0.1412666627019644,0.16243332921216885,0.12322499684989452,0.4579620361328125,21.586297607421898,99.27288689766148,0.5000214203714755,205,17.37535285949707,84.0611801147461,44,0.8117474913597107,2,2026-10-06 03:30:00,2026-10-01 23:00:00,1.0
8.797380419709732,77.16601230347544,0.301603,0.31426699811251213,0.3111009985843841,Moderate,5.169999852776527,13.079999648034573,68.9499990735203,69.62999904714525,0.05169999852776527,0.08719999765356382,0.22983333024506766,0.17407499761786313,0.427764892578125,20.631219482421898,97.79466853235282,0.1708251590066485,294,29.25190734863281,22.34689712524414,29,0.7463506460189819,2,2026-10-06 03:30:00,2026-10-01 23:00:00,1.0
8.797380419709732,77.21613829632929,0.0433741,0.31426699811251213,0.2465437735843841,Low,5.169999852776527,13.079999648034573,68.9499990735203,69.62999904714525,0.05169999852776527,0.08719999765356382,0.22983333024506766,0.17407499761786313,0.427764892578125,20.631219482421898,97.79466853235282,0.1708251590066485,1330,25.623458862304688,348.17535400390625,-10,0.7916570901870728,2,2026-10-06 03:30:00,2026-10-01 23:00:00,1.0
8.797380419709732,77.26599479459793,0.08564944,0.2871169973677645,0.23675010802582339,Low,8.71999972872436,12.29999957792461,42.93999875150621,44.40999871864915,0.0871999972872436,0.08199999718616406,0.14313332917168736,0.11102499679662287,0.3127288818359375,22.010125732421898,96.66686828771228,0.1371827441451224,1133,33.38605117797852,75.78089904785156,17,0.6296411156654358,2,2026-10-06 03:30:00,2026-10-01 23:00:00,1.0
8.797380419709732,77.31612078745178,0.0017325364,0.2871169973677645,0.2157708821258234,Low,8.71999972872436,12.29999957792461,42.93999875150621,44.40999871864915,0.0871999972872436,0.08199999718616406,0.14313332917168736,0.11102499679662287,0.3127288818359375,22.010125732421898,96.66686828771228,0.1371827441451224,108,4.720760822296143,168.5589599609375,-4,0.703574538230896,12,2026-10-06 03:30:00,2026-10-01 23:00:00,1.0
8.797380419709732,77.36597728572042,0.0022159668,0.2696019420292229,0.20275544822191718,Low,8.71999972872436,12.29999957792461,42.93999875150621,44.40999871864915,0.0871999972872436,0.08199999718616406,0.14313332917168736,0.11102499679662287,0.2737274169921875,25.312860107421898,92.21536884725089,0.2701206611853445,108,0.9384487867355348,270.0,15,0.5590235590934753,12,2026-10-06 03:30:00,2026-10-01 23:00:00,0.9124247233072917
8.847236917978364,76.61597385500903,0.0033628852,0.23938172350345802,0.18037701392759353,Low,0.8899999856948853,26.829998914152384,53.16999805904925,53.16999805904925,0.008899999856948853,0.17886665942768257,0.1772333268634975,0.13292499514762313,0.2097930908203125,25.014031982421898,95.5139682267762,1.400304620235745,0,0.0,0.0,0,-0.1216545030474662,17,2026-10-06 03:30:00,2026-10-01 23:00:00,0.699310302734375
8.847236917978364,76.66609984786288,0.0074858335,0.31245605613502364,0.23621350047626774,Low,6.110000014305115,42.47999842837453,88.4899978749454,88.53999787196517,0.06110000014305115,0.28319998952249686,0.2949666595831513,0.22134999467991293,0.2097930908203125,25.014031982421898,95.5139682267762,1.400304620235745,5,4.662947654724121,233.458724975586,-9,-0.1590594798326492,11,2026-10-06 03:30:00,2026-10-01 23:00:00,0.699310302734375
8.847236917978364,76.71622584071679,0.044697147,0.3743486656292652,0.2919357859719489,Moderate,11.910000130534172,38.31999989040196,84.2799990940839,84.4599990863353,0.11910000130534172,0.2554666659360131,0.280933330313613,0.21114999771583826,0.427825927734375,24.910516357421898,95.58895918774142,1.265200321611875,47,3.821191549301148,345.8015441894531,-2,0.6728182435035706,14,2026-10-06 03:30:00,2026-10-01 23:00:00,1.0
8.847236917978364,76.76608233898543,0.07036718,0.3743486656292652,0.29835329422194895,Moderate,11.910000130534172,38.31999989040196,84.2799990940839,84.4599990863353,0.11910000130534172,0.2554666659360131,0.280933330313613,0.21114999771583826,0.427825927734375,24.910516357421898,95.58895918774142,1.265200321611875,49,7.4575347900390625,210.04119873046875,-8,0.7258732914924622,8,2026-10-06 03:30:00,2026-10-01 23:00:00,1.0
8.847236917978364,76.81620833183928,0.024971198,0.43321866321687896,0.33115679691265926,Moderate,10.93999975733459,48.69999919459224,122.48999838531017,122.7999983727932,0.1093999975733459,0.32466666129728156,0.40829999461770056,0.306999995931983,0.4621124267578125,23.754266357421898,98.030137380471,0.8709233316377392,22,6.212394237518311,206.84034729003903,0,0.7263045907020569,8,2026-10-06 03:30:00,2026-10-01 23:00:00,1.0
8.847236917978364,76.86606483010792,0.6176799,0.43321866321687896,0.47933397241265924,Moderate,10.93999975733459,48.69999919459224,122.48999838531017,122.7999983727932,0.1093999975733459,0.32466666129728156,0.40829999461770056,0.306999995931983,0.4621124267578125,23.754266357421898,98.030137380471,0.8709233316377392,83,21.82368469238281,338.3956298828125,-19,0.5602294206619263,8,2026-10-06 03:30:00,2026-10-01 23:00:00,1.0
8.847236917978364,76.91619082296177,0.06107647,0.4438156610821684,0.3481308633116263,Moderate,18.819999679923058,55.47999883629382,112.7899971678853,113.52999712526798,0.18819999679923058,0.36986665890862547,0.37596665722628436,0.28382499281317,0.4621124267578125,23.754266357421898,98.030137380471,0.8709233316377392,154,3.861639499664306,76.124267578125,-8,0.5148872137069702,8,2026-10-06 03:30:00,2026-10-01 23:00:00,1.0
8.847236917978364,76.9660473212304,0.03107375,0.4438156610821684,0.3406301833116263,Moderate,18.819999679923058,55.47999883629382,112.7899971678853,113.52999712526798,0.18819999679923058,0.36986665890862547,0.37596665722628436,0.28382499281317,0.4621124267578125,23.754266357421898,98.030137380471,0.8709233316377392,164,2.962146282196045,288.2301940917969,-2,0.3343476951122284,8,2026-10-06 03:30:00,2026-10-01 23:00:00,1.0
8.847236917978364,77.01617331408426,0.100352325,0.37044166401208695,0.30291932925906523,Moderate,11.419999904930592,35.13999964855611,84.4299983959645,85.14999838732183,0.11419999904930592,0.23426666432370744,0.28143332798654835,0.2128749959683046,0.4627838134765625,23.058953857421898,98.99945120530346,0.6463349596396485,174,5.409339904785156,148.7328338623047,-3,0.8212816715240479,2,2026-10-06 03:30:00,2026-10-01 23:00:00,1.0
8.847236917978364,77.0660298123529,0.049967173,0.37044166401208695,0.2903230412590652,Moderate,11.419999904930592,35.13999964855611,84.4299983959645,85.14999838732183,0.11419999904930592,0.23426666432370744,0.28143332798654835,0.2128749959683046,0.4627838134765625,23.058953857421898,98.99945120530346,0.6463349596396485,155,8.25814151763916,153.15965270996094,9,0.7156388759613037,2,2026-10-06 03:30:00,2026-10-01 23:00:00,1.0
8.847236917978364,77.1161558052068,0.16913511,0.32761166523421803,0.28799252642566353,Moderate,6.580000013113022,18.219999643042684,72.88999918103218,73.40999915450811,0.06580000013113022,0.12146666428695123,0.24296666393677394,0.18352499788627027,0.4579620361328125,21.586297607421898,99.27288689766148,0.5000214203714755,503,14.258630752563477,255.23843383789065,8,0.8288205862045288,2,2026-10-06 03:30:00,2026-10-01 23:00:00,1.0
8.847236917978364,77.16601230347544,0.11591915,0.35651799651160837,0.2963682848837063,Moderate,4.539999887347221,19.229999497532845,97.46999790519476,97.89999789744616,0.045399998873472215,0.12819999665021897,0.32489999301731587,0.2447499947436154,0.427764892578125,20.631219482421898,97.79466853235282,0.1708251590066485,914,22.294492721557617,198.6416778564453,24,0.816085159778595,2,2026-10-06 03:30:00,2026-10-01 23:00:00,1.0
8.847236917978364,77.21613829632929,0.036087282,0.35651799651160837,0.2764103178837063,Moderate,4.539999887347221,19.229999497532845,97.46999790519476,97.89999789744616,0.045399998873472215,0.12819999665021897,0.32489999301731587,0.2447499947436154,0.427764892578125,20.631219482421898,97.79466853235282,0.1708251590066485,632,28.23892402648925,25.28070831298828,0,0.8485813140869141,2,2026-10-06 03:30:00,2026-10-01 23:00:00,1.0
8.847236917978364,77.26599479459793,0.06679428,0.30099799699423213,0.2424470677456741,Low,16.859999433159828,21.329999351873994,34.06999909505248,34.53999908640981,0.16859999433159828,0.14219999567915995,0.11356666365017494,0.08634999771602452,0.3127288818359375,22.010125732421898,96.66686828771228,0.1371827441451224,1438,25.259145736694336,16.127471923828125,-14,0.8168627619743347,8,2026-10-06 03:30:00,2026-10-01 23:00:00,1.0
8.847236917978364,77.31612078745178,0.014136582,0.30099799699423213,0.2292826432456741,Low,16.859999433159828,21.329999351873994,34.06999909505248,34.53999908640981,0.16859999433159828,0.14219999567915995,0.11356666365017494,0.08634999771602452,0.3127288818359375,22.010125732421898,96.66686828771228,0.1371827441451224,187,7.437014579772949,352.79010009765625,-2,0.3423860371112823,10,2026-10-06 03:30:00,2026-10-01 23:00:00,1.0
8.847236917978364,77.36597728572042,0.0014799006,0.2834829416556905,0.21298218139176786,Low,16.859999433159828,21.329999351873994,34.06999909505248,34.53999908640981,0.16859999433159828,0.14219999567915995,0.11356666365017494,0.08634999771602452,0.2737274169921875,25.312860107421898,92.21536884725089,0.2701206611853445,131,0.9274099469184875,180.0,1,0.3750504553318023,12,2026-10-06 03:30:00,2026-10-01 23:00:00,0.9124247233072917
8.897362910832236,76.56611735674039,0.004737691,0.33209592793776344,0.2502563687033226,Moderate,3.0699998512864113,45.159999342635274,103.65999742038548,104.0699974168092,0.03069999851286411,0.3010666622842352,0.3455333247346183,0.260174993542023,0.2142333984375,25.541375732421898,94.9311060456024,1.4443211585164413,17,0.0,0.0,-2,0.2906793057918548,13,2026-10-06 03:30:00,2026-10-01 23:00:00,0.714111328125
8.897362910832236,76.61597385500903,0.0072393576,0.33209592793776344,0.25088178535332256,Moderate,3.0699998512864113,45.159999342635274,103.65999742038548,104.0699974168092,0.03069999851286411,0.3010666622842352,0.3455333247346183,0.260174993542023,0.2142333984375,25.541375732421898,94.9311060456024,1.4443211585164413,19,3.352869033813477,145.98904418945312,-4,0.6676480174064636,13,2026-10-06 03:30:00,2026-10-01 23:00:00,0.714111328125
8.897362910832236,76.66609984786288,0.0109994635,0.3549688810952008,0.2689765266964006,Moderate,9.829999905079603,50.3399989195168,96.86999820917845,97.86999820917845,0.09829999905079603,0.33559999279677866,0.32289999403059483,0.2446749955229461,0.2327728271484375,24.719110107421898,96.89173608057186,1.2001650988953705,38,3.862136602401733,256.1260986328125,0,0.4128513932228088,14,2026-10-06 03:30:00,2026-10-01 23:00:00,0.775909423828125
8.897362910832236,76.71622584071679,0.027310535,0.4824519956185793,0.3686666304639345,Moderate,16.939999224618077,58.379998998716474,142.94999864138663,143.87999864853919,0.16939999224618077,0.3891999933247765,0.47649999547128874,0.35969999662134794,0.4356231689453125,24.517938232421898,96.98948787524463,1.0030431397450277,16,8.54726505279541,130.25888061523438,-3,0.6193353533744812,14,2026-10-06 03:30:00,2026-10-01 23:00:00,1.0
8.897362910832236,76.76608233898543,0.23820691,0.4824519956185793,0.4213907242139345,Moderate,16.939999224618077,58.379998998716474,142.94999864138663,143.87999864853919,0.16939999224618077,0.3891999933247765,0.47649999547128874,0.35969999662134794,0.4356231689453125,24.517938232421898,96.98948787524463,1.0030431397450277,52,13.188817024230955,34.01095199584961,4,0.6510691046714783,8,2026-10-06 03:30:00,2026-10-01 23:00:00,1.0
8.897362910832236,76.81620833183928,0.14555427,0.49439699073284865,0.4071863105496365,Moderate,13.039999440312386,75.56999784708023,144.22999550402164,144.64999549090862,0.13039999440312386,0.5037999856472015,0.48076665168007215,0.36162498872727156,0.4562225341796875,23.562860107421898,98.3052931919172,0.7890408274779648,102,9.265737533569336,53.46247863769531,-5,0.760168731212616,8,2026-10-06 03:30:00,2026-10-01 23:00:00,1.0
8.897362910832236,76.86606483010792,0.06975174,0.49439699073284865,0.3882356780496365,Moderate,13.039999440312386,75.56999784708023,144.22999550402164,144.64999549090862,0.13039999440312386,0.5037999856472015,0.48076665168007215,0.36162498872727156,0.4562225341796875,23.562860107421898,98.3052931919172,0.7890408274779648,69,5.263869762420654,45.3468132019043,13,0.7455705404281616,8,2026-10-06 03:30:00,2026-10-01 23:00:00,1.0
8.897362910832236,76.91619082296177,0.069553226,0.46387099560940026,0.3652915532070502,Moderate,20.34999969601631,55.0499988719821,126.31999801844358,126.78999801166356,0.2034999969601631,0.36699999247988063,0.42106666006147864,0.3169749950291589,0.4562225341796875,23.562860107421898,98.3052931919172,0.7890408274779648,83,2.0780978202819824,333.156494140625,-2,0.3341149985790252,8,2026-10-06 03:30:00,2026-10-01 23:00:00,1.0
8.897362910832236,76.9660473212304,0.12350812,0.46387099560940026,0.37878027670705017,Moderate,20.34999969601631,55.0499988719821,126.31999801844358,126.78999801166356,0.2034999969601631,0.36699999247988063,0.42106666006147864,0.3169749950291589,0.4562225341796875,23.562860107421898,98.3052931919172,0.7890408274779648,133,8.28909969329834,180.0,-6,0.7584348320960999,2,2026-10-06 03:30:00,2026-10-01 23:00:00,1.0
8.897362910832236,77.01617331408426,0.30402523,0.3822766646536067,0.36271380599020503,Moderate,13.979999795556068,28.98999936506152,94.67999929375947,95.2999992761761,0.1397999979555607,0.19326666243374346,0.3155999976458649,0.23824999819044024,0.449188232421875,22.816766357421898,99.40903801819398,0.6549371578785085,170,10.784154891967772,59.34138870239258,8,0.8099926114082336,8,2026-10-06 03:30:00,2026-10-01 23:00:00,1.0
8.897362910832236,77.0660298123529,0.07540143,0.3822766646536067,0.3055578559902051,Moderate,13.979999795556068,28.98999936506152,94.67999929375947,95.2999992761761,0.1397999979555607,0.19326666243374346,0.3155999976458649,0.23824999819044024,0.449188232421875,22.816766357421898,99.40903801819398,0.6549371578785085,151,2.637500286102295,225.3468170166016,-11,0.7808451652526855,8,2026-10-06 03:30:00,2026-10-01 23:00:00,1.0
8.897362910832236,77.1161558052068,0.10938759,0.3498733297102774,0.2897518947827081,Moderate,4.799999833106995,20.689999477937818,90.42999791353941,91.71999787352979,0.047999998331069944,0.13793332985291878,0.3014333263784647,0.22929999468382448,0.452880859375,21.553094482421898,99.7367434140643,0.5876970419484341,208,7.45778751373291,210.0446014404297,-28,0.7860373258590698,2,2026-10-06 03:30:00,2026-10-01 23:00:00,1.0
8.897362910832236,77.16601230347544,0.001307424,0.2998573305393259,0.2252198539044944,Low,0.26999998092651367,9.619999954476953,68.36999792046845,68.71999791264534,0.002699999809265137,0.06413333302984635,0.22789999306822817,0.17179999478161334,0.429718017578125,21.295281982421898,98.31171336472502,0.2402113237436464,108,0.0,0.0,0,-0.1439443677663803,11,2026-10-06 03:30:00,2026-10-01 23:00:00,1.0
8.897362910832236,77.21613829632929,0.008483984,0.2998573305393259,0.2270139939044944,Low,0.26999998092651367,9.619999954476953,68.36999792046845,68.71999791264534,0.002699999809265137,0.06413333302984635,0.22789999306822817,0.17179999478161334,0.429718017578125,21.295281982421898,98.31171336472502,0.2402113237436464,972,14.716788291931152,266.4665832519531,-16,0.8467006087303162,2,2026-10-06 03:30:00,2026-10-01 23:00:00,1.0
8.897362910832236,77.26599479459793,0.23014064,0.26849209857775524,0.2589042339333164,Moderate,3.01999987103045,11.72999976016581,43.3799991030246,43.54999909736216,0.030199998710304498,0.0781999984011054,0.144599997010082,0.10887499774340541,0.290191650390625,22.732781982421898,95.82556621163135,0.1019491229669751,1229,34.74508285522461,219.6297607421875,-83,0.4819231927394867,2,2026-10-06 03:30:00,2026-10-01 23:00:00,0.9673055013020834
8.897362910832236,77.31612078745178,0.0017421143,0.26849209857775524,0.20180460250831644,Low,3.01999987103045,11.72999976016581,43.3799991030246,43.54999909736216,0.030199998710304498,0.0781999984011054,0.144599997010082,0.10887499774340541,0.290191650390625,22.732781982421898,95.82556621163135,0.1019491229669751,182,1.3194491863250732,134.65318298339844,3,0.5548875331878662,12,2026-10-06 03:30:00,2026-10-01 23:00:00,0.9673055013020834
8.897362910832236,77.36597728572042,0.0019343871,0.2345056890725469,0.1763628635794102,Low,3.01999987103045,11.72999976016581,43.3799991030246,43.54999909736216,0.030199998710304498,0.0781999984011054,0.144599997010082,0.10887499774340541,0.2392120361328125,25.133172607421898,91.58948861196588,0.2032568220517665,150,2.9340085983276367,341.35595703125,3,0.5813196897506714,12,2026-10-06 03:30:00,2026-10-01 23:00:00,0.7973734537760417
8.947219409100867,76.51599136388654,0.0022844654,0.25980459520624327,0.19542456275468245,Low,0.3999999761581421,38.089998841285706,58.10999810136855,58.12999810092151,0.003999999761581421,0.25393332560857135,0.19369999367122848,0.14532499525230377,0.2142333984375,25.541375732421898,94.9311060456024,1.4443211585164413,0,0.0,0.0,0,-0.2910052835941314,17,2026-10-06 03:30:00,2026-10-01 23:00:00,0.714111328125
8.947219409100867,76.56611735674039,0.0024623687,0.33209592793776344,0.2496875381283226,Low,3.0699998512864113,45.159999342635274,103.65999742038548,104.0699974168092,0.03069999851286411,0.3010666622842352,0.3455333247346183,0.260174993542023,0.2142333984375,25.541375732421898,94.9311060456024,1.4443211585164413,2,0.0,0.0,0,-0.2823834121227264,17,2026-10-06 03:30:00,2026-10-01 23:00:00,0.714111328125
8.947219409100867,76.61597385500903,0.009375467,0.33209592793776344,0.2514158127033226,Moderate,3.0699998512864113,45.159999342635274,103.65999742038548,104.0699974168092,0.03069999851286411,0.3010666622842352,0.3455333247346183,0.260174993542023,0.2142333984375,25.541375732421898,94.9311060456024,1.4443211585164413,27,0.938831627368927,90.0,3,0.7043760418891907,14,2026-10-06 03:30:00,2026-10-01 23:00:00,0.714111328125
8.947219409100867,76.66609984786288,0.010509521,0.3549688810952008,0.2688540410714006,Moderate,9.829999905079603,50.3399989195168,96.86999820917845,97.86999820917845,0.09829999905079603,0.33559999279677866,0.32289999403059483,0.2446749955229461,0.2327728271484375,24.719110107421898,96.89173608057186,1.2001650988953705,34,5.4408040046691895,120.65518951416016,-5,0.6690600514411926,14,2026-10-06 03:30:00,2026-10-01 23:00:00,0.775909423828125
8.947219409100867,76.71622584071679,0.021749085,0.4824519956185793,0.3672762679639345,Moderate,16.939999224618077,58.379998998716474,142.94999864138663,143.87999864853919,0.16939999224618077,0.3891999933247765,0.47649999547128874,0.35969999662134794,0.4356231689453125,24.517938232421898,96.98948787524463,1.0030431397450277,39,2.6376819610595703,134.64927673339844,-6,0.475658118724823,8,2026-10-06 03:30:00,2026-10-01 23:00:00,1.0
8.947219409100867,76.76608233898543,0.011156832,0.4824519956185793,0.3646282047139345,Moderate,16.939999224618077,58.379998998716474,142.94999864138663,143.87999864853919,0.16939999224618077,0.3891999933247765,0.47649999547128874,0.35969999662134794,0.4356231689453125,24.517938232421898,96.98948787524463,1.0030431397450277,32,7.041465759277344,23.4536361694336,8,0.7621820569038391,8,2026-10-06 03:30:00,2026-10-01 23:00:00,1.0
8.947219409100867,76.81620833183928,0.03819035,0.49439699073284865,0.3803453305496365,Moderate,13.039999440312386,75.56999784708023,144.22999550402164,144.64999549090862,0.13039999440312386,0.5037999856472015,0.48076665168007215,0.36162498872727156,0.4562225341796875,23.562860107421898,98.3052931919172,0.7890408274779648,82,5.852790832519531,161.35357666015625,-16,0.708289623260498,8,2026-10-06 03:30:00,2026-10-01 23:00:00,1.0
8.947219409100867,76.86606483010792,0.12540813,0.49439699073284865,0.4021497755496365,Moderate,13.039999440312386,75.56999784708023,144.22999550402164,144.64999549090862,0.13039999440312386,0.5037999856472015,0.48076665168007215,0.36162498872727156,0.4562225341796875,23.562860107421898,98.3052931919172,0.7890408274779648,85,6.543807506561279,270.0,-2,0.7836257219314575,8,2026-10-06 03:30:00,2026-10-01 23:00:00,1.0
8.947219409100867,76.91619082296177,0.036257286,0.46387099560940026,0.3569675682070502,Moderate,20.34999969601631,55.0499988719821,126.31999801844358,126.78999801166356,0.2034999969601631,0.36699999247988063,0.42106666006147864,0.3169749950291589,0.4562225341796875,23.562860107421898,98.3052931919172,0.7890408274779648,82,2.9628751277923584,108.2255401611328,1,0.8048937320709229,8,2026-10-06 03:30:00,2026-10-01 23:00:00,1.0
8.947219409100867,76.9660473212304,0.25008968,0.46387099560940026,0.41042566670705016,Moderate,20.34999969601631,55.0499988719821,126.31999801844358,126.78999801166356,0.2034999969601631,0.36699999247988063,0.42106666006147864,0.3169749950291589,0.4562225341796875,23.562860107421898,98.3052931919172,0.7890408274779648,88,12.023094177246094,171.14779663085938,7,0.7194592952728271,8,2026-10-06 03:30:00,2026-10-01 23:00:00,1.0
8.947219409100867,77.01617331408426,0.04187718,0.3822766646536067,0.29717679349020504,Moderate,13.979999795556068,28.98999936506152,94.67999929375947,95.2999992761761,0.1397999979555607,0.19326666243374346,0.3155999976458649,0.23824999819044024,0.449188232421875,22.816766357421898,99.40903801819398,0.6549371578785085,123,0.0,0.0,3,0.7589961886405945,2,2026-10-06 03:30:00,2026-10-01 23:00:00,1.0
8.947219409100867,77.0660298123529,0.37478074,0.3822766646536067,0.38040268349020506,Moderate,13.979999795556068,28.98999936506152,94.67999929375947,95.2999992761761,0.1397999979555607,0.19326666243374346,0.3155999976458649,0.23824999819044024,0.449188232421875,22.816766357421898,99.40903801819398,0.6549371578785085,122,14.117559432983398,195.1069793701172,18,0.7604004740715027,8,2026-10-06 03:30:00,2026-10-01 23:00:00,1.0
8.947219409100867,77.1161558052068,0.41576225,0.3498733297102774,0.36634555978270805,Moderate,4.799999833106995,20.689999477937818,90.42999791353941,91.71999787352979,0.047999998331069944,0.13793332985291878,0.3014333263784647,0.22929999468382448,0.452880859375,21.553094482421898,99.7367434140643,0.5876970419484341,444,21.54038429260254,199.397705078125,-8,0.7971929907798767,2,2026-10-06 03:30:00,2026-10-01 23:00:00,1.0
8.947219409100867,77.16601230347544,0.07298826,0.2998573305393259,0.24314006290449441,Low,0.26999998092651367,9.619999954476953,68.36999792046845,68.71999791264534,0.002699999809265137,0.06413333302984635,0.22789999306822817,0.17179999478161334,0.429718017578125,21.295281982421898,98.31171336472502,0.2402113237436464,583,16.437528610229492,289.220947265625,-39,0.757263720035553,2,2026-10-06 03:30:00,2026-10-01 23:00:00,1.0
8.947219409100867,77.21613829632929,0.011560666,0.2998573305393259,0.22778316440449442,Low,0.26999998092651367,9.619999954476953,68.36999792046845,68.71999791264534,0.002699999809265137,0.06413333302984635,0.22789999306822817,0.17179999478161334,0.429718017578125,21.295281982421898,98.31171336472502,0.2402113237436464,202,10.78521728515625,300.6551818847656,-11,0.6895118355751038,8,2026-10-06 03:30:00,2026-10-01 23:00:00,1.0
8.947219409100867,77.26599479459793,0.0041826726,0.26849209857775524,0.20241474208331645,Low,3.01999987103045,11.72999976016581,43.3799991030246,43.54999909736216,0.030199998710304498,0.0781999984011054,0.144599997010082,0.10887499774340541,0.290191650390625,22.732781982421898,95.82556621163135,0.1019491229669751,165,3.953036069869995,45.35071563720703,1,0.5599639415740967,12,2026-10-06 03:30:00,2026-10-01 23:00:00,0.9673055013020834
8.947219409100867,77.31612078745178,0.0025790145,0.26849209857775524,0.20201382755831643,Low,3.01999987103045,11.72999976016581,43.3799991030246,43.54999909736216,0.030199998710304498,0.0781999984011054,0.144599997010082,0.10887499774340541,0.290191650390625,22.732781982421898,95.82556621163135,0.1019491229669751,144,1.3195401430130005,134.64927673339844,-1,0.4058451354503631,14,2026-10-06 03:30:00,2026-10-01 23:00:00,0.9673055013020834
8.947219409100867,77.36597728572042,0.0013134624,0.2345056890725469,0.17620763240441017,Low,3.01999987103045,11.72999976016581,43.3799991030246,43.54999909736216,0.030199998710304498,0.0781999984011054,0.144599997010082,0.10887499774340541,0.2392120361328125,25.133172607421898,91.58948861196588,0.2032568220517665,142,1.3195401430130005,45.35071563720703,5,0.3781477212905884,12,2026-10-06 03:30:00,2026-10-01 23:00:00,0.7973734537760417
8.997345401954739,76.51599136388654,0.002009187,0.3601149817577253,0.270588533068294,Moderate,0.5399999618530273,69.23999944888055,100.279998999089,100.35999899730086,0.005399999618530274,0.46159999632587034,0.3342666633302967,0.25089999749325215,0.2321624755859375,25.617547607421898,95.54481014479036,1.284793698427115,0,0.0,0.0,0,-0.2982114255428314,17,2026-10-06 03:30:00,2026-10-01 23:00:00,0.7738749186197917
8.997345401954739,76.56611735674039,0.010091292,0.33540265123347446,0.25407481142510585,Moderate,3.899999961256981,51.939998514950275,101.7499969266355,102.11999690532684,0.03899999961256981,0.34626665676633517,0.33916665642211835,0.2552999922633171,0.2096099853515625,24.969110107421898,96.70499051475292,1.0944355861426671,14,3.863131046295166,76.12975311279297,12,0.6436694860458374,8,2026-10-06 03:30:00,2026-10-01 23:00:00,0.698699951171875
8.997345401954739,76.61597385500903,0.0049933568,0.33540265123347446,0.25280032762510585,Moderate,3.899999961256981,51.939998514950275,101.7499969266355,102.11999690532684,0.03899999961256981,0.34626665676633517,0.33916665642211835,0.2552999922633171,0.2096099853515625,24.969110107421898,96.70499051475292,1.0944355861426671,10,2.0936944484710693,296.2823791503906,-4,0.7456876635551453,11,2026-10-06 03:30:00,2026-10-01 23:00:00,0.698699951171875
8.997345401954739,76.66609984786288,0.06932373,0.40257466414626686,0.31926193060970015,Moderate,9.759999945759773,47.679999232292175,101.36999878101051,102.19999876432121,0.09759999945759773,0.3178666615486145,0.33789999593670167,0.255499996910803,0.4216461181640625,24.652703857421898,97.311217369393,0.9507715767592289,27,8.258824348449707,333.150146484375,-7,0.6841261386871338,14,2026-10-06 03:30:00,2026-10-01 23:00:00,1.0
8.997345401954739,76.71622584071679,0.068942554,0.3999776619318252,0.3172188849488689,Moderate,15.839999675750732,39.099998984485865,97.26999769732356,97.54999767802656,0.15839999675750732,0.26066665989657245,0.3242333256577452,0.2438749941950664,0.4279937744140625,24.199578857421898,97.97908462107266,0.8455481753126322,51,7.992285251617432,305.2028503417969,-6,0.6949345469474792,8,2026-10-06 03:30:00,2026-10-01 23:00:00,1.0
8.997345401954739,76.76608233898543,0.24092914,0.3999776619318252,0.3602155314488689,Moderate,15.839999675750732,39.099998984485865,97.26999769732356,97.54999767802656,0.15839999675750732,0.26066665989657245,0.3242333256577452,0.2438749941950664,0.4279937744140625,24.199578857421898,97.97908462107266,0.8455481753126322,59,11.031085968017578,355.17730712890625,-9,0.4691577553749084,14,2026-10-06 03:30:00,2026-10-01 23:00:00,1.0
8.997345401954739,76.81620833183928,0.027314601,0.4802736566334963,0.3670338927251222,Moderate,15.879999486729503,66.90999772399664,136.20999494194984,136.3499949350953,0.158799994867295,0.44606665149331093,0.45403331647316614,0.3408749873377383,0.4439544677734375,23.332391357421898,98.24431918182086,0.825532772224861,66,2.7802884578704834,180.0,9,0.7815534472465515,8,2026-10-06 03:30:00,2026-10-01 23:00:00,1.0
8.997345401954739,76.86606483010792,0.020468554,0.4802736566334963,0.3653223809751222,Moderate,15.879999486729503,66.90999772399664,136.20999494194984,136.3499949350953,0.158799994867295,0.44606665149331093,0.45403331647316614,0.3408749873377383,0.4439544677734375,23.332391357421898,98.24431918182086,0.825532772224861,62,2.934090614318848,198.6488037109375,5,0.6028322577476501,8,2026-10-06 03:30:00,2026-10-01 23:00:00,1.0
8.997345401954739,76.91619082296177,0.5501691,0.43869432578614603,0.46656301933960953,Moderate,20.61999973654747,41.95999915339053,117.38999529741704,117.56999528966844,0.2061999973654747,0.2797333276892702,0.39129998432472346,0.2939249882241711,0.4439544677734375,23.332391357421898,98.24431918182086,0.825532772224861,132,12.326892852783203,102.84005737304688,-14,0.4137288630008697,8,2026-10-06 03:30:00,2026-10-01 23:00:00,1.0
8.997345401954739,76.9660473212304,0.042591568,0.43869432578614603,0.33966863633960953,Moderate,20.61999973654747,41.95999915339053,117.38999529741704,117.56999528966844,0.2061999973654747,0.2797333276892702,0.39129998432472346,0.2939249882241711,0.4439544677734375,23.332391357421898,98.24431918182086,0.825532772224861,39,8.340651512145996,6.418518543243408,-9,0.8108519315719604,8,2026-10-06 03:30:00,2026-10-01 23:00:00,1.0
8.997345401954739,77.01617331408426,0.8336731,0.4296206621147072,0.5306337715860303,High,9.02999971434474,56.409999284893274,115.89999753423035,117.33999750949442,0.0902999971434474,0.3760666618992885,0.3863333251141012,0.29334999377373605,0.4442138671875,22.615594482421898,99.1136917654242,0.7217329444652627,183,26.931764602661133,333.150146484375,-1,0.7620967030525208,8,2026-10-06 03:30:00,2026-10-01 23:00:00,1.0
8.997345401954739,77.0660298123529,0.906444,0.4296206621147072,0.5488264965860303,High,9.02999971434474,56.409999284893274,115.89999753423035,117.33999750949442,0.0902999971434474,0.3760666618992885,0.3863333251141012,0.29334999377373605,0.4442138671875,22.615594482421898,99.1136917654242,0.7217329444652627,409,12.76917839050293,180.0,-9,0.6680428385734558,8,2026-10-06 03:30:00,2026-10-01 23:00:00,1.0
8.997345401954739,77.1161558052068,0.8214163,0.40061932992140453,0.5058185724410534,High,7.049999829381704,23.839999340474606,123.54999818652868,124.49999816715717,0.07049999829381705,0.15893332893649736,0.4118333272884289,0.31124999541789294,0.449737548828125,22.166375732421898,99.1225022579587,0.5950880568421345,577,23.997257232666016,96.26280212402344,6,0.8004061579704285,2,2026-10-06 03:30:00,2026-10-01 23:00:00,1.0
8.997345401954739,77.16601230347544,0.9515073,0.3280099973546962,0.48388432301602213,Moderate,3.139999896287918,13.229999601840973,82.75999845191836,82.81999845057726,0.03139999896287918,0.08819999734560649,0.27586666150639455,0.20704999612644315,0.3914947509765625,22.652703857421898,96.30365679413586,0.3125794316332882,363,31.5556583404541,80.90039825439453,1,0.7688841819763184,8,2026-10-06 03:30:00,2026-10-01 23:00:00,1.0
8.997345401954739,77.21613829632929,0.0030122418,0.3280099973546962,0.24676055846602218,Low,3.139999896287918,13.229999601840973,82.75999845191836,82.81999845057726,0.03139999896287918,0.08819999734560649,0.27586666150639455,0.20704999612644315,0.3914947509765625,22.652703857421898,96.30365679413586,0.3125794316332882,181,0.9274099469184875,0.0,4,0.7053108811378479,14,2026-10-06 03:30:00,2026-10-01 23:00:00,1.0
8.997345401954739,77.26599479459793,0.0073912605,0.2471092936921244,0.1871797853940933,Low,1.4199999794363976,6.599999887868762,46.53999917767942,46.53999917767942,0.014199999794363975,0.04399999925245841,0.15513333059226472,0.11634999794419855,0.2650909423828125,23.773797607421898,92.9963850481387,0.2433044236105788,194,3.953310966491699,134.6453399658203,1,0.5011562705039978,12,2026-10-06 03:30:00,2026-10-01 23:00:00,0.883636474609375
8.997345401954739,77.31612078745178,0.002704247,0.2471092936921244,0.1860080320190933,Low,1.4199999794363976,6.599999887868762,46.53999917767942,46.53999917767942,0.014199999794363975,0.04399999925245841,0.15513333059226472,0.11634999794419855,0.2650909423828125,23.773797607421898,92.9963850481387,0.2433044236105788,191,4.181812286376953,63.71763229370117,-3,0.3766656219959259,12,2026-10-06 03:30:00,2026-10-01 23:00:00,0.883636474609375
8.997345401954739,77.36597728572042,0.0008550443,0.21083406582754108,0.15833931044565583,Low,1.4199999794363976,6.599999887868762,46.53999917767942,46.53999917767942,0.014199999794363975,0.04399999925245841,0.15513333059226472,0.11634999794419855,0.2106781005859375,25.260125732421898,89.14017979104989,0.2552181545245685,146,0.0,0.0,-2,0.6319376230239868,12,2026-10-06 03:30:00,2026-10-01 23:00:00,0.7022603352864584
9.097327893077242,76.4661348656179,0.002009187,0.3808211845099305,0.2861181851324479,Moderate,3.3199999425560236,61.16999885253608,125.82999722845852,125.94999722577631,0.033199999425560234,0.40779999235024056,0.4194333240948617,0.3148749930644408,0.2179412841796875,25.293328857421898,96.2286475777661,1.04654036538078,0,0.0,0.0,0,-0.2204007357358932,17,2026-10-06 03:30:00,2026-10-01 23:00:00,0.726470947265625
9.097327893077242,76.51599136388654,0.016850237,0.3808211845099305,0.2898284476324479,Moderate,3.3199999425560236,61.16999885253608,125.82999722845852,125.94999722577631,0.033199999425560234,0.40779999235024056,0.4194333240948617,0.3148749930644408,0.2179412841796875,25.293328857421898,96.2286475777661,1.04654036538078,13,1.3198177814483645,314.63739013671875,-6,0.6106194853782654,14,2026-10-06 03:30:00,2026-10-01 23:00:00,0.726470947265625
9.097327893077242,76.56611735674039,0.006636499,0.3898179980284845,0.29402262327136336,Moderate,4.3799999486655,49.37999944575131,98.61999902315438,98.97999900765717,0.043799999486655,0.32919999630500874,0.32873333007718125,0.24744999751914293,0.3929290771484375,25.086297607421898,96.9680666044941,0.91104011045725,17,1.3198177814483645,134.6373748779297,-5,0.7438145875930786,14,2026-10-06 03:30:00,2026-10-01 23:00:00,1.0
9.097327893077242,76.61597385500903,0.017133182,0.3898179980284845,0.29664679402136335,Moderate,4.3799999486655,49.37999944575131,98.61999902315438,98.97999900765717,0.043799999486655,0.32919999630500874,0.32873333007718125,0.24744999751914293,0.3929290771484375,25.086297607421898,96.9680666044941,0.91104011045725,6,5.625514984130859,170.4193572998047,7,0.7347632646560669,8,2026-10-06 03:30:00,2026-10-01 23:00:00,1.0
9.097327893077242,76.66609984786288,0.012923696,0.3880449950516845,0.2942646702887634,Moderate,8.19999971985817,44.66999844647944,95.13999790325761,95.7699978929013,0.0819999971985817,0.29779998964319626,0.317133326344192,0.23942499473225326,0.41094970703125,24.633172607421898,97.8594567432953,0.7767480866165284,21,4.720912933349609,191.45022583007807,-1,0.7473952770233154,8,2026-10-06 03:30:00,2026-10-01 23:00:00,1.0
9.097327893077242,76.71622584071679,0.082430944,0.43856132977077117,0.3495287333280784,Moderate,18.38999980688095,49.579999305307865,114.41999813355505,114.71999811567366,0.18389999806880952,0.33053332870205243,0.38139999377851685,0.28679999528918415,0.4186859130859375,23.930047607421898,98.51827082820073,0.7114235456044097,19,10.84677028656006,70.24869537353516,7,0.553389310836792,8,2026-10-06 03:30:00,2026-10-01 23:00:00,1.0
9.097327893077242,76.76608233898543,0.054768298,0.43856132977077117,0.3426130718280784,Moderate,18.38999980688095,49.579999305307865,114.41999813355505,114.71999811567366,0.18389999806880952,0.33053332870205243,0.38139999377851685,0.28679999528918415,0.4186859130859375,23.930047607421898,98.51827082820073,0.7114235456044097,53,9.83300495147705,229.1731872558593,-8,0.7922351360321045,8,2026-10-06 03:30:00,2026-10-01 23:00:00,1.0
9.097327893077242,76.81620833183928,0.2125075,0.5185919916347911,0.44207086872609336,Moderate,24.639999378472567,71.33999826200306,148.56999595090747,148.71999594196677,0.24639999378472566,0.47559998841335377,0.4952333198363582,0.3717999898549169,0.4665985107421875,23.152703857421898,98.77800106442292,0.7271468266527723,40,11.701092720031738,288.2184753417969,34,0.806311309337616,8,2026-10-06 03:30:00,2026-10-01 23:00:00,1.0
9.097327893077242,76.86606483010792,0.106286205,0.5185919916347911,0.41551554497609333,Moderate,24.639999378472567,71.33999826200306,148.56999595090747,148.71999594196677,0.24639999378472566,0.47559998841335377,0.4952333198363582,0.3717999898549169,0.4665985107421875,23.152703857421898,98.77800106442292,0.7271468266527723,57,8.829333305358887,71.78153228759766,16,0.6126840114593506,8,2026-10-06 03:30:00,2026-10-01 23:00:00,1.0
9.097327893077242,76.91619082296177,0.16858284,0.6111306578096003,0.5004937033572002,High,22.399999871850014,118.02999681606889,184.38999601826072,185.8399959616363,0.22399999871850013,0.7868666454404593,0.614633320060869,0.46459998990409074,0.4665985107421875,23.152703857421898,98.77800106442292,0.7271468266527723,151,5.912189483642578,108.21846771240234,-10,0.758650004863739,2,2026-10-06 03:30:00,2026-10-01 23:00:00,1.0
9.097327893077242,76.9660473212304,0.37385875,0.6111306578096003,0.5518126808572003,High,22.399999871850014,118.02999681606889,184.38999601826072,185.8399959616363,0.22399999871850013,0.7868666454404593,0.614633320060869,0.46459998990409074,0.4665985107421875,23.152703857421898,98.77800106442292,0.7271468266527723,192,10.096575736999512,180.0,1,0.4858822226524353,8,2026-10-06 03:30:00,2026-10-01 23:00:00,1.0
9.097327893077242,77.01617331408426,0.32103845,0.657694327523435,0.5735303581425762,High,16.069999620318413,139.0699984692037,209.45999745838344,219.28999723121524,0.16069999620318412,0.9271333231280248,0.6981999915279448,0.5482249930780381,0.443359375,22.010125732421898,99.227878457507,0.7549152838824562,182,15.796066284179688,166.59686279296875,-22,0.7278231978416443,8,2026-10-06 03:30:00,2026-10-01 23:00:00,1.0
9.097327893077242,77.0660298123529,0.3976268,0.657694327523435,0.5926774456425763,High,16.069999620318413,139.0699984692037,209.45999745838344,219.28999723121524,0.16069999620318412,0.9271333231280248,0.6981999915279448,0.5482249930780381,0.443359375,22.010125732421898,99.227878457507,0.7549152838824562,223,8.713580131530762,212.33224487304688,22,0.7186608910560608,2,2026-10-06 03:30:00,2026-10-01 23:00:00,1.0
9.097327893077242,77.1161558052068,0.61647654,0.6226676586870104,0.6211198790152578,High,13.759999841451645,102.5499989837408,216.91999501362443,224.44999482110143,0.13759999841451645,0.6836666598916054,0.7230666500454148,0.5611249870527536,0.46038818359375,21.312860107421898,98.7847181089213,0.6796831731284513,129,22.610593795776367,166.3387451171875,38,0.767370343208313,2,2026-10-06 03:30:00,2026-10-01 23:00:00,1.0
9.097327893077242,77.16601230347544,0.34150493,0.43886566186888765,0.41452547890166574,Moderate,2.67999991774559,46.389999113976955,141.00999718159437,142.4299971330911,0.026799999177455902,0.3092666607598464,0.4700333239386479,0.35607499283272775,0.3729705810546875,21.437860107421898,95.91217891263288,0.5432571259748005,416,16.46248435974121,189.5806427001953,-3,0.3898362219333648,2,2026-10-06 03:30:00,2026-10-01 23:00:00,1.0
9.097327893077242,77.21613829632929,0.36726838,0.43886566186888765,0.4209663414016658,Moderate,2.67999991774559,46.389999113976955,141.00999718159437,142.4299971330911,0.026799999177455902,0.3092666607598464,0.4700333239386479,0.35607499283272775,0.3729705810546875,21.437860107421898,95.91217891263288,0.5432571259748005,1139,20.58382034301757,187.5249938964844,-2,0.7514497637748718,2,2026-10-06 03:30:00,2026-10-01 23:00:00,1.0
9.097327893077242,77.26599479459793,0.9234994,0.22666556160853557,0.4008740212064017,Moderate,0.8599999696016312,3.8199998419731855,51.459998516365886,53.04999844543636,0.008599999696016311,0.02546666561315457,0.1715333283878863,0.1326249961135909,0.229766845703125,23.023797607421898,90.7205592013372,0.5657033311177846,560,34.71979522705078,55.89850234985352,22,0.4859572052955627,8,2026-10-06 03:30:00,2026-10-01 23:00:00,0.7658894856770834
9.097327893077242,77.31612078745178,0.0039184215,0.22666556160853557,0.17097877658140168,Low,0.8599999696016312,3.8199998419731855,51.459998516365886,53.04999844543636,0.008599999696016311,0.02546666561315457,0.1715333283878863,0.1326249961135909,0.229766845703125,23.023797607421898,90.7205592013372,0.5657033311177846,196,0.9274099469184875,0.0,-2,0.6489994525909424,12,2026-10-06 03:30:00,2026-10-01 23:00:00,0.7658894856770834
9.097327893077242,77.36597728572042,0.0020950045,0.19537487150436889,0.14705490475327668,Low,0.8599999696016312,3.8199998419731855,51.459998516365886,53.04999844543636,0.008599999696016311,0.02546666561315457,0.1715333283878863,0.1326249961135909,0.182830810546875,25.025750732421898,85.9618489217567,0.5660081092539242,215,3.9538655281066895,134.6373748779297,-3,0.3432342708110809,12,2026-10-06 03:30:00,2026-10-01 23:00:00,0.60943603515625
9.197310384199746,76.41600887276405,0.0031240925,0.42356314721635235,0.31845338353726427,Moderate,5.669999862089753,87.27999619208276,138.92999489046633,139.36999487690628,0.05669999862089753,0.5818666412805518,0.46309998296822114,0.34842498719226567,0.2074432373046875,25.459344482421898,95.32800598355838,0.9154913874578928,0,0.0,0.0,0,-0.2645590603351593,17,2026-10-06 03:30:00,2026-10-01 23:00:00,0.6914774576822917
9.197310384199746,76.4661348656179,0.004532376,0.42356314721635235,0.31880545441226427,Moderate,5.669999862089753,87.27999619208276,138.92999489046633,139.36999487690628,0.05669999862089753,0.5818666412805518,0.46309998296822114,0.34842498719226567,0.2074432373046875,25.459344482421898,95.32800598355838,0.9154913874578928,9,2.094634771347046,296.2696533203125,0,0.7373470067977905,14,2026-10-06 03:30:00,2026-10-01 23:00:00,0.6914774576822917
9.197310384199746,76.51599136388654,0.025279274,0.42356314721635235,0.3239921789122643,Moderate,5.669999862089753,87.27999619208276,138.92999489046633,139.36999487690628,0.05669999862089753,0.5818666412805518,0.46309998296822114,0.34842498719226567,0.2074432373046875,25.459344482421898,95.32800598355838,0.9154913874578928,7,5.037794589996338,68.45304107666016,17,0.65409255027771,14,2026-10-06 03:30:00,2026-10-01 23:00:00,0.6914774576822917
9.197310384199746,76.56611735674039,0.032498848,0.4622293266496932,0.35479670698726984,Moderate,7.489999711513519,79.81999815441668,124.55999682284892,124.91999680735171,0.07489999711513519,0.5321333210294446,0.4151999894094964,0.31229999201837927,0.3912353515625,24.691766357421898,96.99334015266976,0.903062707636866,14,5.410746097564697,148.7081756591797,19,0.7836158871650696,14,2026-10-06 03:30:00,2026-10-01 23:00:00,1.0
9.197310384199746,76.61597385500903,0.011139931,0.4622293266496932,0.34945697773726986,Moderate,7.489999711513519,79.81999815441668,124.55999682284892,124.91999680735171,0.07489999711513519,0.5321333210294446,0.4151999894094964,0.31229999201837927,0.3912353515625,24.691766357421898,96.99334015266976,0.903062707636866,5,1.3200055360794067,225.3706817626953,3,0.4802263975143432,14,2026-10-06 03:30:00,2026-10-01 23:00:00,1.0
9.197310384199746,76.66609984786288,0.029317155,0.3589209959981342,0.2765200357486007,Moderate,9.569999754428864,37.16999904252589,76.70999809354544,77.52999807149172,0.09569999754428864,0.24779999361683924,0.25569999364515145,0.1938249951787293,0.4077606201171875,24.340203857421898,97.78593731600192,0.8041411209437344,12,7.507930755615234,60.57342529296875,-7,0.6947856545448303,8,2026-10-06 03:30:00,2026-10-01 23:00:00,1.0
9.197310384199746,76.71622584071679,0.0060442784,0.43910766049089534,0.33084181496817155,Moderate,14.359999567270279,54.36999882385135,117.10999688133597,117.40999687835574,0.1435999956727028,0.36246665882567564,0.39036665627111994,0.29352499219588934,0.412933349609375,23.506219482421898,98.79287243187672,0.7630233794423643,41,0.9274099469184875,0.0,5,0.7189859747886658,8,2026-10-06 03:30:00,2026-10-01 23:00:00,1.0
9.197310384199746,76.76608233898543,0.059602644,0.43910766049089534,0.3442314063681715,Moderate,14.359999567270279,54.36999882385135,117.10999688133597,117.40999687835574,0.1435999956727028,0.36246665882567564,0.39036665627111994,0.29352499219588934,0.412933349609375,23.506219482421898,98.79287243187672,0.7630233794423643,35,7.887084007263184,200.8009796142578,-16,0.5605681538581848,8,2026-10-06 03:30:00,2026-10-01 23:00:00,1.0
9.197310384199746,76.81620833183928,0.048046734,0.5955259905154506,0.45865617638658795,Moderate,24.49999937415123,114.59999749809504,172.41999572515488,172.6999957114458,0.2449999937415123,0.7639999833206336,0.5747333190838496,0.4317499892786145,0.459991455078125,22.656610107421898,99.1374851586426,0.7969645471148677,114,2.9647347927093506,108.21368408203124,11,0.8519184589385986,8,2026-10-06 03:30:00,2026-10-01 23:00:00,1.0
9.197310384199746,76.86606483010792,0.03587128,0.5955259905154506,0.455612312886588,Moderate,24.49999937415123,114.59999749809504,172.41999572515488,172.6999957114458,0.2449999937415123,0.7639999833206336,0.5747333190838496,0.4317499892786145,0.459991455078125,22.656610107421898,99.1374851586426,0.7969645471148677,33,6.612549781799316,278.0269470214844,2,0.6254931688308716,8,2026-10-06 03:30:00,2026-10-01 23:00:00,1.0
9.197310384199746,76.91619082296177,0.037861183,0.5987959875792266,0.45856228643441993,Moderate,19.709999591112137,120.74999557435513,177.06999471969903,177.83999468386173,0.19709999591112137,0.8049999704957008,0.5902333157323301,0.44459998670965434,0.459991455078125,22.656610107421898,99.1374851586426,0.7969645471148677,141,3.821414232254028,194.2116851806641,5,0.6641563773155212,4,2026-10-06 03:30:00,2026-10-01 23:00:00,1.0
9.197310384199746,76.9660473212304,0.37793794,0.5987959875792266,0.54358147568442,High,19.709999591112137,120.74999557435513,177.06999471969903,177.83999468386173,0.19709999591112137,0.8049999704957008,0.5902333157323301,0.44459998670965434,0.459991455078125,22.656610107421898,99.1374851586426,0.7969645471148677,235,6.727819919586182,163.85769653320312,-20,0.6066474318504333,2,2026-10-06 03:30:00,2026-10-01 23:00:00,1.0
9.197310384199746,77.01617331408426,0.44096622,0.6385699906183406,0.5891690479637555,High,21.849999725818634,117.38999718613923,204.47999557480216,212.13999541662633,0.21849999725818633,0.7825999812409282,0.6815999852493405,0.5303499885415658,0.4527587890625,21.367547607421898,99.55742339845364,0.8450357193562895,486,8.259753227233887,206.8627471923828,-4,0.8096911907196045,2,2026-10-06 03:30:00,2026-10-01 23:00:00,1.0
9.197310384199746,77.0660298123529,0.31998175,0.6385699906183406,0.5589229304637555,High,21.849999725818634,117.38999718613923,204.47999557480216,212.13999541662633,0.21849999725818633,0.7825999812409282,0.6815999852493405,0.5303499885415658,0.4527587890625,21.367547607421898,99.55742339845364,0.8450357193562895,327,10.36332893371582,296.2696533203125,4,0.7938689589500427,2,2026-10-06 03:30:00,2026-10-01 23:00:00,1.0
9.197310384199746,77.1161558052068,0.7439015,0.631579991487724,0.659660368615793,High,12.949999637901783,106.49999815784395,222.59999558143318,227.99999542348087,0.12949999637901782,0.7099999877189597,0.741999985271444,0.5699999885587022,0.472930908203125,19.947625732421898,97.39257899179802,0.7711335413248812,702,22.05621719360352,309.7360534667969,39,0.8104914426803589,2,2026-10-06 03:30:00,2026-10-01 23:00:00,1.0
9.197310384199746,77.16601230347544,0.17530638,0.49447099263326577,0.41467983947494935,Moderate,6.519999906420708,63.59999793767929,162.9199962131679,166.50999609939754,0.06519999906420708,0.4239999862511953,0.543066654043893,0.41627499024849385,0.4614715576171875,19.109735107421898,93.57744717757257,0.6744878362079941,764,8.34070873260498,186.4220733642578,31,0.8402559757232666,2,2026-10-06 03:30:00,2026-10-01 23:00:00,1.0
9.197310384199746,77.21613829632929,0.25221124,0.49447099263326577,0.43390605447494934,Moderate,6.519999906420708,63.59999793767929,162.9199962131679,166.50999609939754,0.06519999906420708,0.4239999862511953,0.543066654043893,0.41627499024849385,0.4614715576171875,19.109735107421898,93.57744717757257,0.6744878362079941,1574,10.849406242370604,250.2538146972656,-9,0.8665674328804016,2,2026-10-06 03:30:00,2026-10-01 23:00:00,1.0
9.197310384199746,77.26599479459793,0.86347663,0.2874605552672098,0.4314645739504074,Moderate,2.5199998915195465,11.609999695792794,57.339998884126544,59.819998819381,0.025199998915195466,0.07739999797195196,0.19113332961375515,0.1495499970484525,0.2913818359375,20.474969482421898,92.9615562293111,0.7261387453487673,1403,25.822010040283203,134.6293182373047,11,0.5183942914009094,2,2026-10-06 03:30:00,2026-10-01 23:00:00,0.9712727864583334
9.197310384199746,77.31612078745178,0.18494016,0.2874605552672098,0.26183045645040737,Moderate,2.5199998915195465,11.609999695792794,57.339998884126544,59.819998819381,0.025199998915195466,0.07739999797195196,0.19113332961375515,0.1495499970484525,0.2913818359375,20.474969482421898,92.9615562293111,0.7261387453487673,336,16.468637466430664,93.13903045654295,21,0.8240623474121094,8,2026-10-06 03:30:00,2026-10-01 23:00:00,0.9712727864583334
9.197310384199746,77.36597728572042,0.0015173446,0.23840863469429313,0.17918581217071985,Low,2.5199998915195465,11.609999695792794,57.339998884126544,59.819998819381,0.025199998915195466,0.07739999797195196,0.19113332961375515,0.1495499970484525,0.217803955078125,24.185906982421898,86.3730513406865,0.7321024976843087,206,0.0,0.0,0,0.6278997659683228,12,2026-10-06 03:30:00,2026-10-01 23:00:00,0.72601318359375
9.297292875322247,76.36615237449541,0.0015269687,0.42091829044551904,0.31607046000913924,Moderate,5.669999862089753,87.27999619208276,138.92999489046633,139.36999487690628,0.05669999862089753,0.5818666412805518,0.46309998296822114,0.34842498719226567,0.2034759521484375,25.644891357421898,93.48296072331122,1.094820738442033,0,0.0,0.0,0,-0.2749757468700409,17,2026-10-06 03:30:00,2026-10-01 23:00:00,0.678253173828125
9.297292875322247,76.41600887276405,0.005319757,0.42091829044551904,0.3170186570841393,Moderate,5.669999862089753,87.27999619208276,138.92999489046633,139.36999487690628,0.05669999862089753,0.5818666412805518,0.46309998296822114,0.34842498719226567,0.2034759521484375,25.644891357421898,93.48296072331122,1.094820738442033,5,1.879000186920166,90.0,1,0.6546881794929504,10,2026-10-06 03:30:00,2026-10-01 23:00:00,0.678253173828125
9.297292875322247,76.4661348656179,0.010041593,0.4316706504715607,0.32626338610367056,Moderate,5.669999862089753,87.27999619208276,138.92999489046633,139.36999487690628,0.05669999862089753,0.5818666412805518,0.46309998296822114,0.34842498719226567,0.2196044921875,25.523797607421898,94.38872546222146,0.8445008767141005,4,1.3201954364776611,45.378814697265625,-2,0.6096929907798767,12,2026-10-06 03:30:00,2026-10-01 23:00:00,0.7320149739583334
9.297292875322247,76.51599136388654,0.009180681,0.4316706504715607,0.32604815810367055,Moderate,5.669999862089753,87.27999619208276,138.92999489046633,139.36999487690628,0.05669999862089753,0.5818666412805518,0.46309998296822114,0.34842498719226567,0.2196044921875,25.523797607421898,94.38872546222146,0.8445008767141005,1,1.3201954364776611,45.378814697265625,6,0.4412093758583069,12,2026-10-06 03:30:00,2026-10-01 23:00:00,0.7320149739583334
9.297292875322247,76.56611735674039,0.010349307,0.4622293266496932,0.34925932173726987,Moderate,7.489999711513519,79.81999815441668,124.55999682284892,124.91999680735171,0.07489999711513519,0.5321333210294446,0.4151999894094964,0.31229999201837927,0.3719329833984375,24.547235107421898,96.91053412088864,0.911672248713451,8,2.7802884578704834,180.0,-5,0.7606320977210999,14,2026-10-06 03:30:00,2026-10-01 23:00:00,1.0
9.297292875322247,76.61597385500903,0.01820637,0.4622293266496932,0.35122358748726984,Moderate,7.489999711513519,79.81999815441668,124.55999682284892,124.91999680735171,0.07489999711513519,0.5321333210294446,0.4151999894094964,0.31229999201837927,0.3719329833984375,24.547235107421898,96.91053412088864,0.911672248713451,11,5.853374004364014,341.3365478515625,2,0.7456614375114441,14,2026-10-06 03:30:00,2026-10-01 23:00:00,1.0
9.297292875322247,76.66609984786288,0.0108285975,0.3589209959981342,0.2718978963736007,Moderate,9.569999754428864,37.16999904252589,76.70999809354544,77.52999807149172,0.09569999754428864,0.24779999361683924,0.25569999364515145,0.1938249951787293,0.414642333984375,24.310906982421898,97.09890440202004,0.9268473874535544,15,4.1516852378845215,333.13067626953125,6,0.7261205315589905,8,2026-10-06 03:30:00,2026-10-01 23:00:00,1.0
9.297292875322247,76.71622584071679,0.010359475,0.43910766049089534,0.33192061411817153,Moderate,14.359999567270279,54.36999882385135,117.10999688133597,117.40999687835574,0.1435999956727028,0.36246665882567564,0.39036665627111994,0.29352499219588934,0.416046142578125,23.133172607421898,98.8947070575038,0.8974712879932087,9,0.9274099469184875,180.0,-3,0.7440313100814819,8,2026-10-06 03:30:00,2026-10-01 23:00:00,1.0
9.297292875322247,76.76608233898543,0.106892526,0.43910766049089534,0.3560538768681715,Moderate,14.359999567270279,54.36999882385135,117.10999688133597,117.40999687835574,0.1435999956727028,0.36246665882567564,0.39036665627111994,0.29352499219588934,0.416046142578125,23.133172607421898,98.8947070575038,0.8974712879932087,95,13.878507614135742,23.47416305541992,-13,0.7072129249572754,8,2026-10-06 03:30:00,2026-10-01 23:00:00,1.0
9.297292875322247,76.81620833183928,0.40459067,0.5955259905154506,0.547792160386588,High,24.49999937415123,114.59999749809504,172.41999572515488,172.6999957114458,0.2449999937415123,0.7639999833206336,0.5747333190838496,0.4317499892786145,0.4560394287109375,22.432000732421898,99.14781301286934,0.9411751833755514,204,12.796215057373049,299.9277648925781,19,0.7813394665718079,8,2026-10-06 03:30:00,2026-10-01 23:00:00,1.0
9.297292875322247,76.86606483010792,0.11945214,0.5955259905154506,0.47650752788658796,Moderate,24.49999937415123,114.59999749809504,172.41999572515488,172.6999957114458,0.2449999937415123,0.7639999833206336,0.5747333190838496,0.4317499892786145,0.4560394287109375,22.432000732421898,99.14781301286934,0.9411751833755514,73,16.074390411376953,316.9128112792969,2,0.7626800537109375,2,2026-10-06 03:30:00,2026-10-01 23:00:00,1.0
9.297292875322247,76.91619082296177,0.54569423,0.5987959875792266,0.5855205481844199,High,19.709999591112137,120.74999557435513,177.06999471969903,177.83999468386173,0.19709999591112137,0.8049999704957008,0.5902333157323301,0.44459998670965434,0.4560394287109375,22.432000732421898,99.14781301286934,0.9411751833755514,380,2.095113039016724,243.7368011474609,19,0.7093371748924255,2,2026-10-06 03:30:00,2026-10-01 23:00:00,1.0
9.297292875322247,76.9660473212304,0.29040748,0.5987959875792266,0.52169886068442,High,19.709999591112137,120.74999557435513,177.06999471969903,177.83999468386173,0.19709999591112137,0.8049999704957008,0.5902333157323301,0.44459998670965434,0.4560394287109375,22.432000732421898,99.14781301286934,0.9411751833755514,147,6.550173759460449,270.0,30,0.6267484426498413,2,2026-10-06 03:30:00,2026-10-01 23:00:00,1.0
9.297292875322247,77.01617331408426,0.5043613,0.6385699906183406,0.6050178179637555,High,21.849999725818634,117.38999718613923,204.47999557480216,212.13999541662633,0.21849999725818633,0.7825999812409282,0.6815999852493405,0.5303499885415658,0.4697418212890625,21.121453857421898,99.68804691244114,0.98589279484233,324,11.580517768859863,61.7068977355957,6,0.8286094665527344,2,2026-10-06 03:30:00,2026-10-01 23:00:00,1.0
9.297292875322247,77.0660298123529,0.96886843,0.6385699906183406,0.7211446004637555,High,21.849999725818634,117.38999718613923,204.47999557480216,212.13999541662633,0.21849999725818633,0.7825999812409282,0.6815999852493405,0.5303499885415658,0.4697418212890625,21.121453857421898,99.68804691244114,0.98589279484233,655,25.491559982299805,86.10647583007812,-16,0.7882155179977417,2,2026-10-06 03:30:00,2026-10-01 23:00:00,1.0
9.297292875322247,77.1161558052068,0.99141896,0.631579991487724,0.721539733615793,High,12.949999637901783,106.49999815784395,222.59999558143318,227.99999542348087,0.12949999637901782,0.7099999877189597,0.741999985271444,0.5699999885587022,0.489105224609375,19.355828857421898,97.34534150125762,0.9014838177544108,949,46.8972053527832,359.1203918457031,25,0.7581003308296204,2,2026-10-06 03:30:00,2026-10-01 23:00:00,1.0
9.297292875322247,77.16601230347544,0.06026087,0.49447099263326577,0.38591846197494933,Moderate,6.519999906420708,63.59999793767929,162.9199962131679,166.50999609939754,0.06519999906420708,0.4239999862511953,0.543066654043893,0.41627499024849385,0.471405029296875,18.125360107421898,93.53044874238114,0.7548025814279106,1044,11.11037540435791,131.25762939453125,9,0.861930251121521,2,2026-10-06 03:30:00,2026-10-01 23:00:00,1.0
9.297292875322247,77.21613829632929,0.77554446,0.49447099263326577,0.5647393594749494,High,6.519999906420708,63.59999793767929,162.9199962131679,166.50999609939754,0.06519999906420708,0.4239999862511953,0.543066654043893,0.41627499024849385,0.471405029296875,18.125360107421898,93.53044874238114,0.7548025814279106,1555,19.35098457336425,62.55255126953125,-45,0.8786957859992981,2,2026-10-06 03:30:00,2026-10-01 23:00:00,1.0
9.297292875322247,77.26599479459793,0.655321,0.29320599797554314,0.38373474848165734,Moderate,2.5199998915195465,11.609999695792794,57.339998884126544,59.819998819381,0.025199998915195466,0.07739999797195196,0.19113332961375515,0.1495499970484525,0.3750152587890625,19.523797607421898,92.51474944233136,0.8173593066773468,1502,11.771172523498535,219.0299224853516,13,0.8489962220191956,2,2026-10-06 03:30:00,2026-10-01 23:00:00,1.0
9.297292875322247,77.31612078745178,0.025007436,0.29320599797554314,0.22615635748165736,Low,2.5199998915195465,11.609999695792794,57.339998884126544,59.819998819381,0.025199998915195466,0.07739999797195196,0.19113332961375515,0.1495499970484525,0.3750152587890625,19.523797607421898,92.51474944233136,0.8173593066773468,511,10.138440132141112,354.73681640625,-15,0.856103777885437,2,2026-10-06 03:30:00,2026-10-01 23:00:00,1.0
9.297292875322247,77.36597728572042,0.0025327818,0.29320599797554314,0.22053769393165737,Low,2.5199998915195465,11.609999695792794,57.339998884126544,59.819998819381,0.025199998915195466,0.07739999797195196,0.19113332961375515,0.1495499970484525,0.31707763671875,24.187860107421898,86.60021144620909,0.8241495991809387,210,2.078571081161499,333.13067626953125,-9,0.2394879162311554,12,2026-10-06 03:30:00,2026-10-01 23:00:00,1.0
9.347418868176112,76.36615237449541,0.0015269687,0.45246832845831914,0.33973298851873934,Moderate,8.799999870359898,78.16999851167202,116.23999767564237,116.98999766260386,0.08799999870359898,0.5211333234111468,0.3874666589188079,0.2924749941565096,0.3156890869140625,25.924188232421898,92.03407414853986,0.929071212327276,0,0.0,0.0,0,-0.230738952755928,11,2026-10-06 03:30:00,2026-10-01 23:00:00,1.0
9.347418868176112,76.41600887276405,0.008401974,0.45246832845831914,0.3414517398437394,Moderate,8.799999870359898,78.16999851167202,116.23999767564237,116.98999766260386,0.08799999870359898,0.5211333234111468,0.3874666589188079,0.2924749941565096,0.3156890869140625,25.924188232421898,92.03407414853986,0.929071212327276,-1,0.9398881196975708,270.0,-2,0.364974170923233,12,2026-10-06 03:30:00,2026-10-01 23:00:00,1.0
9.347418868176112,76.4661348656179,0.004080166,0.45246832845831914,0.3403712878437394,Moderate,8.799999870359898,78.16999851167202,116.23999767564237,116.98999766260386,0.08799999870359898,0.5211333234111468,0.3874666589188079,0.2924749941565096,0.3472900390625,25.342156982421898,94.5028646935272,0.8131299124266936,-1,1.3202917575836182,314.6170654296875,0,0.8163003325462341,12,2026-10-06 03:30:00,2026-10-01 23:00:00,1.0
9.347418868176112,76.51599136388654,0.008646961,0.45246832845831914,0.34151298659373935,Moderate,8.799999870359898,78.16999851167202,116.23999767564237,116.98999766260386,0.08799999870359898,0.5211333234111468,0.3874666589188079,0.2924749941565096,0.3472900390625,25.342156982421898,94.5028646935272,0.8131299124266936,2,2.965878486633301,288.2063903808594,0,0.7455219626426697,12,2026-10-06 03:30:00,2026-10-01 23:00:00,1.0
9.347418868176112,76.56611735674039,0.02100509,0.4137489941403891,0.31556301810529186,Moderate,13.089999496936798,57.77999871224165,96.73999732546508,97.08999731950462,0.130899994969368,0.3851999914149443,0.32246665775155026,0.24272499329876154,0.4197845458984375,24.617547607421898,96.6171138039604,0.9227492545408612,8,3.8667163848876953,283.8570861816406,-10,0.7565018534660339,14,2026-10-06 03:30:00,2026-10-01 23:00:00,1.0
9.347418868176112,76.61597385500903,0.053970456,0.4137489941403891,0.32380435960529186,Moderate,13.089999496936798,57.77999871224165,96.73999732546508,97.08999731950462,0.130899994969368,0.3851999914149443,0.32246665775155026,0.24272499329876154,0.4197845458984375,24.617547607421898,96.6171138039604,0.9227492545408612,18,9.239113807678224,37.23820877075195,21,0.727928638458252,14,2026-10-06 03:30:00,2026-10-01 23:00:00,1.0
9.347418868176112,76.66609984786288,0.004828521,0.416226993662864,0.313377375497148,Moderate,16.37999936938286,58.589998573064804,92.86999727040529,93.34999725967646,0.16379999369382858,0.3905999904870987,0.30956665756801766,0.23337499314919113,0.4043731689453125,24.180047607421898,97.3475855020214,0.9789991708966344,16,3.3541903495788574,145.95553588867188,-1,0.7644203305244446,14,2026-10-06 03:30:00,2026-10-01 23:00:00,1.0
9.347418868176112,76.71622584071679,0.016077502,0.5038159926318253,0.38188136997386896,Moderate,16.299999564886093,90.65999793820083,134.18999669514596,134.3199966903776,0.16299999564886092,0.6043999862546722,0.4472999889838199,0.335799991725944,0.4129486083984375,23.223016357421898,98.74362433568552,1.0230377051752548,40,4.185121059417725,243.7400817871093,-7,0.7488613128662109,8,2026-10-06 03:30:00,2026-10-01 23:00:00,1.0
9.347418868176112,76.76608233898543,0.42683515,0.5038159926318253,0.484570781973869,Moderate,16.299999564886093,90.65999793820083,134.18999669514596,134.3199966903776,0.16299999564886092,0.6043999862546722,0.4472999889838199,0.335799991725944,0.4129486083984375,23.223016357421898,98.74362433568552,1.0230377051752548,38,18.59457397460937,51.280460357666016,3,0.7056770324707031,8,2026-10-06 03:30:00,2026-10-01 23:00:00,1.0
9.347418868176112,76.81620833183928,0.17304912,0.7078386550769211,0.5741412713076908,High,45.98999887704849,138.9099968522787,205.85999539494514,205.9999953955412,0.45989998877048494,0.926066645681858,0.6861999846498171,0.514999988488853,0.473236083984375,22.131219482421898,99.34682077929575,1.066779120569455,58,10.745388984680176,339.7696533203125,27,0.7420844435691833,8,2026-10-06 03:30:00,2026-10-01 23:00:00,1.0
9.347418868176112,76.86606483010792,0.50427383,0.7078386550769211,0.6569474488076907,High,45.98999887704849,138.9099968522787,205.85999539494514,205.9999953955412,0.45989998877048494,0.926066645681858,0.6861999846498171,0.514999988488853,0.473236083984375,22.131219482421898,99.34682077929575,1.066779120569455,136,19.587316513061523,24.5156307220459,-10,0.7522597908973694,8,2026-10-06 03:30:00,2026-10-01 23:00:00,1.0
9.347418868176112,76.91619082296177,0.106404714,0.5974419909272963,0.47468267169547224,Moderate,30.53999923169613,111.08999744802713,167.21999630518258,168.1799962837249,0.3053999923169613,0.7405999829868476,0.5573999876839419,0.42044999070931227,0.473236083984375,22.131219482421898,99.34682077929575,1.066779120569455,83,12.2854585647583,26.87263870239257,15,0.8157692551612854,8,2026-10-06 03:30:00,2026-10-01 23:00:00,1.0
9.347418868176112,76.9660473212304,0.38161656,0.5974419909272963,0.5434856331954723,High,30.53999923169613,111.08999744802713,167.21999630518258,168.1799962837249,0.3053999923169613,0.7405999829868476,0.5573999876839419,0.42044999070931227,0.473236083984375,22.131219482421898,99.34682077929575,1.066779120569455,134,11.91900634765625,184.4576568603516,23,0.7483668327331543,8,2026-10-06 03:30:00,2026-10-01 23:00:00,1.0
9.347418868176112,77.01617331408426,0.87829036,0.8364409866796807,0.8469033300097606,Critical,80.38999804854393,161.9399956203997,242.3699927572161,243.52999275363982,0.8038999804854393,1.0,0.8078999758573869,0.6088249818840995,0.485595703125,20.676141357421898,99.85507499078578,1.111104783727642,383,19.854257583618164,216.20193481445312,-20,0.8130978345870972,2,2026-10-06 03:30:00,2026-10-01 23:00:00,1.0
9.347418868176112,77.0660298123529,0.9235809,0.8364409866796807,0.8582259650097606,Critical,80.38999804854393,161.9399956203997,242.3699927572161,243.52999275363982,0.8038999804854393,1.0,0.8078999758573869,0.6088249818840995,0.485595703125,20.676141357421898,99.85507499078578,1.111104783727642,341,29.86937713623047,343.4019470214844,-35,0.7672886848449707,2,2026-10-06 03:30:00,2026-10-01 23:00:00,1.0
9.347418868176112,77.1161558052068,0.77356625,0.661431990933232,0.6894655556999241,High,35.929999336600304,108.50999820046127,209.75999554805458,212.03999548219144,0.35929999336600305,0.7233999880030751,0.6991999851601819,0.5300999887054786,0.4730224609375,19.635125732421898,98.20690543541043,1.0350819023178277,1036,21.197002410888672,297.3323669433594,10,0.8384205102920532,2,2026-10-06 03:30:00,2026-10-01 23:00:00,1.0
9.347418868176112,77.16601230347544,0.04759222,0.5669106602201238,0.43708105016509285,Moderate,27.00999980047345,88.62999878078699,166.53999637812376,170.23999630101025,0.2700999980047345,0.5908666585385799,0.5551333212604125,0.42559999075252564,0.45745849609375,18.488641357421898,94.917853319962,0.8545543650437872,1046,12.473365783691406,323.6075744628906,-7,0.8341065645217896,2,2026-10-06 03:30:00,2026-10-01 23:00:00,1.0
9.347418868176112,77.21613829632929,0.030877274,0.5669106602201238,0.43290231366509285,Moderate,27.00999980047345,88.62999878078699,166.53999637812376,170.23999630101025,0.2700999980047345,0.5908666585385799,0.5551333212604125,0.42559999075252564,0.45745849609375,18.488641357421898,94.917853319962,0.8545543650437872,1189,8.595664024353027,282.3675842285156,7,0.8235654234886169,2,2026-10-06 03:30:00,2026-10-01 23:00:00,1.0
9.347418868176112,77.26599479459793,0.2777821,0.3592186620575066,0.3388595215431299,Moderate,6.439999777823687,31.059999065473676,85.35999759659171,89.83999750949442,0.06439999777823686,0.20706666043649116,0.2845333253219724,0.22459999377373607,0.395965576171875,19.058953857421898,93.4831613654236,0.873726625201365,1137,16.193443298339844,106.1833724975586,-11,0.8343127965927124,2,2026-10-06 03:30:00,2026-10-01 23:00:00,1.0
9.347418868176112,77.31612078745178,0.20915425,0.3592186620575066,0.32170255904312994,Moderate,6.439999777823687,31.059999065473676,85.35999759659171,89.83999750949442,0.06439999777823686,0.20706666043649116,0.2845333253219724,0.22459999377373607,0.395965576171875,19.058953857421898,93.4831613654236,0.873726625201365,1246,25.11229133605957,65.5150146484375,2,0.8444409370422363,2,2026-10-06 03:30:00,2026-10-01 23:00:00,1.0
9.347418868176112,77.36597728572042,0.1356671,0.3592186620575066,0.30333077154312993,Moderate,6.439999777823687,31.059999065473676,85.35999759659171,89.83999750949442,0.06439999777823686,0.20706666043649116,0.2845333253219724,0.22459999377373607,0.3464202880859375,22.851922607421898,88.70788324418177,0.922896698166554,295,18.497228622436523,132.64320373535156,49,0.775071918964386,8,2026-10-06 03:30:00,2026-10-01 23:00:00,1.0
9.397275366444752,76.36615237449541,0.0019311504,0.45246832845831914,0.33983403394373934,Moderate,8.799999870359898,78.16999851167202,116.23999767564237,116.98999766260386,0.08799999870359898,0.5211333234111468,0.3874666589188079,0.2924749941565096,0.3156890869140625,25.924188232421898,92.03407414853986,0.929071212327276,2,2.7802884578704834,0.0,-7,0.6155567765235901,9,2026-10-06 03:30:00,2026-10-01 23:00:00,1.0
9.397275366444752,76.41600887276405,0.005100312,0.45246832845831914,0.34062632434373935,Moderate,8.799999870359898,78.16999851167202,116.23999767564237,116.98999766260386,0.08799999870359898,0.5211333234111468,0.3874666589188079,0.2924749941565096,0.3156890869140625,25.924188232421898,92.03407414853986,0.929071212327276,1,1.320387601852417,314.6129455566406,-5,0.6990973353385925,12,2026-10-06 03:30:00,2026-10-01 23:00:00,1.0
9.397275366444752,76.4661348656179,0.0024134377,0.45246832845831914,0.33995460576873937,Moderate,8.799999870359898,78.16999851167202,116.23999767564237,116.98999766260386,0.08799999870359898,0.5211333234111468,0.3874666589188079,0.2924749941565096,0.3472900390625,25.342156982421898,94.5028646935272,0.8131299124266936,-1,3.3717756271362305,236.6662750244141,4,0.8073005080223083,12,2026-10-06 03:30:00,2026-10-01 23:00:00,1.0
9.397275366444752,76.51599136388654,0.002662491,0.45246832845831914,0.34001686909373935,Moderate,8.799999870359898,78.16999851167202,116.23999767564237,116.98999766260386,0.08799999870359898,0.5211333234111468,0.3874666589188079,0.2924749941565096,0.3472900390625,25.342156982421898,94.5028646935272,0.8131299124266936,1,0.9274099469184875,0.0,1,0.7149583697319031,8,2026-10-06 03:30:00,2026-10-01 23:00:00,1.0
9.397275366444752,76.56611735674039,0.012295394,0.4137489941403891,0.3133855941052918,Moderate,13.089999496936798,57.77999871224165,96.73999732546508,97.08999731950462,0.130899994969368,0.3851999914149443,0.32246665775155026,0.24272499329876154,0.4197845458984375,24.617547607421898,96.6171138039604,0.9227492545408612,12,0.9400227665901184,270.0,-6,0.4688019752502441,14,2026-10-06 03:30:00,2026-10-01 23:00:00,1.0
9.397275366444752,76.61597385500903,0.06525593,0.4137489941403891,0.32662572810529183,Moderate,13.089999496936798,57.77999871224165,96.73999732546508,97.08999731950462,0.130899994969368,0.3851999914149443,0.32246665775155026,0.24272499329876154,0.4197845458984375,24.617547607421898,96.6171138039604,0.9227492545408612,38,5.853545188903809,198.6684417724609,-11,0.6792024374008179,14,2026-10-06 03:30:00,2026-10-01 23:00:00,1.0
9.397275366444752,76.66609984786288,0.0075131194,0.416226993662864,0.314048525097148,Moderate,16.37999936938286,58.589998573064804,92.86999727040529,93.34999725967646,0.16379999369382858,0.3905999904870987,0.30956665756801766,0.23337499314919113,0.4043731689453125,24.180047607421898,97.3475855020214,0.9789991708966344,27,2.934429407119751,198.6684417724609,-3,0.6974451541900635,8,2026-10-06 03:30:00,2026-10-01 23:00:00,1.0
9.397275366444752,76.71622584071679,0.05866789,0.5038159926318253,0.39252896697386896,Moderate,16.299999564886093,90.65999793820083,134.18999669514596,134.3199966903776,0.16299999564886092,0.6043999862546722,0.4472999889838199,0.335799991725944,0.4129486083984375,23.223016357421898,98.74362433568552,1.0230377051752548,92,6.574104309082031,45.38704299926758,-24,0.7521494626998901,8,2026-10-06 03:30:00,2026-10-01 23:00:00,1.0
9.397275366444752,76.76608233898543,0.31497404,0.5038159926318253,0.456605504473869,Moderate,16.299999564886093,90.65999793820083,134.18999669514596,134.3199966903776,0.16299999564886092,0.6043999862546722,0.4472999889838199,0.335799991725944,0.4129486083984375,23.223016357421898,98.74362433568552,1.0230377051752548,32,12.43135929107666,197.321533203125,3,0.6891152262687683,8,2026-10-06 03:30:00,2026-10-01 23:00:00,1.0
9.397275366444752,76.81620833183928,0.16632144,0.7078386550769211,0.5724593513076908,High,45.98999887704849,138.9099968522787,205.85999539494514,205.9999953955412,0.45989998877048494,0.926066645681858,0.6861999846498171,0.514999988488853,0.473236083984375,22.131219482421898,99.34682077929575,1.066779120569455,142,6.720357418060303,236.6662750244141,12,0.3461853861808777,8,2026-10-06 03:30:00,2026-10-01 23:00:00,1.0
9.397275366444752,76.86606483010792,0.42173493,0.7078386550769211,0.6363127238076908,High,45.98999887704849,138.9099968522787,205.85999539494514,205.9999953955412,0.45989998877048494,0.926066645681858,0.6861999846498171,0.514999988488853,0.473236083984375,22.131219482421898,99.34682077929575,1.066779120569455,168,19.602388381958008,0.0,-1,0.832693338394165,8,2026-10-06 03:30:00,2026-10-01 23:00:00,1.0
9.397275366444752,76.91619082296177,0.90158594,0.5974419909272963,0.6734779781954723,High,30.53999923169613,111.08999744802713,167.21999630518258,168.1799962837249,0.3053999923169613,0.7405999829868476,0.5573999876839419,0.42044999070931227,0.473236083984375,22.131219482421898,99.34682077929575,1.066779120569455,333,27.96576499938965,227.8749084472656,9,0.7446447014808655,2,2026-10-06 03:30:00,2026-10-01 23:00:00,1.0
9.397275366444752,76.9660473212304,0.8676868,0.5974419909272963,0.6650031931954723,High,30.53999923169613,111.08999744802713,167.21999630518258,168.1799962837249,0.3053999923169613,0.7405999829868476,0.5573999876839419,0.42044999070931227,0.473236083984375,22.131219482421898,99.34682077929575,1.066779120569455,304,22.31905174255371,272.2598876953125,1,0.7775219678878784,2,2026-10-06 03:30:00,2026-10-01 23:00:00,1.0
9.397275366444752,77.01617331408426,0.78985214,0.8364409866796807,0.8247937750097605,Critical,80.38999804854393,161.9399956203997,242.3699927572161,243.52999275363982,0.8038999804854393,1.0,0.8078999758573869,0.6088249818840995,0.485595703125,20.676141357421898,99.85507499078578,1.111104783727642,299,17.897310256958008,17.749088287353516,5,0.7890189290046692,2,2026-10-06 03:30:00,2026-10-01 23:00:00,1.0
9.397275366444752,77.0660298123529,0.97201544,0.8364409866796807,0.8703346000097605,Critical,80.38999804854393,161.9399956203997,242.3699927572161,243.52999275363982,0.8038999804854393,1.0,0.8078999758573869,0.6088249818840995,0.485595703125,20.676141357421898,99.85507499078578,1.111104783727642,549,30.94664001464844,33.182159423828125,22,0.6716680526733398,2,2026-10-06 03:30:00,2026-10-01 23:00:00,1.0
9.397275366444752,77.1161558052068,0.6600434,0.661431990933232,0.661084843199924,High,35.929999336600304,108.50999820046127,209.75999554805458,212.03999548219144,0.35929999336600305,0.7233999880030751,0.6991999851601819,0.5300999887054786,0.4730224609375,19.635125732421898,98.20690543541043,1.0350819023178277,408,22.04926490783692,182.3217315673828,-12,0.8336096405982971,2,2026-10-06 03:30:00,2026-10-01 23:00:00,1.0
9.397275366444752,77.16601230347544,0.5387009,0.5669106602201238,0.5598582201650928,High,27.00999980047345,88.62999878078699,166.53999637812376,170.23999630101025,0.2700999980047345,0.5908666585385799,0.5551333212604125,0.42559999075252564,0.45745849609375,18.488641357421898,94.917853319962,0.8545543650437872,1117,21.083328247070312,157.4783935546875,-13,0.8135465979576111,2,2026-10-06 03:30:00,2026-10-01 23:00:00,1.0
9.397275366444752,77.21613829632929,0.2388934,0.5669106602201238,0.48490634516509284,Moderate,27.00999980047345,88.62999878078699,166.53999637812376,170.23999630101025,0.2700999980047345,0.5908666585385799,0.5551333212604125,0.42559999075252564,0.45745849609375,18.488641357421898,94.917853319962,0.8545543650437872,1093,23.62349510192871,177.85008239746094,-3,0.9002887606620789,2,2026-10-06 03:30:00,2026-10-01 23:00:00,1.0
9.397275366444752,77.26599479459793,0.3902671,0.3592186620575066,0.3669807715431299,Moderate,6.439999777823687,31.059999065473676,85.35999759659171,89.83999750949442,0.06439999777823686,0.20706666043649116,0.2845333253219724,0.22459999377373607,0.395965576171875,19.058953857421898,93.4831613654236,0.873726625201365,1347,14.375542640686035,161.33155822753906,9,0.8401786088943481,2,2026-10-06 03:30:00,2026-10-01 23:00:00,1.0
9.397275366444752,77.31612078745178,0.23826887,0.3592186620575066,0.3289812140431299,Moderate,6.439999777823687,31.059999065473676,85.35999759659171,89.83999750949442,0.06439999777823686,0.20706666043649116,0.2845333253219724,0.22459999377373607,0.395965576171875,19.058953857421898,93.4831613654236,0.873726625201365,1172,23.27524375915528,107.52120208740234,10,0.8268359899520874,2,2026-10-06 03:30:00,2026-10-01 23:00:00,1.0
9.397275366444752,77.36597728572042,0.2372452,0.3592186620575066,0.32872529654312993,Moderate,6.439999777823687,31.059999065473676,85.35999759659171,89.83999750949442,0.06439999777823686,0.20706666043649116,0.2845333253219724,0.22459999377373607,0.3464202880859375,22.851922607421898,88.70788324418177,0.922896698166554,452,30.719844818115234,96.25578308105467,52,0.8072255849838257,2,2026-10-06 03:30:00,2026-10-01 23:00:00,1.0
9.447401359298617,76.36615237449541,0.0020514708,0.30029880878881865,0.225736974291614,Low,10.919999599456787,47.219998667016625,79.96999735757709,80.60999734513462,0.10919999599456787,0.31479999111344414,0.2665666578585903,0.20152499336283655,0.1857147216796875,26.310906982421898,91.10570962255296,0.647220357183182,1,4.1520514488220215,153.1206817626953,15,0.1065311133861541,8,2026-10-06 03:30:00,2026-10-01 23:00:00,0.619049072265625
9.447401359298617,76.41600887276405,0.0014155228,0.30029880878881865,0.225577987291614,Low,10.919999599456787,47.219998667016625,79.96999735757709,80.60999734513462,0.10919999599456787,0.31479999111344414,0.2665666578585903,0.20152499336283655,0.1857147216796875,26.310906982421898,91.10570962255296,0.647220357183182,8,2.7802884578704834,0.0,-6,0.6840303540229797,9,2026-10-06 03:30:00,2026-10-01 23:00:00,0.619049072265625
9.447401359298617,76.4661348656179,0.004437623,0.3764889943356936,0.28347615150177025,Moderate,10.919999599456787,47.219998667016625,79.96999735757709,80.60999734513462,0.10919999599456787,0.31479999111344414,0.2665666578585903,0.20152499336283655,0.3686981201171875,25.150750732421898,95.60787551261431,0.744019956918452,5,2.966650485992432,71.79850769042969,9,0.7076226472854614,8,2026-10-06 03:30:00,2026-10-01 23:00:00,1.0
9.447401359298617,76.51599136388654,0.0049128737,0.3764889943356936,0.2835949641767702,Moderate,10.919999599456787,47.219998667016625,79.96999735757709,80.60999734513462,0.10919999599456787,0.31479999111344414,0.2665666578585903,0.20152499336283655,0.3686981201171875,25.150750732421898,95.60787551261431,0.744019956918452,2,2.0787549018859863,153.1206817626953,-2,0.8553261160850525,12,2026-10-06 03:30:00,2026-10-01 23:00:00,1.0
9.447401359298617,76.56611735674039,0.0022627509,0.39086599607113753,0.2937151847783531,Moderate,15.669999703764915,49.94999910145998,81.36999818310142,82.29999815113842,0.15669999703764914,0.3329999940097332,0.2712333272770047,0.20574999537784605,0.421905517578125,24.121453857421898,98.02397898212564,0.8845578808928015,14,3.821578979492188,14.221463203430176,-3,0.415412962436676,14,2026-10-06 03:30:00,2026-10-01 23:00:00,1.0
9.447401359298617,76.61597385500903,0.0074974624,0.39086599607113753,0.2950238626533531,Moderate,15.669999703764915,49.94999910145998,81.36999818310142,82.29999815113842,0.15669999703764914,0.3329999940097332,0.2712333272770047,0.20574999537784605,0.421905517578125,24.121453857421898,98.02397898212564,0.8845578808928015,28,0.0,0.0,-17,0.6898984313011169,8,2026-10-06 03:30:00,2026-10-01 23:00:00,1.0
9.447401359298617,76.66609984786288,0.031117741,0.46653599148777625,0.3576814288658322,Moderate,22.57999935746193,77.66999739408493,106.5599965788424,106.5599965788424,0.2257999935746193,0.5177999826272329,0.3551999885961413,0.266399991447106,0.4094085693359375,23.928094482421898,98.40244649686768,0.9437412395575,18,2.7802884578704834,180.0,-1,0.7636422514915466,8,2026-10-06 03:30:00,2026-10-01 23:00:00,1.0
9.447401359298617,76.71622584071679,0.014556359,0.4875749922101076,0.3693203339075807,Moderate,19.719999819993973,88.28999730944633,118.42999649234116,118.42999649234116,0.19719999819993972,0.5885999820629756,0.39476665497447055,0.2960749912308529,0.4193572998046875,23.564813232421898,98.1199379415406,1.0386925108696228,43,1.8798131942749023,90.0,-4,0.6924372315406799,8,2026-10-06 03:30:00,2026-10-01 23:00:00,1.0
9.447401359298617,76.76608233898543,0.8719659,0.4875749922101076,0.5836727191575807,High,19.719999819993973,88.28999730944633,118.42999649234116,118.42999649234116,0.19719999819993972,0.5885999820629756,0.39476665497447055,0.2960749912308529,0.4193572998046875,23.564813232421898,98.1199379415406,1.0386925108696228,193,20.51580238342285,342.1225280761719,6,0.7644710540771484,2,2026-10-06 03:30:00,2026-10-01 23:00:00,1.0
9.447401359298617,76.81620833183928,0.07528938,0.6264856521896396,0.4886865841422297,Moderate,35.7799988668412,119.43999562971294,174.95999419502914,175.10999418981373,0.35779998866841195,0.7962666375314196,0.5831999806500971,0.4377749854745343,0.4669342041015625,22.465203857421898,98.19787972530403,1.0912402088669049,112,0.9274099469184875,180.0,26,0.788743257522583,8,2026-10-06 03:30:00,2026-10-01 23:00:00,1.0
9.447401359298617,76.86606483010792,0.07464337,0.6264856521896396,0.4885250816422297,Moderate,35.7799988668412,119.43999562971294,174.95999419502914,175.10999418981373,0.35779998866841195,0.7962666375314196,0.5831999806500971,0.4377749854745343,0.4669342041015625,22.465203857421898,98.19787972530403,1.0912402088669049,159,13.678189277648926,3.866360664367676,-21,0.7933430075645447,8,2026-10-06 03:30:00,2026-10-01 23:00:00,1.0
9.447401359298617,76.91619082296177,0.9481833,0.5872699911509951,0.6774983183632464,High,26.889999613165855,95.96999724209309,177.08999607525766,178.89999601244926,0.26889999613165855,0.6397999816139539,0.5902999869175255,0.44724999003112315,0.4669342041015625,22.465203857421898,98.19787972530403,1.0912402088669049,325,25.870210647583008,48.11550521850586,15,0.7290594577789307,2,2026-10-06 03:30:00,2026-10-01 23:00:00,1.0
9.447401359298617,76.9660473212304,0.74909455,0.5872699911509951,0.6277261308632464,High,26.889999613165855,95.96999724209309,177.08999607525766,178.89999601244926,0.26889999613165855,0.6397999816139539,0.5902999869175255,0.44724999003112315,0.4669342041015625,22.465203857421898,98.19787972530403,1.0912402088669049,218,20.27884864807129,15.454913139343262,41,0.8328859806060791,2,2026-10-06 03:30:00,2026-10-01 23:00:00,1.0
9.447401359298617,77.01617331408426,0.6780036,0.8798159910960124,0.8293628933220094,Critical,90.67999766767025,161.82999735698104,259.36999673582613,261.9199967440218,0.9067999766767025,1.0,0.8645666557860872,0.6547999918600544,0.481231689453125,19.992547607421898,99.99933869051884,1.1421219968577023,234,11.96418285369873,147.1733856201172,35,0.7889584302902222,2,2026-10-06 03:30:00,2026-10-01 23:00:00,1.0
9.447401359298617,77.0660298123529,0.97009397,0.8798159910960124,0.9023854858220093,Critical,90.67999766767025,161.82999735698104,259.36999673582613,261.9199967440218,0.9067999766767025,1.0,0.8645666557860872,0.6547999918600544,0.481231689453125,19.992547607421898,99.99933869051884,1.1421219968577023,563,38.53927612304688,221.24288940429688,76,0.5300344824790955,2,2026-10-06 03:30:00,2026-10-01 23:00:00,1.0
9.447401359298617,77.1161558052068,0.6727457,0.6155949915557479,0.629882668666811,High,43.01999878883362,79.82999804988503,186.00999701954424,191.18999688513577,0.4301999878883362,0.5321999869992335,0.6200333233984808,0.4779749922128394,0.4751434326171875,19.148797607421898,99.78047705366542,1.0481133327078425,441,19.76984024047852,230.91099548339844,41,0.8573806881904602,2,2026-10-06 03:30:00,2026-10-01 23:00:00,1.0
9.447401359298617,77.16601230347544,0.14570591,0.5823943246824046,0.47322222101180345,Moderate,49.27999904751778,77.77999817766249,150.5299964416772,160.88999608904123,0.49279999047517775,0.5185333211844166,0.5017666548055907,0.4022249902226031,0.4761199951171875,18.668328857421898,97.2361646119794,0.7882862831687345,1215,13.648222923278809,0.0,-2,0.8430659770965576,2,2026-10-06 03:30:00,2026-10-01 23:00:00,1.0
9.447401359298617,77.21613829632929,0.022411183,0.5823943246824046,0.44239853926180345,Moderate,49.27999904751778,77.77999817766249,150.5299964416772,160.88999608904123,0.49279999047517775,0.5185333211844166,0.5017666548055907,0.4022249902226031,0.4761199951171875,18.668328857421898,97.2361646119794,0.7882862831687345,1278,10.796245574951172,300.6196594238281,-1,0.8668302297592163,2,2026-10-06 03:30:00,2026-10-01 23:00:00,1.0
9.447401359298617,77.26599479459793,0.5759617,0.43334666001231725,0.4690004200092379,Moderate,22.50999929010868,45.789998510852456,100.72999734990299,117.79999694786966,0.22509999290108682,0.3052666567390164,0.33576665783300996,0.29449999236967417,0.4069366455078125,19.051141357421898,90.17183898999195,0.6207598055675467,1121,22.292156219482425,61.71725082397461,30,0.8522166609764099,2,2026-10-06 03:30:00,2026-10-01 23:00:00,1.0
9.447401359298617,77.31612078745178,0.5000481,0.43334666001231725,0.45002202000923797,Moderate,22.50999929010868,45.789998510852456,100.72999734990299,117.79999694786966,0.22509999290108682,0.3052666567390164,0.33576665783300996,0.29449999236967417,0.4069366455078125,19.051141357421898,90.17183898999195,0.6207598055675467,1026,16.757619857788086,247.89401245117188,-38,0.8198151588439941,8,2026-10-06 03:30:00,2026-10-01 23:00:00,1.0
9.447401359298617,77.36597728572042,0.20864016,0.43334666001231725,0.37717003500923796,Moderate,22.50999929010868,45.789998510852456,100.72999734990299,117.79999694786966,0.22509999290108682,0.3052666567390164,0.33576665783300996,0.29449999236967417,0.3683013916015625,20.834344482421898,85.81727024394094,0.7340937570758473,891,31.2571964263916,189.33546447753903,35,0.779107928276062,2,2026-10-06 03:30:00,2026-10-01 23:00:00,1.0
9.497257857567256,76.36615237449541,0.0025326551,0.30029880878881865,0.225857270366614,Low,10.919999599456787,47.219998667016625,79.96999735757709,80.60999734513462,0.10919999599456787,0.31479999111344414,0.2665666578585903,0.20152499336283655,0.1857147216796875,26.310906982421898,91.10570962255296,0.647220357183182,5,3.956148147583008,225.3953552246093,-2,0.2658000290393829,8,2026-10-06 03:30:00,2026-10-01 23:00:00,0.619049072265625
9.497257857567256,76.41600887276405,0.0023656501,0.30029880878881865,0.225815519116614,Low,10.919999599456787,47.219998667016625,79.96999735757709,80.60999734513462,0.10919999599456787,0.31479999111344414,0.2665666578585903,0.20152499336283655,0.1857147216796875,26.310906982421898,91.10570962255296,0.647220357183182,-1,0.0,0.0,-1,0.7633116245269775,17,2026-10-06 03:30:00,2026-10-01 23:00:00,0.619049072265625
9.497257857567256,76.4661348656179,0.0051936507,0.3764889943356936,0.28366515842677026,Moderate,10.919999599456787,47.219998667016625,79.96999735757709,80.60999734513462,0.10919999599456787,0.31479999111344414,0.2665666578585903,0.20152499336283655,0.3686981201171875,25.150750732421898,95.60787551261431,0.744019956918452,-1,4.691388130187988,90.0,-2,0.8370347619056702,8,2026-10-06 03:30:00,2026-10-01 23:00:00,1.0
9.497257857567256,76.51599136388654,0.0034817213,0.3764889943356936,0.28323717607677024,Moderate,10.919999599456787,47.219998667016625,79.96999735757709,80.60999734513462,0.10919999599456787,0.31479999111344414,0.2665666578585903,0.20152499336283655,0.3686981201171875,25.150750732421898,95.60787551261431,0.744019956918452,9,0.9402957558631896,90.0,6,0.6916350722312927,14,2026-10-06 03:30:00,2026-10-01 23:00:00,1.0
9.497257857567256,76.56611735674039,0.01183709,0.39086599607113753,0.29610876955335313,Moderate,15.669999703764915,49.94999910145998,81.36999818310142,82.29999815113842,0.15669999703764914,0.3329999940097332,0.2712333272770047,0.20574999537784605,0.421905517578125,24.121453857421898,98.02397898212564,0.8845578808928015,46,3.75613045692444,270.0,-14,0.7439352869987488,8,2026-10-06 03:30:00,2026-10-01 23:00:00,1.0
9.497257857567256,76.61597385500903,0.020572681,0.39086599607113753,0.29829266730335313,Moderate,15.669999703764915,49.94999910145998,81.36999818310142,82.29999815113842,0.15669999703764914,0.3329999940097332,0.2712333272770047,0.20574999537784605,0.421905517578125,24.121453857421898,98.02397898212564,0.8845578808928015,54,3.8216123580932617,194.2234344482422,1,0.7809000015258789,8,2026-10-06 03:30:00,2026-10-01 23:00:00,1.0
9.497257857567256,76.66609984786288,0.03676963,0.46653599148777625,0.3590944011158322,Moderate,22.57999935746193,77.66999739408493,106.5599965788424,106.5599965788424,0.2257999935746193,0.5177999826272329,0.3551999885961413,0.266399991447106,0.4094085693359375,23.928094482421898,98.40244649686768,0.9437412395575,77,3.3546454906463623,145.9440155029297,8,0.5081967115402222,8,2026-10-06 03:30:00,2026-10-01 23:00:00,1.0
9.497257857567256,76.71622584071679,0.039821696,0.4875749922101076,0.3756366681575807,Moderate,19.719999819993973,88.28999730944633,118.42999649234116,118.42999649234116,0.19719999819993972,0.5885999820629756,0.39476665497447055,0.2960749912308529,0.4193572998046875,23.564813232421898,98.1199379415406,1.0386925108696228,57,5.625691890716553,170.4086151123047,0,0.7249549031257629,8,2026-10-06 03:30:00,2026-10-01 23:00:00,1.0
9.497257857567256,76.76608233898543,0.24946328,0.4875749922101076,0.4280470641575807,Moderate,19.719999819993973,88.28999730944633,118.42999649234116,118.42999649234116,0.19719999819993972,0.5885999820629756,0.39476665497447055,0.2960749912308529,0.4193572998046875,23.564813232421898,98.1199379415406,1.0386925108696228,132,6.618090629577637,261.9798583984375,-10,0.5007012486457825,8,2026-10-06 03:30:00,2026-10-01 23:00:00,1.0
9.497257857567256,76.81620833183928,0.08892795,0.6264856521896396,0.4920962266422297,Moderate,35.7799988668412,119.43999562971294,174.95999419502914,175.10999418981373,0.35779998866841195,0.7962666375314196,0.5831999806500971,0.4377749854745343,0.4669342041015625,22.465203857421898,98.19787972530403,1.0912402088669049,58,8.328917503356934,296.25006103515625,-13,0.5029681324958801,8,2026-10-06 03:30:00,2026-10-01 23:00:00,1.0
9.497257857567256,76.86606483010792,0.079737954,0.6264856521896396,0.4897987276422297,Moderate,35.7799988668412,119.43999562971294,174.95999419502914,175.10999418981373,0.35779998866841195,0.7962666375314196,0.5831999806500971,0.4377749854745343,0.4669342041015625,22.465203857421898,98.19787972530403,1.0912402088669049,138,4.691388130187988,90.0,-5,0.878648579120636,8,2026-10-06 03:30:00,2026-10-01 23:00:00,1.0
9.497257857567256,76.91619082296177,0.41662863,0.5872699911509951,0.5446096508632463,High,26.889999613165855,95.96999724209309,177.08999607525766,178.89999601244926,0.26889999613165855,0.6397999816139539,0.5902999869175255,0.44724999003112315,0.4669342041015625,22.465203857421898,98.19787972530403,1.0912402088669049,189,11.721052169799805,45.39536285400391,-18,0.6947252750396729,8,2026-10-06 03:30:00,2026-10-01 23:00:00,1.0
9.497257857567256,76.9660473212304,0.33158693,0.5872699911509951,0.5233492258632463,High,26.889999613165855,95.96999724209309,177.08999607525766,178.89999601244926,0.26889999613165855,0.6397999816139539,0.5902999869175255,0.44724999003112315,0.4669342041015625,22.465203857421898,98.19787972530403,1.0912402088669049,172,15.632601737976074,215.9125061035156,-1,0.8124695420265198,8,2026-10-06 03:30:00,2026-10-01 23:00:00,1.0
9.497257857567256,77.01617331408426,0.9573184,0.8798159910960124,0.8991915933220094,Critical,90.67999766767025,161.82999735698104,259.36999673582613,261.9199967440218,0.9067999766767025,1.0,0.8645666557860872,0.6547999918600544,0.481231689453125,19.992547607421898,99.99933869051884,1.1421219968577023,467,28.546241760253903,140.6853790283203,21,0.7404239773750305,2,2026-10-06 03:30:00,2026-10-01 23:00:00,1.0
9.497257857567256,77.0660298123529,0.91882795,0.8798159910960124,0.8895689808220093,Critical,90.67999766767025,161.82999735698104,259.36999673582613,261.9199967440218,0.9067999766767025,1.0,0.8645666557860872,0.6547999918600544,0.481231689453125,19.992547607421898,99.99933869051884,1.1421219968577023,889,19.906923294067383,190.4449157714844,-22,0.8269857168197632,2,2026-10-06 03:30:00,2026-10-01 23:00:00,1.0
9.497257857567256,77.1161558052068,0.7832935,0.6155949915557479,0.657519618666811,High,43.01999878883362,79.82999804988503,186.00999701954424,191.18999688513577,0.4301999878883362,0.5321999869992335,0.6200333233984808,0.4779749922128394,0.4751434326171875,19.148797607421898,99.78047705366542,1.0481133327078425,1002,19.680089950561523,47.241973876953125,10,0.7207236289978027,2,2026-10-06 03:30:00,2026-10-01 23:00:00,1.0
9.497257857567256,77.16601230347544,0.103536546,0.5823943246824046,0.46267988001180343,Moderate,49.27999904751778,77.77999817766249,150.5299964416772,160.88999608904123,0.49279999047517775,0.5185333211844166,0.5017666548055907,0.4022249902226031,0.4761199951171875,18.668328857421898,97.2361646119794,0.7882862831687345,943,10.58962345123291,74.94441986083984,-12,0.792884886264801,2,2026-10-06 03:30:00,2026-10-01 23:00:00,1.0
9.497257857567256,77.21613829632929,0.34244975,0.5823943246824046,0.5224081810118034,High,49.27999904751778,77.77999817766249,150.5299964416772,160.88999608904123,0.49279999047517775,0.5185333211844166,0.5017666548055907,0.4022249902226031,0.4761199951171875,18.668328857421898,97.2361646119794,0.7882862831687345,1094,20.01825904846192,262.3399963378906,-16,0.8600993752479553,2,2026-10-06 03:30:00,2026-10-01 23:00:00,1.0
9.497257857567256,77.26599479459793,0.5329877,0.43334666001231725,0.4582569200092379,Moderate,22.50999929010868,45.789998510852456,100.72999734990299,117.79999694786966,0.22509999290108682,0.3052666567390164,0.33576665783300996,0.29449999236967417,0.4069366455078125,19.051141357421898,90.17183898999195,0.6207598055675467,1007,23.345781326293945,278.62811279296875,28,0.4516905844211578,8,2026-10-06 03:30:00,2026-10-01 23:00:00,1.0
9.497257857567256,77.31612078745178,0.419285,0.43334666001231725,0.42983124500923797,Moderate,22.50999929010868,45.789998510852456,100.72999734990299,117.79999694786966,0.22509999290108682,0.3052666567390164,0.33576665783300996,0.29449999236967417,0.4069366455078125,19.051141357421898,90.17183898999195,0.6207598055675467,1397,24.219745635986328,226.863510131836,-7,0.8463009595870972,2,2026-10-06 03:30:00,2026-10-01 23:00:00,1.0
9.497257857567256,77.36597728572042,0.02366975,0.43334666001231725,0.33092743250923795,Moderate,22.50999929010868,45.789998510852456,100.72999734990299,117.79999694786966,0.22509999290108682,0.3052666567390164,0.33576665783300996,0.29449999236967417,0.3683013916015625,20.834344482421898,85.81727024394094,0.7340937570758473,1006,10.729108810424805,211.31375122070312,-2,0.8222111463546753,2,2026-10-06 03:30:00,2026-10-01 23:00:00,1.0
9.54738385042112,76.36615237449541,0.00066683034,0.32911164919715374,0.24700044448286532,Low,9.699999868869781,52.20999854058027,75.86999798193574,76.50999796949327,0.09699999868869781,0.3480666569372018,0.25289999327311913,0.19127499492373318,0.23260498046875,26.521844482421898,91.16149238938512,0.3958826436906684,0,0.0,0.0,0,-0.1124252006411552,17,2026-10-06 03:30:00,2026-10-01 23:00:00,0.7753499348958334
9.54738385042112,76.41600887276405,0.005171184,0.32911164919715374,0.24812653289786532,Low,9.699999868869781,52.20999854058027,75.86999798193574,76.50999796949327,0.09699999868869781,0.3480666569372018,0.25289999327311913,0.19127499492373318,0.23260498046875,26.521844482421898,91.16149238938512,0.3958826436906684,0,1.3206803798675537,314.6004333496094,5,0.6353676319122314,17,2026-10-06 03:30:00,2026-10-01 23:00:00,0.7753499348958334
9.54738385042112,76.4661348656179,0.0021635867,0.37404166221798707,0.2810721433384903,Moderate,9.699999868869781,52.20999854058027,75.86999798193574,76.50999796949327,0.09699999868869781,0.3480666569372018,0.25289999327311913,0.19127499492373318,0.378570556640625,25.004266357421898,97.32954787146994,0.7800184630842493,0,3.756681919097901,270.0,11,0.1812717318534851,11,2026-10-06 03:30:00,2026-10-01 23:00:00,1.0
9.54738385042112,76.51599136388654,0.006029183,0.37404166221798707,0.2820385424134903,Moderate,9.699999868869781,52.20999854058027,75.86999798193574,76.50999796949327,0.09699999868869781,0.3480666569372018,0.25289999327311913,0.19127499492373318,0.378570556640625,25.004266357421898,97.32954787146994,0.7800184630842493,10,4.782049655914307,101.1572265625,-9,0.5695374608039856,14,2026-10-06 03:30:00,2026-10-01 23:00:00,1.0
9.54738385042112,76.56611735674039,0.0027792105,0.38484499474770084,0.2893285486857756,Moderate,11.479999631643295,56.30999832600355,78.16999790631235,78.56999788992107,0.11479999631643295,0.3753999888400237,0.2605666596877078,0.19642499472480268,0.406097412109375,23.943719482421898,99.20401030217796,0.9056122815644556,1,2.967430830001831,288.196533203125,6,0.5600432753562927,14,2026-10-06 03:30:00,2026-10-01 23:00:00,1.0
9.54738385042112,76.61597385500903,0.008644754,0.38484499474770084,0.29079493456077565,Moderate,11.479999631643295,56.30999832600355,78.16999790631235,78.56999788992107,0.11479999631643295,0.3753999888400237,0.2605666596877078,0.19642499472480268,0.406097412109375,23.943719482421898,99.20401030217796,0.9056122815644556,20,6.728340148925781,16.15775489807129,18,0.59122633934021,8,2026-10-06 03:30:00,2026-10-01 23:00:00,1.0
9.54738385042112,76.66609984786288,0.057056386,0.4353046618036926,0.3407425928527694,Moderate,16.629999801516533,71.70999843813479,96.5299978479743,96.65999784320593,0.16629999801516532,0.47806665625423195,0.3217666594932477,0.2416499946080148,0.420135498046875,23.603875732421898,98.59599661958724,0.9881687441599936,86,11.180174827575684,265.3020324707031,-1,0.7675321698188782,8,2026-10-06 03:30:00,2026-10-01 23:00:00,1.0
9.54738385042112,76.71622584071679,0.39089575,0.49761466232084983,0.47093493424063737,Moderate,17.749999776482582,87.9099991787225,129.42999767698348,129.59999767132103,0.17749999776482583,0.5860666611914833,0.4314333255899449,0.3239999941783026,0.4310455322265625,23.392938232421898,97.38965387127604,1.0756480368424506,55,7.461197853088379,149.90963745117188,18,0.4894136786460876,8,2026-10-06 03:30:00,2026-10-01 23:00:00,1.0
9.54738385042112,76.76608233898543,0.014831831,0.49761466232084983,0.3769189544906374,Moderate,17.749999776482582,87.9099991787225,129.42999767698348,129.59999767132103,0.17749999776482583,0.5860666611914833,0.4314333255899449,0.3239999941783026,0.4310455322265625,23.392938232421898,97.38965387127604,1.0756480368424506,58,1.3206803798675537,134.6004180908203,0,0.8081250190734863,8,2026-10-06 03:30:00,2026-10-01 23:00:00,1.0
9.54738385042112,76.81620833183928,0.35821223,0.5651696573977049,0.5134303005482787,High,27.38999918103218,91.6599981021136,163.32999569363892,163.90999567694962,0.2738999918103218,0.6110666540140907,0.5444333189787964,0.40977498919237404,0.463775634765625,21.357781982421898,98.11224111566484,1.1370518221165602,76,10.395109176635742,100.16510772705078,-23,0.7153935432434082,8,2026-10-06 03:30:00,2026-10-01 23:00:00,1.0
9.54738385042112,76.86606483010792,0.4067983,0.5651696573977049,0.5255768180482787,High,27.38999918103218,91.6599981021136,163.32999569363892,163.90999567694962,0.2738999918103218,0.6110666540140907,0.5444333189787964,0.40977498919237404,0.463775634765625,21.357781982421898,98.11224111566484,1.1370518221165602,131,19.258132934570312,22.07838249206543,-15,0.7705911993980408,8,2026-10-06 03:30:00,2026-10-01 23:00:00,1.0
9.54738385042112,76.91619082296177,0.9239182,0.6707653233451147,0.7340535425088361,High,37.76999951899052,112.81999739445746,210.67999520897865,212.67999517172575,0.37769999518990516,0.7521333159630498,0.7022666506965956,0.5316999879293144,0.463775634765625,21.357781982421898,98.11224111566484,1.1370518221165602,247,20.701339721679688,267.5448913574219,-7,0.7860687375068665,8,2026-10-06 03:30:00,2026-10-01 23:00:00,1.0
9.54738385042112,76.9660473212304,0.96953547,0.6707653233451147,0.7454578600088361,High,37.76999951899052,112.81999739445746,210.67999520897865,212.67999517172575,0.37769999518990516,0.7521333159630498,0.7022666506965956,0.5316999879293144,0.463775634765625,21.357781982421898,98.11224111566484,1.1370518221165602,888,29.415754318237305,64.4909896850586,12,0.8117892146110535,8,2026-10-06 03:30:00,2026-10-01 23:00:00,1.0
9.54738385042112,77.01617331408426,0.9923454,0.627154986580275,0.7184525899352063,High,35.90999925136566,108.26999599300325,181.83999419398606,188.7499939929694,0.3590999925136566,0.7217999732866883,0.6061333139799535,0.4718749849824235,0.441070556640625,19.824578857421898,97.67445852653609,1.1921590320292257,566,35.244773864746094,87.37383270263672,-37,0.5898693799972534,8,2026-10-06 03:30:00,2026-10-01 23:00:00,1.0
9.54738385042112,77.0660298123529,0.92314005,0.627154986580275,0.7011512524352063,High,35.90999925136566,108.26999599300325,181.83999419398606,188.7499939929694,0.3590999925136566,0.7217999732866883,0.6061333139799535,0.4718749849824235,0.441070556640625,19.824578857421898,97.67445852653609,1.1921590320292257,917,15.619057655334473,349.8543395996094,17,0.7577036023139954,8,2026-10-06 03:30:00,2026-10-01 23:00:00,1.0
9.54738385042112,77.1161558052068,0.76956975,0.7150896548279873,0.7287096786209905,High,65.72999858856201,129.36999685503542,184.99999576434493,195.2699954546988,0.6572999858856201,0.8624666457002361,0.6166666525478164,0.488174988636747,0.4501953125,18.947625732421898,98.12560882219204,1.0791702319607723,952,11.774463653564451,140.94976806640625,-12,0.6809523701667786,8,2026-10-06 03:30:00,2026-10-01 23:00:00,1.0
9.54738385042112,77.16601230347544,0.23167999,0.6887643232289702,0.5744932399217276,High,71.41999858617783,111.70999760739505,168.53999658487737,183.86999601498246,0.7141999858617782,0.7447333173826337,0.5617999886162579,0.45967499003745615,0.470733642578125,20.328485107421898,90.88168088928576,0.6528453700297169,919,15.797107696533203,166.58018493652344,-20,0.7171856760978699,2,2026-10-06 03:30:00,2026-10-01 23:00:00,1.0
9.54738385042112,77.21613829632929,0.20301914,0.6887643232289702,0.5673280274217276,High,71.41999858617783,111.70999760739505,168.53999658487737,183.86999601498246,0.7141999858617782,0.7447333173826337,0.5617999886162579,0.45967499003745615,0.470733642578125,20.328485107421898,90.88168088928576,0.6528453700297169,944,13.48317813873291,151.36436462402344,-15,0.6911646723747253,2,2026-10-06 03:30:00,2026-10-01 23:00:00,1.0
9.54738385042112,77.26599479459793,0.8089924,0.43966332681855813,0.5319955951139186,High,27.769998967647552,47.35999855212867,89.36999794840813,124.21999747119844,0.2776999896764755,0.3157333236808578,0.2978999931613604,0.3105499936779961,0.45953369140625,20.572625732421898,82.50106079369273,0.2323485275573873,1002,27.18290901184082,286.4805603027344,39,0.6632422804832458,2,2026-10-06 03:30:00,2026-10-01 23:00:00,1.0
9.54738385042112,77.31612078745178,0.19344309,0.43966332681855813,0.3781082676139186,Moderate,27.769998967647552,47.35999855212867,89.36999794840813,124.21999747119844,0.2776999896764755,0.3157333236808578,0.2978999931613604,0.3105499936779961,0.45953369140625,20.572625732421898,82.50106079369273,0.2323485275573873,1185,23.66864776611328,317.6151123046875,-4,0.8661952614784241,2,2026-10-06 03:30:00,2026-10-01 23:00:00,1.0
9.54738385042112,77.36597728572042,0.85496646,0.43966332681855813,0.5434891101139185,High,27.769998967647552,47.35999855212867,89.36999794840813,124.21999747119844,0.2776999896764755,0.3157333236808578,0.2978999931613604,0.3105499936779961,0.32232666015625,20.930047607421898,77.73082570485795,0.3670878788070249,1385,26.016992568969727,142.74575805664062,32,0.8021789789199829,2,2026-10-06 03:30:00,2026-10-01 23:00:00,1.0
9.597240348689752,76.36615237449541,0.00066683034,0.32911164919715374,0.24700044448286532,Low,9.699999868869781,52.20999854058027,75.86999798193574,76.50999796949327,0.09699999868869781,0.3480666569372018,0.25289999327311913,0.19127499492373318,0.23260498046875,26.521844482421898,91.16149238938512,0.3958826436906684,0,0.0,0.0,0,-0.0766955986618995,17,2026-10-06 03:30:00,2026-10-01 23:00:00,0.7753499348958334
9.597240348689752,76.41600887276405,0.0007199339,0.32911164919715374,0.24701372037286531,Low,9.699999868869781,52.20999854058027,75.86999798193574,76.50999796949327,0.09699999868869781,0.3480666569372018,0.25289999327311913,0.19127499492373318,0.23260498046875,26.521844482421898,91.16149238938512,0.3958826436906684,0,0.0,0.0,0,-0.1935123652219772,17,2026-10-06 03:30:00,2026-10-01 23:00:00,0.7753499348958334
9.597240348689752,76.4661348656179,0.008086479,0.37404166221798707,0.28255286641349026,Moderate,9.699999868869781,52.20999854058027,75.86999798193574,76.50999796949327,0.09699999868869781,0.3480666569372018,0.25289999327311913,0.19127499492373318,0.378570556640625,25.004266357421898,97.32954787146994,0.7800184630842493,6,7.703744411468506,76.15259552001953,6,0.648130476474762,8,2026-10-06 03:30:00,2026-10-01 23:00:00,1.0
9.597240348689752,76.51599136388654,0.0018610248,0.37404166221798707,0.28099650286349026,Moderate,9.699999868869781,52.20999854058027,75.86999798193574,76.50999796949327,0.09699999868869781,0.3480666569372018,0.25289999327311913,0.19127499492373318,0.378570556640625,25.004266357421898,97.32954787146994,0.7800184630842493,17,0.9274099469184875,0.0,12,0.3724296689033508,13,2026-10-06 03:30:00,2026-10-01 23:00:00,1.0
9.597240348689752,76.56611735674039,0.09794801,0.38484499474770084,0.31312074856077565,Moderate,11.479999631643295,56.30999832600355,78.16999790631235,78.56999788992107,0.11479999631643295,0.3753999888400237,0.2605666596877078,0.19642499472480268,0.406097412109375,23.943719482421898,99.20401030217796,0.9056122815644556,55,14.488996505737305,235.6818389892578,-17,0.7396683692932129,14,2026-10-06 03:30:00,2026-10-01 23:00:00,1.0
9.597240348689752,76.61597385500903,0.050813243,0.38484499474770084,0.3013370568107756,Moderate,11.479999631643295,56.30999832600355,78.16999790631235,78.56999788992107,0.11479999631643295,0.3753999888400237,0.2605666596877078,0.19642499472480268,0.406097412109375,23.943719482421898,99.20401030217796,0.9056122815644556,40,14.017071723937988,121.2481918334961,15,0.7600420117378235,8,2026-10-06 03:30:00,2026-10-01 23:00:00,1.0
9.597240348689752,76.66609984786288,0.2911059,0.4353046618036926,0.39925497135276944,Moderate,16.629999801516533,71.70999843813479,96.5299978479743,96.65999784320593,0.16629999801516532,0.47806665625423195,0.3217666594932477,0.2416499946080148,0.420135498046875,23.603875732421898,98.59599661958724,0.9881687441599936,75,14.488996505737305,235.6818389892578,-2,0.7198492288589478,8,2026-10-06 03:30:00,2026-10-01 23:00:00,1.0
9.597240348689752,76.71622584071679,0.066308305,0.49761466232084983,0.3897880729906374,Moderate,17.749999776482582,87.9099991787225,129.42999767698348,129.59999767132103,0.17749999776482583,0.5860666611914833,0.4314333255899449,0.3239999941783026,0.4310455322265625,23.392938232421898,97.38965387127604,1.0756480368424506,89,8.717109680175781,212.36944580078125,-7,0.8158553838729858,8,2026-10-06 03:30:00,2026-10-01 23:00:00,1.0
9.597240348689752,76.76608233898543,0.17256372,0.49761466232084983,0.4163519267406374,Moderate,17.749999776482582,87.9099991787225,129.42999767698348,129.59999767132103,0.17749999776482583,0.5860666611914833,0.4314333255899449,0.3239999941783026,0.4310455322265625,23.392938232421898,97.38965387127604,1.0756480368424506,142,13.863265991210938,86.23915100097656,4,0.8032520413398743,8,2026-10-06 03:30:00,2026-10-01 23:00:00,1.0
9.597240348689752,76.81620833183928,0.52440065,0.5651696573977049,0.5549774055482787,High,27.38999918103218,91.6599981021136,163.32999569363892,163.90999567694962,0.2738999918103218,0.6110666540140907,0.5444333189787964,0.40977498919237404,0.463775634765625,21.357781982421898,98.11224111566484,1.1370518221165602,122,12.573135375976562,73.12294006347656,9,0.7844080924987793,8,2026-10-06 03:30:00,2026-10-01 23:00:00,1.0
9.597240348689752,76.86606483010792,0.82776815,0.5651696573977049,0.6308192805482786,High,27.38999918103218,91.6599981021136,163.32999569363892,163.90999567694962,0.2738999918103218,0.6110666540140907,0.5444333189787964,0.40977498919237404,0.463775634765625,21.357781982421898,98.11224111566484,1.1370518221165602,238,22.97020149230957,32.83805847167969,18,0.8249361515045166,8,2026-10-06 03:30:00,2026-10-01 23:00:00,1.0
9.597240348689752,76.91619082296177,0.9907408,0.6707653233451147,0.7507591925088362,Critical,37.76999951899052,112.81999739445746,210.67999520897865,212.67999517172575,0.37769999518990516,0.7521333159630498,0.7022666506965956,0.5316999879293144,0.463775634765625,21.357781982421898,98.11224111566484,1.1370518221165602,689,33.44198989868164,255.81170654296875,-5,0.6266390681266785,8,2026-10-06 03:30:00,2026-10-01 23:00:00,1.0
9.597240348689752,76.9660473212304,0.24483894,0.6707653233451147,0.5642837275088362,High,37.76999951899052,112.81999739445746,210.67999520897865,212.67999517172575,0.37769999518990516,0.7521333159630498,0.7022666506965956,0.5316999879293144,0.463775634765625,21.357781982421898,98.11224111566484,1.1370518221165602,1040,0.9405717253684998,90.0,-2,0.7226943969726562,8,2026-10-06 03:30:00,2026-10-01 23:00:00,1.0
9.597240348689752,77.01617331408426,0.9598714,0.627154986580275,0.7103340899352063,High,35.90999925136566,108.26999599300325,181.83999419398606,188.7499939929694,0.3590999925136566,0.7217999732866883,0.6061333139799535,0.4718749849824235,0.441070556640625,19.824578857421898,97.67445852653609,1.1921590320292257,1117,23.6700496673584,222.38905334472656,-17,0.8092396259307861,8,2026-10-06 03:30:00,2026-10-01 23:00:00,1.0
9.597240348689752,77.0660298123529,0.71487296,0.627154986580275,0.6490844799352062,High,35.90999925136566,108.26999599300325,181.83999419398606,188.7499939929694,0.3590999925136566,0.7217999732866883,0.6061333139799535,0.4718749849824235,0.441070556640625,19.824578857421898,97.67445852653609,1.1921590320292257,844,11.194266319274902,65.85885620117188,15,0.703519344329834,8,2026-10-06 03:30:00,2026-10-01 23:00:00,1.0
9.597240348689752,77.1161558052068,0.93466175,0.7150896548279873,0.7699826786209905,Critical,65.72999858856201,129.36999685503542,184.99999576434493,195.2699954546988,0.6572999858856201,0.8624666457002361,0.6166666525478164,0.488174988636747,0.4501953125,18.947625732421898,98.12560882219204,1.0791702319607723,920,27.46905517578125,117.84375,4,0.6148809194564819,8,2026-10-06 03:30:00,2026-10-01 23:00:00,1.0
9.597240348689752,77.16601230347544,0.03474765,0.6887643232289702,0.5252601549217276,High,71.41999858617783,111.70999760739505,168.53999658487737,183.86999601498246,0.7141999858617782,0.7447333173826337,0.5617999886162579,0.45967499003745615,0.470733642578125,20.328485107421898,90.88168088928576,0.6528453700297169,885,2.0789411067962646,333.1105651855469,4,0.7282364368438721,8,2026-10-06 03:30:00,2026-10-01 23:00:00,1.0
9.597240348689752,77.21613829632929,0.18316182,0.6887643232289702,0.5623636974217276,High,71.41999858617783,111.70999760739505,168.53999658487737,183.86999601498246,0.7141999858617782,0.7447333173826337,0.5617999886162579,0.45967499003745615,0.470733642578125,20.328485107421898,90.88168088928576,0.6528453700297169,1131,20.516578674316406,197.88479614257807,3,0.3803151249885559,10,2026-10-06 03:30:00,2026-10-01 23:00:00,1.0
9.597240348689752,77.26599479459793,0.4513824,0.43966332681855813,0.4425930951139186,Moderate,27.769998967647552,47.35999855212867,89.36999794840813,124.21999747119844,0.2776999896764755,0.3157333236808578,0.2978999931613604,0.3105499936779961,0.45953369140625,20.572625732421898,82.50106079369273,0.2323485275573873,645,20.15032196044922,100.16365051269533,1,0.7005615234375,2,2026-10-06 03:30:00,2026-10-01 23:00:00,1.0
9.597240348689752,77.31612078745178,0.6625904,0.43966332681855813,0.4953950951139186,Moderate,27.769998967647552,47.35999855212867,89.36999794840813,124.21999747119844,0.2776999896764755,0.3157333236808578,0.2978999931613604,0.3105499936779961,0.45953369140625,20.572625732421898,82.50106079369273,0.2323485275573873,1702,31.039369583129883,259.14678955078125,-22,0.8307110667228699,2,2026-10-06 03:30:00,2026-10-01 23:00:00,1.0
9.597240348689752,77.36597728572042,0.11246855,0.43966332681855813,0.3578646326139186,Moderate,27.769998967647552,47.35999855212867,89.36999794840813,124.21999747119844,0.2776999896764755,0.3157333236808578,0.2978999931613604,0.3105499936779961,0.32232666015625,20.930047607421898,77.73082570485795,0.3670878788070249,1873,2.7802884578704834,180.0,4,0.883025050163269,2,2026-10-06 03:30:00,2026-10-01 23:00:00,1.0
9.647366341543623,76.36615237449541,0.0029214323,0.35034899634066974,0.26349210533050227,Moderate,9.499999850988388,42.389999041333795,66.10999820567667,66.48999819345772,0.09499999850988389,0.282599993608892,0.2203666606855889,0.1662249954836443,0.3179473876953125,26.301141357421898,92.58245440075676,0.3319838440114701,10,0.9407116770744324,90.0,10,0.5441677570343018,14,2026-10-06 03:30:00,2026-10-01 23:00:00,1.0
9.647366341543623,76.41600887276405,0.004601995,0.35034899634066974,0.2639122460055023,Moderate,9.499999850988388,42.389999041333795,66.10999820567667,66.48999819345772,0.09499999850988389,0.282599993608892,0.2203666606855889,0.1662249954836443,0.3179473876953125,26.301141357421898,92.58245440075676,0.3319838440114701,7,1.3208779096603394,225.4080352783203,-6,0.6647595763206482,11,2026-10-06 03:30:00,2026-10-01 23:00:00,1.0
9.647366341543623,76.4661348656179,0.0006957027,0.35034899634066974,0.2629356729305023,Moderate,9.499999850988388,42.389999041333795,66.10999820567667,66.48999819345772,0.09499999850988389,0.282599993608892,0.2203666606855889,0.1662249954836443,0.3564910888671875,24.478875732421898,99.07955046820098,0.9675656414311476,2,1.854334115982056,0.0,3,-0.117659106850624,12,2026-10-06 03:30:00,2026-10-01 23:00:00,1.0
9.647366341543623,76.51599136388654,0.0060425056,0.35034899634066974,0.26427237365550227,Moderate,9.499999850988388,42.389999041333795,66.10999820567667,66.48999819345772,0.09499999850988389,0.282599993608892,0.2203666606855889,0.1662249954836443,0.3564910888671875,24.478875732421898,99.07955046820098,0.9675656414311476,6,2.9346494674682617,341.3188171386719,2,0.4910522401332855,14,2026-10-06 03:30:00,2026-10-01 23:00:00,1.0
9.647366341543623,76.56611735674039,0.019637091,0.3620536630869533,0.276449520065215,Moderate,10.3399997651577,51.249998815357685,66.48999858647585,67.02999856881797,0.103399997651577,0.3416666587690512,0.22163332862158616,0.16757499642204493,0.426513671875,23.781610107421898,98.86513546491916,1.0330843579771962,15,8.28909969329834,0.0,22,0.6873102784156799,14,2026-10-06 03:30:00,2026-10-01 23:00:00,1.0
9.647366341543623,76.61597385500903,0.0076862467,0.3620536630869533,0.273461808990215,Moderate,10.3399997651577,51.249998815357685,66.48999858647585,67.02999856881797,0.103399997651577,0.3416666587690512,0.22163332862158616,0.16757499642204493,0.426513671875,23.781610107421898,98.86513546491916,1.0330843579771962,35,8.340843200683594,6.4303879737854,14,0.7688338756561279,8,2026-10-06 03:30:00,2026-10-01 23:00:00,1.0
9.647366341543623,76.66609984786288,0.07156476,0.5032029949540894,0.39529343621556706,Moderate,15.309999883174896,102.35999829135835,125.32999770902097,126.26999768614769,0.15309999883174896,0.6823999886090557,0.41776665903006993,0.3156749942153692,0.4257049560546875,23.320672607421898,98.11652056799048,1.0913676527293137,82,10.398016929626465,79.83782958984375,-11,0.7469013333320618,8,2026-10-06 03:30:00,2026-10-01 23:00:00,1.0
9.647366341543623,76.71622584071679,0.018545788,0.650947660124985,0.49284719209373873,Moderate,40.71999987959862,135.15999781526625,172.83999696187675,174.1299969200045,0.4071999987959862,0.9010666521017751,0.5761333232062559,0.4353249923000112,0.421600341796875,22.178094482421898,97.73841806881217,1.1649997431320147,63,2.096831083297729,116.2400131225586,0,0.7225313186645508,8,2026-10-06 03:30:00,2026-10-01 23:00:00,1.0
9.647366341543623,76.76608233898543,0.068921864,0.650947660124985,0.5054412110937387,High,40.71999987959862,135.15999781526625,172.83999696187675,174.1299969200045,0.4071999987959862,0.9010666521017751,0.5761333232062559,0.4353249923000112,0.421600341796875,22.178094482421898,97.73841806881217,1.1649997431320147,60,5.412640571594238,328.67498779296875,21,0.8092164397239685,8,2026-10-06 03:30:00,2026-10-01 23:00:00,1.0
9.647366341543623,76.81620833183928,0.2698166,0.6953033202211684,0.5889316401658763,High,35.42999875545502,145.51999598182738,206.13999515026808,208.61999508552253,0.35429998755455017,0.9701333065455159,0.6871333171675602,0.5215499877138063,0.457916259765625,20.558953857421898,97.00518241595488,1.228253532359384,84,14.376578330993652,18.68117332458496,41,0.8049017190933228,8,2026-10-06 03:30:00,2026-10-01 23:00:00,1.0
9.647366341543623,76.86606483010792,0.97396255,0.6953033202211684,0.7649681276658763,Critical,35.42999875545502,145.51999598182738,206.13999515026808,208.61999508552253,0.35429998755455017,0.9701333065455159,0.6871333171675602,0.5215499877138063,0.457916259765625,20.558953857421898,97.00518241595488,1.228253532359384,545,31.07868003845215,27.588939666748047,51,0.8146906495094299,2,2026-10-06 03:30:00,2026-10-01 23:00:00,1.0
9.647366341543623,76.91619082296177,0.74549675,0.5464866599977016,0.5962391824982762,High,23.12999951839447,85.38999852910638,158.12999683991075,165.27999678254128,0.2312999951839447,0.5692666568607092,0.5270999894663692,0.4131999919563532,0.457916259765625,20.558953857421898,97.00518241595488,1.228253532359384,1095,9.079693794250488,24.26681327819824,17,0.4849619567394256,8,2026-10-06 03:30:00,2026-10-01 23:00:00,1.0
9.647366341543623,76.9660473212304,0.9468732,0.5464866599977016,0.6465832949982762,High,23.12999951839447,85.38999852910638,158.12999683991075,165.27999678254128,0.2312999951839447,0.5692666568607092,0.5270999894663692,0.4131999919563532,0.457916259765625,20.558953857421898,97.00518241595488,1.228253532359384,872,23.964996337890625,234.3599548339844,-24,0.3606839179992676,8,2026-10-06 03:30:00,2026-10-01 23:00:00,1.0
9.647366341543623,77.01617331408426,0.97901344,0.46909866029123465,0.596577355218426,High,15.089999601244926,58.77999862469733,131.94999690540135,141.31999672949314,0.15089999601244927,0.39186665749798216,0.4398333230180045,0.35329999182373284,0.4638519287109375,18.953485107421898,96.12977403856696,1.2798460882358331,842,24.29657745361328,310.198486328125,40,0.845464289188385,8,2026-10-06 03:30:00,2026-10-01 23:00:00,1.0
9.647366341543623,77.0660298123529,0.9833771,0.46909866029123465,0.597668270218426,High,15.089999601244926,58.77999862469733,131.94999690540135,141.31999672949314,0.15089999601244927,0.39186665749798216,0.4398333230180045,0.35329999182373284,0.4638519287109375,18.953485107421898,96.12977403856696,1.2798460882358331,802,22.96504211425781,353.3244934082031,41,0.752799391746521,8,2026-10-06 03:30:00,2026-10-01 23:00:00,1.0
9.647366341543623,77.1161558052068,0.68019676,0.4699449931419144,0.5225079348564358,High,21.199999570846558,55.67999840155244,124.80999683216214,136.60999647900462,0.2119999957084656,0.3711999893436829,0.4160333227738738,0.34152499119751156,0.449432373046875,18.621453857421898,96.06113131713212,1.0994162552716502,1046,14.257652282714844,206.89288330078125,-24,0.8731847405433655,2,2026-10-06 03:30:00,2026-10-01 23:00:00,1.0
9.647366341543623,77.16601230347544,0.09994071,0.4253263287843516,0.3439799240882637,Moderate,14.699999749660492,23.359999522566795,126.97999743558466,138.84999702498317,0.14699999749660492,0.1557333301504453,0.4232666581186155,0.34712499256245793,0.40533447265625,21.615594482421898,86.0624469959031,0.6172329279633454,1111,5.8539814949035645,161.31883239746094,-9,0.7734677195549011,8,2026-10-06 03:30:00,2026-10-01 23:00:00,1.0
9.647366341543623,77.21613829632929,0.008712282,0.4253263287843516,0.32117281708826373,Moderate,14.699999749660492,23.359999522566795,126.97999743558466,138.84999702498317,0.14699999749660492,0.1557333301504453,0.4232666581186155,0.34712499256245793,0.40533447265625,21.615594482421898,86.0624469959031,0.6172329279633454,457,7.88836669921875,159.17420959472656,-4,0.2482700198888778,14,2026-10-06 03:30:00,2026-10-01 23:00:00,1.0
9.647366341543623,77.26599479459793,0.009230457,0.35710996843818577,0.2701400905786393,Moderate,19.199999526143074,27.329999342560768,69.64999896101654,116.49999782629311,0.19199999526143074,0.18219999561707179,0.23216666320338844,0.29124999456573275,0.2633819580078125,22.506219482421898,79.22302594356633,0.1277938166435509,432,0.0,0.0,6,0.5999258756637573,12,2026-10-06 03:30:00,2026-10-01 23:00:00,0.8779398600260417
9.647366341543623,77.31612078745178,0.048825324,0.35710996843818577,0.28003880732863934,Moderate,19.199999526143074,27.329999342560768,69.64999896101654,116.49999782629311,0.19199999526143074,0.18219999561707179,0.23216666320338844,0.29124999456573275,0.2633819580078125,22.506219482421898,79.22302594356633,0.1277938166435509,697,23.80565643310547,308.5924987792969,0,0.6933874487876892,2,2026-10-06 03:30:00,2026-10-01 23:00:00,0.8779398600260417
9.647366341543623,77.36597728572042,0.5492623,0.30825132586006077,0.36850406939504554,Moderate,19.199999526143074,27.329999342560768,69.64999896101654,116.49999782629311,0.19199999526143074,0.18219999561707179,0.23216666320338844,0.29124999456573275,0.190093994140625,22.469110107421898,74.60890976858417,0.2388509608420118,1705,21.65608596801757,277.0252685546875,-23,0.8537534475326538,2,2026-10-06 03:30:00,2026-10-01 23:00:00,0.6336466471354167
9.697222839812255,76.36615237449541,0.0007199339,0.35034899634066974,0.26294173073050225,Moderate,9.499999850988388,42.389999041333795,66.10999820567667,66.48999819345772,0.09499999850988389,0.282599993608892,0.2203666606855889,0.1662249954836443,0.3179473876953125,26.301141357421898,92.58245440075676,0.3319838440114701,0,0.0,0.0,0,0.0169022157788276,17,2026-10-06 03:30:00,2026-10-01 23:00:00,1.0
9.697222839812255,76.41600887276405,0.004400113,0.35034899634066974,0.26386177550550227,Moderate,9.499999850988388,42.389999041333795,66.10999820567667,66.48999819345772,0.09499999850988389,0.282599993608892,0.2203666606855889,0.1662249954836443,0.3179473876953125,26.301141357421898,92.58245440075676,0.3319838440114701,2,1.320976972579956,45.41226959228516,6,0.723637044429779,8,2026-10-06 03:30:00,2026-10-01 23:00:00,1.0
9.697222839812255,76.4661348656179,0.0030577427,0.35034899634066974,0.2635261829305023,Moderate,9.499999850988388,42.389999041333795,66.10999820567667,66.48999819345772,0.09499999850988389,0.282599993608892,0.2203666606855889,0.1662249954836443,0.3564910888671875,24.478875732421898,99.07955046820098,0.9675656414311476,3,2.9346940517425537,18.683746337890625,-8,0.7163406610488892,8,2026-10-06 03:30:00,2026-10-01 23:00:00,1.0
9.697222839812255,76.51599136388654,0.0062638866,0.35034899634066974,0.2643277189055023,Moderate,9.499999850988388,42.389999041333795,66.10999820567667,66.48999819345772,0.09499999850988389,0.282599993608892,0.2203666606855889,0.1662249954836443,0.3564910888671875,24.478875732421898,99.07955046820098,0.9675656414311476,9,7.540568351745605,82.97576141357422,4,0.6647477149963379,14,2026-10-06 03:30:00,2026-10-01 23:00:00,1.0
9.697222839812255,76.56611735674039,0.045099363,0.3620536630869533,0.282815088065215,Moderate,10.3399997651577,51.249998815357685,66.48999858647585,67.02999856881797,0.103399997651577,0.3416666587690512,0.22163332862158616,0.16757499642204493,0.426513671875,23.781610107421898,98.86513546491916,1.0330843579771962,95,8.842934608459473,251.81100463867188,-10,0.7035620808601379,8,2026-10-06 03:30:00,2026-10-01 23:00:00,1.0
9.697222839812255,76.61597385500903,0.007003838,0.3620536630869533,0.27329120681521496,Moderate,10.3399997651577,51.249998815357685,66.48999858647585,67.02999856881797,0.103399997651577,0.3416666587690512,0.22163332862158616,0.16757499642204493,0.426513671875,23.781610107421898,98.86513546491916,1.0330843579771962,36,10.467669486999512,15.465733528137209,1,0.7245936989784241,8,2026-10-06 03:30:00,2026-10-01 23:00:00,1.0
9.697222839812255,76.66609984786288,0.0038311202,0.5032029949540894,0.3783600262655671,Moderate,15.309999883174896,102.35999829135835,125.32999770902097,126.26999768614769,0.15309999883174896,0.6823999886090557,0.41776665903006993,0.3156749942153692,0.4257049560546875,23.320672607421898,98.11652056799048,1.0913676527293137,14,4.651520252227783,37.26647567749024,4,0.4489494860172272,8,2026-10-06 03:30:00,2026-10-01 23:00:00,1.0
9.697222839812255,76.71622584071679,0.009235984,0.650947660124985,0.49051974109373875,Moderate,40.71999987959862,135.15999781526625,172.83999696187675,174.1299969200045,0.4071999987959862,0.9010666521017751,0.5761333232062559,0.4353249923000112,0.421600341796875,22.178094482421898,97.73841806881217,1.1649997431320147,46,5.547544956207275,0.0,-3,0.7714608907699585,8,2026-10-06 03:30:00,2026-10-01 23:00:00,1.0
9.697222839812255,76.76608233898543,0.010286447,0.650947660124985,0.4907823568437387,Moderate,40.71999987959862,135.15999781526625,172.83999696187675,174.1299969200045,0.4071999987959862,0.9010666521017751,0.5761333232062559,0.4353249923000112,0.421600341796875,22.178094482421898,97.73841806881217,1.1649997431320147,30,6.215444087982178,206.89630126953125,10,0.5535168051719666,8,2026-10-06 03:30:00,2026-10-01 23:00:00,1.0
9.697222839812255,76.81620833183928,0.107549354,0.6953033202211684,0.5483648286658763,High,35.42999875545502,145.51999598182738,206.13999515026808,208.61999508552253,0.35429998755455017,0.9701333065455159,0.6871333171675602,0.5215499877138063,0.457916259765625,20.558953857421898,97.00518241595488,1.228253532359384,52,8.262171745300293,26.896299362182617,31,0.7692579627037048,8,2026-10-06 03:30:00,2026-10-01 23:00:00,1.0
9.697222839812255,76.86606483010792,0.9898623,0.6953033202211684,0.7689430651658763,Critical,35.42999875545502,145.51999598182738,206.13999515026808,208.61999508552253,0.35429998755455017,0.9701333065455159,0.6871333171675602,0.5215499877138063,0.457916259765625,20.558953857421898,97.00518241595488,1.228253532359384,536,29.50324058532715,166.57444763183594,-1,0.6097936034202576,8,2026-10-06 03:30:00,2026-10-01 23:00:00,1.0
9.697222839812255,76.91619082296177,0.20601286,0.5464866599977016,0.4613682099982762,Moderate,23.12999951839447,85.38999852910638,158.12999683991075,165.27999678254128,0.2312999951839447,0.5692666568607092,0.5270999894663692,0.4131999919563532,0.457916259765625,20.558953857421898,97.00518241595488,1.228253532359384,940,5.62744665145874,270.0,0,0.7253144383430481,8,2026-10-06 03:30:00,2026-10-01 23:00:00,1.0
9.697222839812255,76.9660473212304,0.5616273,0.5464866599977016,0.5502718199982762,High,23.12999951839447,85.38999852910638,158.12999683991075,165.27999678254128,0.2312999951839447,0.5692666568607092,0.5270999894663692,0.4131999919563532,0.457916259765625,20.558953857421898,97.00518241595488,1.228253532359384,824,5.85407018661499,198.68374633789065,17,0.6484456062316895,8,2026-10-06 03:30:00,2026-10-01 23:00:00,1.0
9.697222839812255,77.01617331408426,0.9257481,0.46909866029123465,0.583261020218426,High,15.089999601244926,58.77999862469733,131.94999690540135,141.31999672949314,0.15089999601244927,0.39186665749798216,0.4398333230180045,0.35329999182373284,0.4638519287109375,18.953485107421898,96.12977403856696,1.2798460882358331,778,20.271221160888672,138.16690063476562,2,0.8256592154502869,8,2026-10-06 03:30:00,2026-10-01 23:00:00,1.0
9.697222839812255,77.0660298123529,0.052275214,0.46909866029123465,0.364892798718426,Moderate,15.089999601244926,58.77999862469733,131.94999690540135,141.31999672949314,0.15089999601244927,0.39186665749798216,0.4398333230180045,0.35329999182373284,0.4638519287109375,18.953485107421898,96.12977403856696,1.2798460882358331,760,6.687674522399902,325.9283142089844,-8,0.7775189876556396,8,2026-10-06 03:30:00,2026-10-01 23:00:00,1.0
9.697222839812255,77.1161558052068,0.74056304,0.4699449931419144,0.5375995048564358,High,21.199999570846558,55.67999840155244,124.80999683216214,136.60999647900462,0.2119999957084656,0.3711999893436829,0.4160333227738738,0.34152499119751156,0.449432373046875,18.621453857421898,96.06113131713212,1.0994162552716502,1148,16.463233947753906,189.59695434570312,15,0.8256909847259521,2,2026-10-06 03:30:00,2026-10-01 23:00:00,1.0
9.697222839812255,77.16601230347544,0.10249698,0.4253263287843516,0.3446189915882637,Moderate,14.699999749660492,23.359999522566795,126.97999743558466,138.84999702498317,0.14699999749660492,0.1557333301504453,0.4232666581186155,0.34712499256245793,0.40533447265625,21.615594482421898,86.0624469959031,0.6172329279633454,1141,12.38194465637207,311.5775146484375,-25,0.6462963223457336,8,2026-10-06 03:30:00,2026-10-01 23:00:00,1.0
9.697222839812255,77.21613829632929,0.007562078,0.4253263287843516,0.32088526608826373,Moderate,14.699999749660492,23.359999522566795,126.97999743558466,138.84999702498317,0.14699999749660492,0.1557333301504453,0.4232666581186155,0.34712499256245793,0.40533447265625,21.615594482421898,86.0624469959031,0.6172329279633454,609,8.332818031311035,116.23664855957033,-3,0.6550288796424866,12,2026-10-06 03:30:00,2026-10-01 23:00:00,1.0
9.697222839812255,77.26599479459793,0.00975933,0.35710996843818577,0.27027230882863934,Moderate,19.199999526143074,27.329999342560768,69.64999896101654,116.49999782629311,0.19199999526143074,0.18219999561707179,0.23216666320338844,0.29124999456573275,0.2633819580078125,22.506219482421898,79.22302594356633,0.1277938166435509,442,2.0970804691314697,63.76334762573242,3,0.5249671936035156,12,2026-10-06 03:30:00,2026-10-01 23:00:00,0.8779398600260417
9.697222839812255,77.31612078745178,0.016298264,0.35710996843818577,0.2719070423286393,Moderate,19.199999526143074,27.329999342560768,69.64999896101654,116.49999782629311,0.19199999526143074,0.18219999561707179,0.23216666320338844,0.29124999456573275,0.2633819580078125,22.506219482421898,79.22302594356633,0.1277938166435509,414,2.0790669918060303,26.896299362182617,1,0.591122567653656,14,2026-10-06 03:30:00,2026-10-01 23:00:00,0.8779398600260417
9.697222839812255,77.36597728572042,0.11037953,0.30825132586006077,0.2587833768950456,Moderate,19.199999526143074,27.329999342560768,69.64999896101654,116.49999782629311,0.19199999526143074,0.18219999561707179,0.23216666320338844,0.29124999456573275,0.190093994140625,22.469110107421898,74.60890976858417,0.2388509608420118,939,26.99212455749512,271.8212280273437,-100,0.314115047454834,8,2026-10-06 03:30:00,2026-10-01 23:00:00,0.6336466471354167
9.747348832666129,76.36615237449541,0.0028815907,0.34720499701611696,0.26112414543708773,Moderate,7.769999921321869,39.95999933592975,66.9199984036386,71.00999831780791,0.07769999921321868,0.26639999557286503,0.223066661345462,0.17752499579451977,0.3179473876953125,26.301141357421898,92.58245440075676,0.3319838440114701,9,2.96901535987854,288.1864624023437,1,0.6418226957321167,11,2026-10-06 03:30:00,2026-10-01 23:00:00,1.0
9.747348832666129,76.41600887276405,0.0032671948,0.34720499701611696,0.26122054646208775,Moderate,7.769999921321869,39.95999933592975,66.9199984036386,71.00999831780791,0.07769999921321868,0.26639999557286503,0.223066661345462,0.17752499579451977,0.3179473876953125,26.301141357421898,92.58245440075676,0.3319838440114701,-2,2.934738874435425,198.68634033203125,6,0.5368584394454956,10,2026-10-06 03:30:00,2026-10-01 23:00:00,1.0
9.747348832666129,76.4661348656179,0.0043286504,0.34720499701611696,0.26148591036208774,Moderate,7.769999921321869,39.95999933592975,66.9199984036386,71.00999831780791,0.07769999921321868,0.26639999557286503,0.223066661345462,0.17752499579451977,0.3564910888671875,24.478875732421898,99.07955046820098,0.9675656414311476,-3,2.09733247756958,296.2332458496094,9,0.5301782488822937,8,2026-10-06 03:30:00,2026-10-01 23:00:00,1.0
9.747348832666129,76.51599136388654,0.023707869,0.34720499701611696,0.26633071501208777,Moderate,7.769999921321869,39.95999933592975,66.9199984036386,71.00999831780791,0.07769999921321868,0.26639999557286503,0.223066661345462,0.17752499579451977,0.3564910888671875,24.478875732421898,99.07955046820098,0.9675656414311476,53,6.215632915496826,153.10025024414062,1,0.6486137509346008,8,2026-10-06 03:30:00,2026-10-01 23:00:00,1.0
9.747348832666129,76.56611735674039,0.025235547,0.3630899955885485,0.2786263834414114,Moderate,9.369999840855598,48.68999852053821,69.6299981251359,73.41999796964228,0.09369999840855599,0.3245999901369214,0.23209999375045298,0.1835499949241057,0.426513671875,23.781610107421898,98.86513546491916,1.0330843579771962,86,6.725149154663086,303.306640625,-5,0.7158143520355225,8,2026-10-06 03:30:00,2026-10-01 23:00:00,1.0
9.747348832666129,76.61597385500903,0.23893565,0.3630899955885485,0.33205140919141135,Moderate,9.369999840855598,48.68999852053821,69.6299981251359,73.41999796964228,0.09369999840855599,0.3245999901369214,0.23209999375045298,0.1835499949241057,0.426513671875,23.781610107421898,98.86513546491916,1.0330843579771962,50,12.038978576660156,57.90499877929688,31,0.7405639886856079,8,2026-10-06 03:30:00,2026-10-01 23:00:00,1.0
9.747348832666129,76.66609984786288,0.050543647,0.4853609939767048,0.3766566572325286,Moderate,13.879999548196793,96.68999805115163,116.39999773353338,122.68999754451215,0.13879999548196792,0.6445999870076775,0.3879999924451113,0.3067249938612804,0.4257049560546875,23.320672607421898,98.11652056799048,1.0913676527293137,89,9.843411445617676,229.2265472412109,2,0.7116584777832031,8,2026-10-06 03:30:00,2026-10-01 23:00:00,1.0
9.747348832666129,76.71622584071679,0.014313283,0.5885499925031636,0.4449908151273727,Moderate,37.709999680519104,115.91999747790396,141.98999693989754,151.7799965608865,0.377099996805191,0.7727999831860264,0.4732999897996585,0.37944999140221625,0.421600341796875,22.178094482421898,97.73841806881217,1.1649997431320147,52,3.355422258377075,34.07565689086914,4,0.5228352546691895,8,2026-10-06 03:30:00,2026-10-01 23:00:00,1.0
9.747348832666129,76.76608233898543,0.7676323,0.5885499925031636,0.6333205693773727,High,37.709999680519104,115.91999747790396,141.98999693989754,151.7799965608865,0.377099996805191,0.7727999831860264,0.4732999897996585,0.37944999140221625,0.421600341796875,22.178094482421898,97.73841806881217,1.1649997431320147,162,21.30045318603516,175.1669158935547,-34,0.7182410359382629,8,2026-10-06 03:30:00,2026-10-01 23:00:00,1.0
9.747348832666129,76.81620833183928,0.9377248,0.6579506567309301,0.7278941925481976,High,40.08999925851822,136.83999681286514,175.15999613329768,183.35999608039856,0.40089999258518216,0.912266645419101,0.5838666537776589,0.4583999902009964,0.457916259765625,20.558953857421898,97.00518241595488,1.228253532359384,671,20.225419998168945,290.57879638671875,-17,0.777819812297821,8,2026-10-06 03:30:00,2026-10-01 23:00:00,1.0
9.747348832666129,76.86606483010792,0.9839569,0.6579506567309301,0.7394522175481976,High,40.08999925851822,136.83999681286514,175.15999613329768,183.35999608039856,0.40089999258518216,0.912266645419101,0.5838666537776589,0.4583999902009964,0.457916259765625,20.558953857421898,97.00518241595488,1.228253532359384,502,31.60625267028809,1.5295050144195557,-1,0.8419753313064575,8,2026-10-06 03:30:00,2026-10-01 23:00:00,1.0
9.747348832666129,76.91619082296177,0.17021947,0.5715599909202507,0.471224860690188,Moderate,38.52999919652939,98.90999748930335,141.01999643072486,152.35999612137675,0.3852999919652939,0.6593999832620223,0.4700666547690829,0.3808999903034419,0.457916259765625,20.558953857421898,97.00518241595488,1.228253532359384,852,3.82178258895874,194.2335357666016,-6,0.7330138087272644,8,2026-10-06 03:30:00,2026-10-01 23:00:00,1.0
9.747348832666129,76.9660473212304,0.9537613,0.5715599909202507,0.6671103181901881,High,38.52999919652939,98.90999748930335,141.01999643072486,152.35999612137675,0.3852999919652939,0.6593999832620223,0.4700666547690829,0.3808999903034419,0.457916259765625,20.558953857421898,97.00518241595488,1.228253532359384,883,23.634387969970703,328.300048828125,17,0.7522721886634827,8,2026-10-06 03:30:00,2026-10-01 23:00:00,1.0
9.747348832666129,77.01617331408426,0.9131192,0.4806783264534548,0.5887885448400911,High,18.569999516010284,61.54999843239784,132.19999678991735,144.24999665655196,0.18569999516010285,0.4103333228826523,0.44066665596639115,0.3606249916413799,0.4638519287109375,18.953485107421898,96.12977403856696,1.2798460882358331,794,18.09730339050293,233.5291748046875,-15,0.7431596517562866,2,2026-10-06 03:30:00,2026-10-01 23:00:00,1.0
9.747348832666129,77.0660298123529,0.6837927,0.4806783264534548,0.5314569198400911,High,18.569999516010284,61.54999843239784,132.19999678991735,144.24999665655196,0.18569999516010285,0.4103333228826523,0.44066665596639115,0.3606249916413799,0.4638519287109375,18.953485107421898,96.12977403856696,1.2798460882358331,873,10.030561447143556,56.6933708190918,-8,0.8124300241470337,8,2026-10-06 03:30:00,2026-10-01 23:00:00,1.0
9.747348832666129,77.1161558052068,0.116258204,0.47435232688896356,0.38482879616672266,Moderate,12.129999816417694,61.06999834254384,136.51999681442976,151.46999647840858,0.12129999816417694,0.4071333222836256,0.4550666560480992,0.37867499119602144,0.449432373046875,18.621453857421898,96.06113131713212,1.0994162552716502,909,7.248684883117676,139.78416442871094,-13,0.756393551826477,9,2026-10-06 03:30:00,2026-10-01 23:00:00,1.0
9.747348832666129,77.16601230347544,0.08766628,0.4751339895024275,0.37826706212682065,Moderate,7.789999842643738,56.009997352957726,146.49999451637268,165.21999405510724,0.07789999842643738,0.3733999823530515,0.4883333150545756,0.4130499851377681,0.40533447265625,21.615594482421898,86.0624469959031,0.6172329279633454,1137,8.718207359313965,32.381011962890625,3,0.6917209029197693,2,2026-10-06 03:30:00,2026-10-01 23:00:00,1.0
9.747348832666129,77.21613829632929,0.028092833,0.4751339895024275,0.36337370037682065,Moderate,7.789999842643738,56.009997352957726,146.49999451637268,165.21999405510724,0.07789999842643738,0.3733999823530515,0.4883333150545756,0.4130499851377681,0.40533447265625,21.615594482421898,86.0624469959031,0.6172329279633454,1060,8.458331108093262,96.24939727783205,-3,0.7068148255348206,8,2026-10-06 03:30:00,2026-10-01 23:00:00,1.0
9.747348832666129,77.26599479459793,0.021544026,0.3451059678718448,0.2642154824038836,Moderate,8.269999831914902,29.249999031424522,76.80999825149775,120.65999726951122,0.08269999831914902,0.19499999354283015,0.25603332750499247,0.30164999317377805,0.2633819580078125,22.506219482421898,79.22302594356633,0.1277938166435509,461,2.09733247756958,63.766746520996094,-4,0.5813430547714233,12,2026-10-06 03:30:00,2026-10-01 23:00:00,0.8779398600260417
9.747348832666129,77.31612078745178,0.010672933,0.3451059678718448,0.2614977091538836,Moderate,8.269999831914902,29.249999031424522,76.80999825149775,120.65999726951122,0.08269999831914902,0.19499999354283015,0.25603332750499247,0.30164999317377805,0.2633819580078125,22.506219482421898,79.22302594356633,0.1277938166435509,385,0.9274099469184875,0.0,5,0.3955048620700836,13,2026-10-06 03:30:00,2026-10-01 23:00:00,0.8779398600260417
9.747348832666129,77.36597728572042,0.27027252,0.2962473252937198,0.2897536239702898,Moderate,8.269999831914902,29.249999031424522,76.80999825149775,120.65999726951122,0.08269999831914902,0.19499999354283015,0.25603332750499247,0.30164999317377805,0.190093994140625,22.469110107421898,74.60890976858417,0.2388509608420118,819,36.181976318359375,354.84637451171875,3,0.5314923524856567,8,2026-10-06 03:30:00,2026-10-01 23:00:00,0.6336466471354167
9.84733132378863,76.26616988337287,0.0014513431,0.3105258445220068,0.2332572191665051,Low,1.0199999809265137,21.579999716952443,138.1999953929335,141.4199952725321,0.010199999809265137,0.14386666477968296,0.4606666513097783,0.35354998818133027,0.1562957763671875,26.945672607421898,88.93624224650118,0.7271295767649169,0,0.9412750601768494,270.0,9,-0.2709537446498871,11,2026-10-06 03:30:00,2026-10-01 23:00:00,0.5209859212239584
9.84733132378863,76.3160263816415,0.0010798831,0.3292368461834888,0.2471976054126166,Low,4.739999920129776,48.87999911047518,122.56999730318785,130.72999707609415,0.04739999920129776,0.3258666607365012,0.40856665767729283,0.32682499269023535,0.1562957763671875,26.945672607421898,88.93624224650118,0.7271295767649169,6,2.641154289245605,45.42518615722656,1,0.0496794879436492,11,2026-10-06 03:30:00,2026-10-01 23:00:00,0.5209859212239584
9.84733132378863,76.36615237449541,0.0018703858,0.39465499362424017,0.2964588416681801,Moderate,8.559999773278832,54.689998257905245,88.02999687753618,97.54999686777592,0.08559999773278833,0.36459998838603497,0.2934333229251206,0.24387499216943978,0.3336944580078125,26.156610107421898,93.59407213483594,0.4533500610278955,11,2.969821691513061,108.18134307861328,-1,0.654647171497345,11,2026-10-06 03:30:00,2026-10-01 23:00:00,1.0
9.84733132378863,76.41600887276405,0.04234165,0.39465499362424017,0.3065766577181801,Moderate,8.559999773278832,54.689998257905245,88.02999687753618,97.54999686777592,0.08559999773278833,0.36459998838603497,0.2934333229251206,0.24387499216943978,0.3336944580078125,26.156610107421898,93.59407213483594,0.4533500610278955,22,11.77852725982666,39.07530212402344,8,0.6642066240310669,8,2026-10-06 03:30:00,2026-10-01 23:00:00,1.0
9.84733132378863,76.4661348656179,0.015179737,0.39465499362424017,0.2997861794681801,Moderate,8.559999773278832,54.689998257905245,88.02999687753618,97.54999686777592,0.08559999773278833,0.36459998838603497,0.2934333229251206,0.24387499216943978,0.403900146484375,24.351922607421898,97.98136481194813,0.970781419291282,17,3.821851968765259,345.7623596191406,5,0.7194268703460693,8,2026-10-06 03:30:00,2026-10-01 23:00:00,1.0
9.84733132378863,76.51599136388654,0.00704461,0.39465499362424017,0.2977523977181801,Moderate,8.559999773278832,54.689998257905245,88.02999687753618,97.54999686777592,0.08559999773278833,0.36459998838603497,0.2934333229251206,0.24387499216943978,0.403900146484375,24.351922607421898,97.98136481194813,0.970781419291282,20,5.971429824829102,308.24566650390625,-16,0.7745052576065063,8,2026-10-06 03:30:00,2026-10-01 23:00:00,1.0
9.84733132378863,76.56611735674039,0.39317742,0.42756166042660676,0.41896560031995506,Moderate,13.039999708533287,70.56999783962965,93.63999749720097,102.58999729901552,0.13039999708533287,0.47046665226419765,0.31213332499066987,0.2564749932475388,0.428802490234375,23.898797607421898,97.58314340091452,1.130723579618059,83,16.606792449951172,209.72251892089844,11,0.531478226184845,8,2026-10-06 03:30:00,2026-10-01 23:00:00,1.0
9.84733132378863,76.61597385500903,0.15286626,0.42756166042660676,0.35888781031995504,Moderate,13.039999708533287,70.56999783962965,93.63999749720097,102.58999729901552,0.13039999708533287,0.47046665226419765,0.31213332499066987,0.2564749932475388,0.428802490234375,23.898797607421898,97.58314340091452,1.130723579618059,82,4.72131872177124,348.525390625,7,0.6512283086776733,8,2026-10-06 03:30:00,2026-10-01 23:00:00,1.0
9.84733132378863,76.66609984786288,0.69982237,0.4368849953999122,0.5026193390499342,High,20.129999801516533,73.34999864175916,85.24999821186066,100.36999735236168,0.20129999801516532,0.488999990945061,0.28416666070620217,0.2509249933809042,0.4267425537109375,22.963250732421898,97.6241818130748,1.1893140105627509,244,15.540046691894531,50.18244934082031,-1,0.7222578525543213,8,2026-10-06 03:30:00,2026-10-01 23:00:00,1.0
9.84733132378863,76.71622584071679,0.8094966,0.5382839947472637,0.6060871460604478,High,28.219999730587006,102.98999823629856,123.3099976759404,146.6799980532378,0.28219999730587003,0.6865999882419904,0.411033325586468,0.3666999951330945,0.4251708984375,22.203485107421898,95.84358925227782,1.2579235139131977,284,11.727070808410645,45.42518615722656,-30,0.5721515417098999,8,2026-10-06 03:30:00,2026-10-01 23:00:00,1.0
9.84733132378863,76.76608233898543,0.0717757,0.5382839947472637,0.42165692106044783,Moderate,28.219999730587006,102.98999823629856,123.3099976759404,146.6799980532378,0.28219999730587003,0.6865999882419904,0.411033325586468,0.3666999951330945,0.4251708984375,22.203485107421898,95.84358925227782,1.2579235139131977,64,7.2688069343566895,50.61208724975586,15,0.6281223893165588,8,2026-10-06 03:30:00,2026-10-01 23:00:00,1.0
9.84733132378863,76.81620833183928,0.14345203,0.47907832661848515,0.3951717524638639,Moderate,29.659999281167984,77.14999818988144,102.4499975796789,111.00999717973173,0.2965999928116798,0.5143333212658763,0.341499991932263,0.2775249929493293,0.45159912109375,20.660516357421898,95.94651294706446,1.3204628448412286,78,6.531881809234619,351.75,-4,0.8068036437034607,8,2026-10-06 03:30:00,2026-10-01 23:00:00,1.0
9.84733132378863,76.86606483010792,0.9403337,0.47907832661848515,0.5943921699638639,High,29.659999281167984,77.14999818988144,102.4499975796789,111.00999717973173,0.2965999928116798,0.5143333212658763,0.341499991932263,0.2775249929493293,0.45159912109375,20.660516357421898,95.94651294706446,1.3204628448412286,360,22.704456329345703,308.24566650390625,26,0.7580043077468872,8,2026-10-06 03:30:00,2026-10-01 23:00:00,1.0
9.84733132378863,76.91619082296177,0.77264893,0.44881299381752815,0.5297719778631461,High,28.519999265670776,58.13999864645302,99.18999750353396,100.80999745428562,0.28519999265670776,0.3875999909763535,0.3306333250117799,0.25202499363571407,0.45159912109375,20.660516357421898,95.94651294706446,1.3204628448412286,947,7.2688069343566895,50.61208724975586,-31,0.3801690340042114,8,2026-10-06 03:30:00,2026-10-01 23:00:00,1.0
9.84733132378863,76.9660473212304,0.9838013,0.44881299381752815,0.5825600703631462,High,28.519999265670776,58.13999864645302,99.18999750353396,100.80999745428562,0.28519999265670776,0.3875999909763535,0.3306333250117799,0.25202499363571407,0.45159912109375,20.660516357421898,95.94651294706446,1.3204628448412286,616,17.336626052856445,90.0,32,0.5776155591011047,8,2026-10-06 03:30:00,2026-10-01 23:00:00,1.0
9.84733132378863,77.01617331408426,0.7469518,0.610852322415573,0.6448771918116798,High,50.2999986410141,91.00999760255218,159.4499957114458,171.2299955766648,0.502999986410141,0.6067333173503479,0.5314999857048194,0.428074988941662,0.449005126953125,19.287469482421898,95.1922407853378,1.3247649775405674,807,12.898260116577148,8.25001049041748,3,0.2519813477993011,8,2026-10-06 03:30:00,2026-10-01 23:00:00,1.0
9.84733132378863,77.0660298123529,0.5454944,0.610852322415573,0.5945128418116797,High,50.2999986410141,91.00999760255218,159.4499957114458,171.2299955766648,0.502999986410141,0.6067333173503479,0.5314999857048194,0.428074988941662,0.449005126953125,19.287469482421898,95.1922407853378,1.3247649775405674,904,10.096575736999512,0.0,13,0.5940096378326416,8,2026-10-06 03:30:00,2026-10-01 23:00:00,1.0
9.84733132378863,77.1161558052068,0.26099026,0.7492729948712513,0.6272023111534384,High,48.639999240636826,150.36999768018723,222.35999727621675,228.20999713800848,0.4863999924063683,1.0,0.7411999909207225,0.5705249928450212,0.4450836181640625,18.377313232421898,95.45288950626892,1.1113562858753725,705,3.355739116668701,325.91632080078125,24,0.8500601053237915,8,2026-10-06 03:30:00,2026-10-01 23:00:00,1.0
9.84733132378863,77.16601230347544,0.15554337,0.6051469882032523,0.4927460836524392,Moderate,12.299999684095383,119.57999607920647,191.44999469071627,199.6699945293367,0.12299999684095382,0.7971999738613764,0.6381666489690542,0.49917498632334173,0.3499908447265625,20.838250732421898,86.4606527549764,0.6374635906619851,1008,15.557257652282717,242.27915954589844,-5,0.8473194241523743,8,2026-10-06 03:30:00,2026-10-01 23:00:00,1.0
9.84733132378863,77.21613829632929,0.28826606,0.6051469882032523,0.5259267561524392,High,12.299999684095383,119.57999607920647,191.44999469071627,199.6699945293367,0.12299999684095382,0.7971999738613764,0.6381666489690542,0.49917498632334173,0.3499908447265625,20.838250732421898,86.4606527549764,0.6374635906619851,1210,21.505720138549805,350.3988037109375,6,0.6099226474761963,8,2026-10-06 03:30:00,2026-10-01 23:00:00,1.0
9.84733132378863,77.26599479459793,0.0062988885,0.35163902591733887,0.2653039915630041,Moderate,5.259999856352806,70.41999864578247,101.90999795868993,121.73999736644328,0.05259999856352806,0.4694666576385498,0.3396999931956331,0.3043499934161082,0.1854095458984375,23.099969482421898,77.77670651509925,0.2050928937984749,472,3.872079610824585,103.83745574951172,-2,0.2942750751972198,12,2026-10-06 03:30:00,2026-10-01 23:00:00,0.6180318196614584
9.84733132378863,77.31612078745178,0.15529054,0.35163902591733887,0.3025519044380041,Moderate,5.259999856352806,70.41999864578247,101.90999795868993,121.73999736644328,0.05259999856352806,0.4694666576385498,0.3396999931956331,0.3043499934161082,0.1854095458984375,23.099969482421898,77.77670651509925,0.2050928937984749,490,19.209732055664062,278.01190185546875,4,0.431585818529129,12,2026-10-06 03:30:00,2026-10-01 23:00:00,0.6180318196614584
9.84733132378863,77.36597728572042,0.0061905957,0.3275403117246305,0.24720288271847288,Low,5.259999856352806,70.41999864578247,101.90999795868993,121.73999736644328,0.05259999856352806,0.4694666576385498,0.3396999931956331,0.3043499934161082,0.149261474609375,23.795281982421898,73.31055270131948,0.3610738587025665,351,0.9412750601768494,90.0,2,0.4600529670715332,12,2026-10-06 03:30:00,2026-10-01 23:00:00,0.4975382486979167
9.947313814911134,76.3160263816415,0.0019087582,0.41367366313741855,0.3107324369030639,Moderate,6.269999921321869,49.809999046847224,110.25999820046127,119.5899981688708,0.06269999921321869,0.33206666031231485,0.3675333273348709,0.29897499542217704,0.321685791015625,25.799188232421898,93.13065373942898,0.9024262062610476,5,3.3756213188171387,303.29071044921875,-18,-0.017326733097434,13,2026-10-06 03:30:00,2026-10-01 23:00:00,1.0
9.947313814911134,76.36615237449541,0.0021840201,0.4408429923565438,0.33117824929240786,Moderate,11.45999975502491,72.53999748080969,104.7899965941906,113.42999651655555,0.1145999975502491,0.48359998320539793,0.349299988647302,0.28357499129138886,0.340972900390625,25.908563232421898,92.11926889237306,0.5232638779628418,18,2.079388380050659,153.08624267578125,3,0.2894060015678406,14,2026-10-06 03:30:00,2026-10-01 23:00:00,1.0
9.947313814911134,76.41600887276405,0.0051557375,0.4408429923565438,0.33192117864240783,Moderate,11.45999975502491,72.53999748080969,104.7899965941906,113.42999651655555,0.1145999975502491,0.48359998320539793,0.349299988647302,0.28357499129138886,0.340972900390625,25.908563232421898,92.11926889237306,0.5232638779628418,10,4.153313636779785,333.08624267578125,4,0.5566872358322144,14,2026-10-06 03:30:00,2026-10-01 23:00:00,1.0
9.947313814911134,76.4661348656179,0.0067943935,0.4408429923565438,0.33233084264240786,Moderate,11.45999975502491,72.53999748080969,104.7899965941906,113.42999651655555,0.1145999975502491,0.48359998320539793,0.349299988647302,0.28357499129138886,0.4203033447265625,24.211297607421898,96.55017599831804,1.0064956691497926,18,6.216397762298584,26.91376495361328,11,0.7069017887115479,8,2026-10-06 03:30:00,2026-10-01 23:00:00,1.0
9.947313814911134,76.51599136388654,0.057387598,0.4408429923565438,0.34497914376740785,Moderate,11.45999975502491,72.53999748080969,104.7899965941906,113.42999651655555,0.1145999975502491,0.48359998320539793,0.349299988647302,0.28357499129138886,0.4203033447265625,24.211297607421898,96.55017599831804,1.0064956691497926,58,9.081056594848633,155.7137908935547,-5,0.8520333170890808,8,2026-10-06 03:30:00,2026-10-01 23:00:00,1.0
9.947313814911134,76.56611735674039,0.009608631,0.4632829927147677,0.3498644022860758,Moderate,19.489999428391457,80.60999760776758,104.47999730333686,109.46999713405967,0.19489999428391458,0.5373999840517839,0.3482666576777895,0.2736749928351492,0.4223175048828125,23.865594482421898,95.75842000875076,1.1950972760831031,29,5.854520797729492,198.69688415527344,6,0.5166070461273193,8,2026-10-06 03:30:00,2026-10-01 23:00:00,1.0
9.947313814911134,76.61597385500903,0.013338866,0.4632829927147677,0.35079696103607577,Moderate,19.489999428391457,80.60999760776758,104.47999730333686,109.46999713405967,0.19489999428391458,0.5373999840517839,0.3482666576777895,0.2736749928351492,0.4223175048828125,23.865594482421898,95.75842000875076,1.1950972760831031,30,7.117898941040039,112.8860092163086,18,0.7242090702056885,8,2026-10-06 03:30:00,2026-10-01 23:00:00,1.0
9.947313814911134,76.66609984786288,0.018504497,0.5531376593951757,0.4194793687963817,Moderate,39.38999933004379,94.17999787256122,131.3799972999841,137.58999699540436,0.3938999933004379,0.6278666524837414,0.4379333243332803,0.34397499248851093,0.42645263671875,23.080438232421898,96.17823035026824,1.2763939355009613,108,10.602620124816896,285.0362548828125,-21,0.8024617433547974,8,2026-10-06 03:30:00,2026-10-01 23:00:00,1.0
9.947313814911134,76.71622584071679,0.013914975,0.5899056563895817,0.4459079860421863,Moderate,46.7399987578392,114.15999693982303,132.89999657683074,136.66999641992152,0.467399987578392,0.7610666462654869,0.4429999885894358,0.3416749910498038,0.434326171875,22.187860107421898,95.68280334255029,1.3338750178784435,89,3.3560593128204346,325.9082336425781,-6,0.7978543043136597,8,2026-10-06 03:30:00,2026-10-01 23:00:00,1.0
9.947313814911134,76.76608233898543,0.02826982,0.5899056563895817,0.4494966972921863,Moderate,46.7399987578392,114.15999693982303,132.89999657683074,136.66999641992152,0.467399987578392,0.7610666462654869,0.4429999885894358,0.3416749910498038,0.434326171875,22.187860107421898,95.68280334255029,1.3338750178784435,56,5.45244836807251,120.5822525024414,-2,0.6899181008338928,8,2026-10-06 03:30:00,2026-10-01 23:00:00,1.0
9.947313814911134,76.81620833183928,0.0306067,0.5859959905574099,0.44714866791805746,Moderate,49.34999845921993,108.44999750889838,131.61999716609716,132.63999712653458,0.49349998459219935,0.7229999833926558,0.43873332388699054,0.33159999281633645,0.463958740234375,20.998406982421898,95.71389626107268,1.347062889873955,53,7.437383651733398,7.232616424560547,-9,0.7042607069015503,8,2026-10-06 03:30:00,2026-10-01 23:00:00,1.0
9.947313814911134,76.86606483010792,0.31872728,0.5859959905574099,0.5191788129180575,High,49.34999845921993,108.44999750889838,131.61999716609716,132.63999712653458,0.49349998459219935,0.7229999833926558,0.43873332388699054,0.33159999281633645,0.463958740234375,20.998406982421898,95.71389626107268,1.347062889873955,293,12.398534774780272,243.780502319336,14,0.810939371585846,2,2026-10-06 03:30:00,2026-10-01 23:00:00,1.0
9.947313814911134,76.91619082296177,0.7518758,0.5114383240556966,0.5715476930417724,High,30.09999891370535,84.04999759234488,122.94999653659761,126.44999646767974,0.3009999891370535,0.5603333172822992,0.4098333217886587,0.31612499116919934,0.463958740234375,20.998406982421898,95.71389626107268,1.347062889873955,852,8.71969985961914,32.39671325683594,3,0.4273375272750854,8,2026-10-06 03:30:00,2026-10-01 23:00:00,1.0
9.947313814911134,76.9660473212304,0.9774555,0.5114383240556966,0.6279426180417724,High,30.09999891370535,84.04999759234488,122.94999653659761,126.44999646767974,0.3009999891370535,0.5603333172822992,0.4098333217886587,0.31612499116919934,0.463958740234375,20.998406982421898,95.71389626107268,1.347062889873955,697,21.38643264770508,172.7673797607422,-4,0.6218888759613037,8,2026-10-06 03:30:00,2026-10-01 23:00:00,1.0
9.947313814911134,77.01617331408426,0.987849,0.7458213189423706,0.8063282392067779,Critical,92.68999767303467,120.97999685071409,175.6199951414019,181.79999501816928,0.9268999767303466,0.8065333123380939,0.585399983804673,0.4544999875454232,0.46331787109375,19.617547607421898,95.26213177401172,1.3363158140844127,735,28.2528018951416,205.35107421875,0,0.713887631893158,8,2026-10-06 03:30:00,2026-10-01 23:00:00,1.0
9.947313814911134,77.0660298123529,0.29123178,0.7458213189423706,0.6321739342067779,High,92.68999767303467,120.97999685071409,175.6199951414019,181.79999501816928,0.9268999767303466,0.8065333123380939,0.585399983804673,0.4544999875454232,0.46331787109375,19.617547607421898,95.26213177401172,1.3363158140844127,735,2.8226535320281982,270.0,-9,0.757428765296936,2,2026-10-06 03:30:00,2026-10-01 23:00:00,1.0
9.947313814911134,77.1161558052068,0.64746946,0.6366803220826511,0.6393776065619884,High,54.39999860525131,107.20999747514725,159.95999569259584,171.1099953558296,0.5439999860525131,0.7147333165009816,0.5331999856419861,0.427774988389574,0.4619903564453125,18.392938232421898,94.43588868100554,1.1841381242350786,892,15.179938316345217,245.3140563964844,-9,0.8096536993980408,8,2026-10-06 03:30:00,2026-10-01 23:00:00,1.0
9.947313814911134,77.16601230347544,0.7749502,0.7024396546263869,0.7205672909697902,High,46.769999265670776,144.0699960142374,192.6999952495098,202.1299949605018,0.46769999265670775,0.960466640094916,0.6423333174983661,0.5053249874012544,0.442474365234375,20.209344482421898,86.1774843863878,0.7809680337152349,1095,27.41752243041992,212.5883026123047,-9,0.4828697741031647,8,2026-10-06 03:30:00,2026-10-01 23:00:00,1.0
9.947313814911134,77.21613829632929,0.02215407,0.7024396546263869,0.5323682584697902,High,46.769999265670776,144.0699960142374,192.6999952495098,202.1299949605018,0.46769999265670775,0.960466640094916,0.6423333174983661,0.5053249874012544,0.442474365234375,20.209344482421898,86.1774843863878,0.7809680337152349,1083,13.23306369781494,281.9181823730469,5,0.8164844512939453,8,2026-10-06 03:30:00,2026-10-01 23:00:00,1.0
9.947313814911134,77.26599479459793,0.5433898,0.3259741931367045,0.3803280948525284,Moderate,9.699999928474426,58.389998480677605,91.58999793045223,114.49999727867544,0.09699999928474426,0.3892666565378507,0.3052999931015074,0.2862499931966886,0.170654296875,23.424188232421898,76.78094133812667,0.559095637760926,748,28.24277114868164,144.45632934570312,10,0.6948546767234802,10,2026-10-06 03:30:00,2026-10-01 23:00:00,0.56884765625
9.947313814911134,77.31612078745178,0.011822275,0.3259741931367045,0.24743621360252838,Low,9.699999928474426,58.389998480677605,91.58999793045223,114.49999727867544,0.09699999928474426,0.3892666565378507,0.3052999931015074,0.2862499931966886,0.170654296875,23.424188232421898,76.78094133812667,0.559095637760926,391,0.9274099469184875,180.0,4,0.4713270962238312,12,2026-10-06 03:30:00,2026-10-01 23:00:00,0.56884765625
9.947313814911134,77.36597728572042,0.002009576,0.3061581124075379,0.2301209783056534,Low,9.699999928474426,58.389998480677605,91.58999793045223,114.49999727867544,0.09699999928474426,0.3892666565378507,0.3052999931015074,0.2862499931966886,0.14093017578125,25.115594482421898,72.45045743159538,0.6650242071701056,355,3.704791784286499,0.0,0,0.2203302234411239,12,2026-10-06 03:30:00,2026-10-01 23:00:00,0.4697672526041667
10.047296306033637,76.26616988337287,0.0008549584,0.3757453304491937,0.28202273743689527,Moderate,4.119999822229147,55.969999115914106,81.07999879866838,85.87999875098467,0.04119999822229147,0.3731333274394274,0.27026666266222793,0.21469999687746166,0.321685791015625,25.799188232421898,93.13065373942898,0.9024262062610476,1,0.0,0.0,0,-0.0697674453258514,8,2026-10-06 03:30:00,2026-10-01 23:00:00,1.0
10.047296306033637,76.3160263816415,0.003956416,0.3990259938643004,0.3002585993982253,Moderate,8.959999587386847,64.55999795719981,84.23999758437276,89.69999760203063,0.08959999587386847,0.4303999863813321,0.2807999919479092,0.22424999400507659,0.321685791015625,25.799188232421898,93.13065373942898,0.9024262062610476,24,4.153574466705322,333.0791320800781,-4,0.2710646688938141,13,2026-10-06 03:30:00,2026-10-01 23:00:00,1.0
10.047296306033637,76.36615237449541,0.002216876,0.5059776589902119,0.3800374632426589,Moderate,16.91999936848879,87.21999780088663,135.45999695919454,141.46999672986567,0.1691999936848879,0.5814666520059109,0.45153332319731515,0.35367499182466416,0.3679046630859375,25.478875732421898,92.2030130049816,0.5787044762652428,19,3.704791784286499,180.0,0,0.1753554493188858,14,2026-10-06 03:30:00,2026-10-01 23:00:00,1.0
10.047296306033637,76.41600887276405,0.03838473,0.5059776589902119,0.3890794267426589,Moderate,16.91999936848879,87.21999780088663,135.45999695919454,141.46999672986567,0.1691999936848879,0.5814666520059109,0.45153332319731515,0.35367499182466416,0.3679046630859375,25.478875732421898,92.2030130049816,0.5787044762652428,35,13.553979873657228,19.93597221374512,5,0.6697136163711548,14,2026-10-06 03:30:00,2026-10-01 23:00:00,1.0
10.047296306033637,76.4661348656179,0.24522868,0.5059776589902119,0.4407904142426589,Moderate,16.91999936848879,87.21999780088663,135.45999695919454,141.46999672986567,0.1691999936848879,0.5814666520059109,0.45153332319731515,0.35367499182466416,0.413604736328125,24.465203857421898,94.73501055349068,1.0166089117393768,57,17.394821166992188,21.551326751708984,-24,0.6842418909072876,8,2026-10-06 03:30:00,2026-10-01 23:00:00,1.0
10.047296306033637,76.51599136388654,0.011203279,0.5059776589902119,0.3822840639926589,Moderate,16.91999936848879,87.21999780088663,135.45999695919454,141.46999672986567,0.1691999936848879,0.5814666520059109,0.45153332319731515,0.35367499182466416,0.413604736328125,24.465203857421898,94.73501055349068,1.0166089117393768,39,5.048715114593506,291.4977722167969,-22,0.7097792029380798,8,2026-10-06 03:30:00,2026-10-01 23:00:00,1.0
10.047296306033637,76.56611735674039,0.101903155,0.6101316586258512,0.4830745327193884,Moderate,24.869999960064888,125.55999699234962,173.06999637931585,176.0099962875247,0.24869999960064887,0.8370666466156642,0.5768999879310528,0.44002499071881174,0.41973876953125,23.617547607421898,95.72803325829751,1.19549516003753,53,10.036835670471191,123.28260803222656,1,0.6290276050567627,8,2026-10-06 03:30:00,2026-10-01 23:00:00,1.0
10.047296306033637,76.61597385500903,0.002066516,0.6101316586258512,0.45811537296938837,Moderate,24.869999960064888,125.55999699234962,173.06999637931585,176.0099962875247,0.24869999960064887,0.8370666466156642,0.5768999879310528,0.44002499071881174,0.41973876953125,23.617547607421898,95.72803325829751,1.19549516003753,31,2.935014009475708,198.7022399902344,-1,0.2327759265899658,14,2026-10-06 03:30:00,2026-10-01 23:00:00,1.0
10.047296306033637,76.66609984786288,0.010649094,0.634415660187478,0.47847401864060846,Moderate,44.96999925374985,128.52999839000404,159.0399974808097,160.28999749198556,0.4496999925374985,0.8568666559333603,0.5301333249360323,0.4007249937299639,0.424835205078125,23.125360107421898,95.3834576711052,1.2915703741760942,32,5.953585147857666,140.90753173828125,-13,0.8094570636749268,8,2026-10-06 03:30:00,2026-10-01 23:00:00,1.0
10.047296306033637,76.71622584071679,0.021897025,0.7921739932736382,0.5996047512052286,High,64.35999909043312,204.53999669104815,233.22999622672796,233.73999622277915,0.6435999909043312,1.0,0.7774333207557599,0.5843499905569479,0.4343109130859375,22.113641357421898,95.70333463054985,1.358816524191305,77,5.953585147857666,320.90753173828125,8,0.8129790425300598,8,2026-10-06 03:30:00,2026-10-01 23:00:00,1.0
10.047296306033637,76.76608233898543,0.8539542,0.7921739932736382,0.8076190449552286,Critical,64.35999909043312,204.53999669104815,233.22999622672796,233.73999622277915,0.6435999909043312,1.0,0.7774333207557599,0.5843499905569479,0.4343109130859375,22.113641357421898,95.70333463054985,1.358816524191305,320,24.12822532653809,293.4247741699219,-59,0.3588568270206451,8,2026-10-06 03:30:00,2026-10-01 23:00:00,1.0
10.047296306033637,76.81620833183928,0.9965346,0.6393153231949236,0.7286201423961927,High,63.239998400211334,123.01999715715647,139.47999699786305,140.05999699048698,0.6323999840021134,0.8201333143810431,0.4649333233262102,0.3501499924762175,0.4633941650390625,20.635125732421898,95.81816996453084,1.3296911753817051,373,44.13818359375,215.1717529296875,-5,0.430523931980133,8,2026-10-06 03:30:00,2026-10-01 23:00:00,1.0
10.047296306033637,76.86606483010792,0.765742,0.6393153231949236,0.6709219923961927,High,63.239998400211334,123.01999715715647,139.47999699786305,140.05999699048698,0.6323999840021134,0.8201333143810431,0.4649333233262102,0.3501499924762175,0.4633941650390625,20.635125732421898,95.81816996453084,1.3296911753817051,682,16.84381103515625,195.75396728515625,7,0.8255845904350281,8,2026-10-06 03:30:00,2026-10-01 23:00:00,1.0
10.047296306033637,76.91619082296177,0.95423114,0.5053046570345139,0.6175362777758854,High,36.27999892830849,86.55999722518027,105.67999656684697,111.7399964351207,0.3627999892830849,0.5770666481678685,0.35226665522282324,0.27934999108780173,0.4633941650390625,20.635125732421898,95.81816996453084,1.3296911753817051,1006,14.426502227783203,215.1106719970703,-33,0.7454651594161987,2,2026-10-06 03:30:00,2026-10-01 23:00:00,1.0
10.047296306033637,76.9660473212304,0.33852908,0.5053046570345139,0.4636107627758854,Moderate,36.27999892830849,86.55999722518027,105.67999656684697,111.7399964351207,0.3627999892830849,0.5770666481678685,0.35226665522282324,0.27934999108780173,0.4633941650390625,20.635125732421898,95.81816996453084,1.3296911753817051,1030,8.465859413146973,276.2437438964844,-18,0.726150393486023,2,2026-10-06 03:30:00,2026-10-01 23:00:00,1.0
10.047296306033637,77.01617331408426,0.9838757,0.7576236581904814,0.814186668642861,Critical,107.92999739944935,134.64999689161777,160.4399961400777,171.28999585472047,1.0,0.8976666459441185,0.5347999871335923,0.42822498963680117,0.453277587890625,18.896844482421898,95.13152620525896,1.3333725875352964,1709,14.03046417236328,121.21365356445312,-24,0.7839912176132202,8,2026-10-06 03:30:00,2026-10-01 23:00:00,1.0
10.047296306033637,77.0660298123529,0.15655865,0.7576236581904814,0.607357406142861,High,107.92999739944935,134.64999689161777,160.4399961400777,171.28999585472047,1.0,0.8976666459441185,0.5347999871335923,0.42822498963680117,0.453277587890625,18.896844482421898,95.13152620525896,1.3333725875352964,1137,5.625948905944824,189.60696411132807,-9,0.514438271522522,8,2026-10-06 03:30:00,2026-10-01 23:00:00,1.0
10.047296306033637,77.1161558052068,0.5712165,0.6416066567445795,0.6240091175584346,High,77.6699982136488,100.41999767161906,129.18999723903835,151.59999668598175,0.7766999821364879,0.6694666511441271,0.43063332413012784,0.37899999171495435,0.4512176513671875,17.777703857421898,93.0971193951686,1.2071365185705074,1554,3.8743083477020255,103.82931518554688,-1,0.3630928695201874,9,2026-10-06 03:30:00,2026-10-01 23:00:00,1.0
10.047296306033637,77.16601230347544,0.77699316,0.7070896573986236,0.7245655330489678,High,91.21999843418598,111.54999797977507,148.5099971331656,173.7099966239184,0.9121999843418598,0.7436666531985004,0.49503332377721865,0.43427499155979604,0.4428863525390625,19.390985107421898,84.96393443216688,0.8425177390928295,1766,38.94525909423828,132.92161560058594,3,0.8326829075813293,8,2026-10-06 03:30:00,2026-10-01 23:00:00,1.0
10.047296306033637,77.21613829632929,0.56602234,0.7070896573986236,0.6718228280489678,High,91.21999843418598,111.54999797977507,148.5099971331656,173.7099966239184,0.9121999843418598,0.7436666531985004,0.49503332377721865,0.43427499155979604,0.4428863525390625,19.390985107421898,84.96393443216688,0.8425177390928295,1515,14.426502227783203,144.8893280029297,24,0.8847445845603943,8,2026-10-06 03:30:00,2026-10-01 23:00:00,1.0
10.047296306033637,77.26599479459793,0.7642728,0.47198684382811185,0.5450583328710839,High,45.08999897912145,78.88999843038619,108.23999796062708,140.81999652832747,0.4508999897912145,0.5259333228692412,0.3607999932020903,0.35204999132081866,0.2109832763671875,22.771844482421898,76.71802341962336,0.6995046396371304,1166,37.84672927856445,26.38041305541992,-37,0.7405834794044495,8,2026-10-06 03:30:00,2026-10-01 23:00:00,0.703277587890625
10.047296306033637,77.31612078745178,0.0040604826,0.47198684382811185,0.35500525352108386,Moderate,45.08999897912145,78.88999843038619,108.23999796062708,140.81999652832747,0.4508999897912145,0.5259333228692412,0.3607999932020903,0.35204999132081866,0.2109832763671875,22.771844482421898,76.71802341962336,0.6995046396371304,382,2.9714603424072266,108.1709442138672,-1,0.2658011615276336,12,2026-10-06 03:30:00,2026-10-01 23:00:00,0.703277587890625
10.047296306033637,77.36597728572042,0.13916257,0.45163161921873685,0.37351435691405266,Moderate,45.08999897912145,78.88999843038619,108.23999796062708,140.81999652832747,0.4508999897912145,0.5259333228692412,0.3607999932020903,0.35204999132081866,0.180450439453125,25.322625732421898,74.02586594676956,0.805065686765941,707,33.96187973022461,257.5079345703125,-69,0.2824720442295074,10,2026-10-06 03:30:00,2026-10-01 23:00:00,0.60150146484375
10.0974222988875,76.26616988337287,0.0024009177,0.3635439965645472,0.2732582268484104,Moderate,5.249999867752194,54.1199986319989,72.2199986949563,75.07999866455793,0.05249999867752195,0.36079999087999265,0.24073332898318767,0.18769999666139484,0.3930816650390625,25.635125732421898,93.62463918691024,0.91679336925553,15,3.3767125606536865,123.27851104736328,-5,0.2487275153398513,14,2026-10-06 03:30:00,2026-10-01 23:00:00,1.0
10.0974222988875,76.3160263816415,0.0030782628,0.41766466246402517,0.31401806254801884,Moderate,14.330000016838312,65.40999856591225,89.7799979634583,94.81999784521759,0.14330000016838312,0.43606665710608167,0.29926665987819434,0.23704999461304396,0.3930816650390625,25.635125732421898,93.62463918691024,0.91679336925553,13,2.0991368293762207,243.79103088378903,-4,0.4444001615047455,14,2026-10-06 03:30:00,2026-10-01 23:00:00,1.0
10.0974222988875,76.36615237449541,0.004815318,0.5369603277791912,0.4039240753343934,Moderate,30.27999947220087,87.49999853223562,138.98999776691198,143.74999770708382,0.3027999947220087,0.5833333235482375,0.4632999925563733,0.3593749942677096,0.403167724609375,24.951531982421898,93.83520093740444,0.6786542391534474,5,4.192653656005859,296.2089538574219,11,0.4760051965713501,14,2026-10-06 03:30:00,2026-10-01 23:00:00,1.0
10.0974222988875,76.41600887276405,0.0077772303,0.5369603277791912,0.40466455340939345,Moderate,30.27999947220087,87.49999853223562,138.98999776691198,143.74999770708382,0.3027999947220087,0.5833333235482375,0.4632999925563733,0.3593749942677096,0.403167724609375,24.951531982421898,93.83520093740444,0.6786542391534474,32,4.789670944213867,78.86083221435547,-2,0.6327124834060669,14,2026-10-06 03:30:00,2026-10-01 23:00:00,1.0
10.0974222988875,76.4661348656179,0.005408449,0.5369603277791912,0.4040723580843934,Moderate,30.27999947220087,87.49999853223562,138.98999776691198,143.74999770708382,0.3027999947220087,0.5833333235482375,0.4632999925563733,0.3593749942677096,0.4110260009765625,24.390985107421898,95.19055927356648,0.9604006816783698,22,3.959769725799561,314.5528259277344,-12,0.7131702303886414,14,2026-10-06 03:30:00,2026-10-01 23:00:00,1.0
10.0974222988875,76.51599136388654,0.0036524192,0.5369603277791912,0.40363335063439343,Moderate,30.27999947220087,87.49999853223562,138.98999776691198,143.74999770708382,0.3027999947220087,0.5833333235482375,0.4632999925563733,0.3593749942677096,0.4110260009765625,24.390985107421898,95.19055927356648,0.9604006816783698,30,3.704791784286499,0.0,-10,0.7134503126144409,14,2026-10-06 03:30:00,2026-10-01 23:00:00,1.0
10.0974222988875,76.56611735674039,0.012725595,0.6145999879006918,0.46413138967551887,Moderate,41.799998212605715,91.64999734051526,178.3499956522137,181.11999558098614,0.41799998212605716,0.6109999822701017,0.5944999855073789,0.45279998895246537,0.4112548828125,23.598016357421898,95.7160944448446,1.1096008888654694,41,5.709116458892822,80.68164825439453,-7,0.4606405198574066,8,2026-10-06 03:30:00,2026-10-01 23:00:00,1.0
10.0974222988875,76.61597385500903,0.015274555,0.6145999879006918,0.46476862967551885,Moderate,41.799998212605715,91.64999734051526,178.3499956522137,181.11999558098614,0.41799998212605716,0.6109999822701017,0.5944999855073789,0.45279998895246537,0.4112548828125,23.598016357421898,95.7160944448446,1.1096008888654694,35,1.854334115982056,180.0,-7,0.794029176235199,8,2026-10-06 03:30:00,2026-10-01 23:00:00,1.0
10.0974222988875,76.66609984786288,0.02048488,0.7108473186263193,0.5382567089697395,High,53.399997875094414,146.5099963787943,190.09999495185912,191.37999488785863,0.5339999787509442,0.9767333091919621,0.6336666498395304,0.4784499872196466,0.4311370849609375,22.553094482421898,97.31540425463278,1.2358384979951382,52,6.629737377166748,261.9941711425781,-13,0.7800647020339966,8,2026-10-06 03:30:00,2026-10-01 23:00:00,1.0
10.0974222988875,76.71622584071679,0.026854312,0.785496989007108,0.595836319755331,High,65.80999809503555,199.15999495238066,225.73999448679388,226.5699944552034,0.6580999809503555,1.0,0.7524666482893129,0.5664249861380085,0.4614410400390625,21.396844482421898,98.12456073222988,1.3278603445901098,43,7.5229949951171875,299.36114501953125,10,0.5836684107780457,8,2026-10-06 03:30:00,2026-10-01 23:00:00,1.0
10.0974222988875,76.76608233898543,0.68158275,0.785496989007108,0.759518429255331,Critical,65.80999809503555,199.15999495238066,225.73999448679388,226.5699944552034,0.6580999809503555,1.0,0.7524666482893129,0.5664249861380085,0.4614410400390625,21.396844482421898,98.12456073222988,1.3278603445901098,576,16.762502670288086,310.1598815917969,-38,0.8166258931159973,8,2026-10-06 03:30:00,2026-10-01 23:00:00,1.0
10.0974222988875,76.81620833183928,0.45708716,0.5693219921565925,0.5412632841174444,High,46.15999886393547,110.60999779216945,122.0099975336343,122.81999751366675,0.4615999886393547,0.7373999852811297,0.406699991778781,0.30704999378416686,0.4693756103515625,19.890985107421898,97.52161497983435,1.2863252261371998,435,3.8220291137695312,345.7518615722656,-7,0.377078652381897,8,2026-10-06 03:30:00,2026-10-01 23:00:00,1.0
10.0974222988875,76.86606483010792,0.9712406,0.5693219921565925,0.6698016441174444,High,46.15999886393547,110.60999779216945,122.0099975336343,122.81999751366675,0.4615999886393547,0.7373999852811297,0.406699991778781,0.30704999378416686,0.4693756103515625,19.890985107421898,97.52161497983435,1.2863252261371998,449,19.77507781982422,172.11419677734375,-14,0.8264706134796143,8,2026-10-06 03:30:00,2026-10-01 23:00:00,1.0
10.0974222988875,76.91619082296177,0.5584416,0.581978992064111,0.5760946440480832,High,56.51999878883362,102.2699979711324,118.21999749727547,130.54999730549753,0.5651999878883361,0.681799986474216,0.3940666583242516,0.3263749932637438,0.4693756103515625,19.890985107421898,97.52161497983435,1.2863252261371998,976,9.728562355041504,286.4546813964844,-1,0.7927635312080383,2,2026-10-06 03:30:00,2026-10-01 23:00:00,1.0
10.0974222988875,76.9660473212304,0.9329748,0.581978992064111,0.6697279440480832,High,56.51999878883362,102.2699979711324,118.21999749727547,130.54999730549753,0.5651999878883361,0.681799986474216,0.3940666583242516,0.3263749932637438,0.4693756103515625,19.890985107421898,97.52161497983435,1.2863252261371998,1640,12.433606147766112,17.355756759643555,21,0.8554649353027344,2,2026-10-06 03:30:00,2026-10-01 23:00:00,1.0
10.0974222988875,77.01617331408426,0.928404,0.5914569904338569,0.6756937428253926,High,63.369998440146446,95.96999771520495,116.52999707683921,138.2499966584146,0.6336999844014645,0.639799984768033,0.38843332358946403,0.3456249916460365,0.388092041015625,17.875360107421898,93.79688429025173,1.2450673742021527,1430,7.437437534332275,187.2359313964844,13,0.3685082793235779,8,2026-10-06 03:30:00,2026-10-01 23:00:00,1.0
10.0974222988875,77.0660298123529,0.9889381,0.5914569904338569,0.6908272678253927,High,63.369998440146446,95.96999771520495,116.52999707683921,138.2499966584146,0.6336999844014645,0.639799984768033,0.38843332358946403,0.3456249916460365,0.388092041015625,17.875360107421898,93.79688429025173,1.2450673742021527,1616,22.87333106994629,22.939151763916016,-15,0.7818189263343811,8,2026-10-06 03:30:00,2026-10-01 23:00:00,1.0
10.0974222988875,77.1161558052068,0.8860699,0.671038321941408,0.724796216456056,High,75.6199981868267,113.83999744057655,140.52999649569392,171.88999553583562,0.7561999818682671,0.7589333162705103,0.46843332165231305,0.42972498883958904,0.3900909423828125,16.140985107421898,92.80246330151188,1.0768107996287632,1546,3.8220291137695312,345.7518615722656,20,0.8828793168067932,2,2026-10-06 03:30:00,2026-10-01 23:00:00,1.0
10.0974222988875,77.16601230347544,0.58827156,0.7179643188501399,0.6855411291376049,High,86.38999736309052,125.53999650850892,144.44999624975026,191.42999503016472,0.8638999736309052,0.8369333100567261,0.4814999874991675,0.4785749875754118,0.3594512939453125,17.359735107421898,85.8729355822654,0.6545027796320256,1870,28.61019325256348,336.9283142089844,5,0.924302875995636,2,2026-10-06 03:30:00,2026-10-01 23:00:00,1.0
10.0974222988875,77.21613829632929,0.09021724,0.7179643188501399,0.5610275491376049,High,86.38999736309052,125.53999650850892,144.44999624975026,191.42999503016472,0.8638999736309052,0.8369333100567261,0.4814999874991675,0.4785749875754118,0.3594512939453125,17.359735107421898,85.8729355822654,0.6545027796320256,1758,38.13492584228516,145.564697265625,-116,0.4260567724704742,8,2026-10-06 03:30:00,2026-10-01 23:00:00,1.0
10.0974222988875,77.26599479459793,0.8521668,0.4662056620894621,0.5626959465670966,High,38.81999936699867,59.34999889135361,76.77999856509268,127.66999803856015,0.3881999936699867,0.3956666592756907,0.2559333285503089,0.3191749950964004,0.352935791015625,19.047235107421898,81.52773666978534,0.4841282935768561,1633,33.132850646972656,187.2359313964844,-43,0.474683552980423,9,2026-10-06 03:30:00,2026-10-01 23:00:00,1.0
10.0974222988875,77.31612078745178,0.19093904,0.4662056620894621,0.3973890065670966,Moderate,38.81999936699867,59.34999889135361,76.77999856509268,127.66999803856015,0.3881999936699867,0.3956666592756907,0.2559333285503089,0.3191749950964004,0.352935791015625,19.047235107421898,81.52773666978534,0.4841282935768561,673,20.129526138305664,116.20896911621094,13,0.6955409646034241,8,2026-10-06 03:30:00,2026-10-01 23:00:00,1.0
10.0974222988875,77.36597728572042,0.030784797,0.4662056620894621,0.3573504458170966,Moderate,38.81999936699867,59.34999889135361,76.77999856509268,127.66999803856015,0.3881999936699867,0.3956666592756907,0.2559333285503089,0.3191749950964004,0.348236083984375,21.236688232421898,80.16209784085302,0.6827948482596121,540,31.02490234375,118.97712707519533,52,0.2848963737487793,9,2026-10-06 03:30:00,2026-10-01 23:00:00,1.0
10.14727879715614,76.26616988337287,0.0024297186,0.3635439965645472,0.2732654270734104,Moderate,5.249999867752194,54.1199986319989,72.2199986949563,75.07999866455793,0.05249999867752195,0.36079999087999265,0.24073332898318767,0.18769999666139484,0.3930816650390625,25.635125732421898,93.62463918691024,0.91679336925553,13,2.0796518325805664,26.92807006835937,1,0.4479603469371795,14,2026-10-06 03:30:00,2026-10-01 23:00:00,1.0
10.14727879715614,76.3160263816415,0.0040780627,0.41766466246402517,0.3142680125230189,Moderate,14.330000016838312,65.40999856591225,89.7799979634583,94.81999784521759,0.14330000016838312,0.43606665710608167,0.29926665987819434,0.23704999461304396,0.3930816650390625,25.635125732421898,93.62463918691024,0.91679336925553,16,1.321898102760315,45.45162582397461,-6,0.7137026190757751,14,2026-10-06 03:30:00,2026-10-01 23:00:00,1.0
10.14727879715614,76.36615237449541,0.0056152283,0.5369603277791912,0.4041240529093934,Moderate,30.27999947220087,87.49999853223562,138.98999776691198,143.74999770708382,0.3027999947220087,0.5833333235482375,0.4632999925563733,0.3593749942677096,0.403167724609375,24.951531982421898,93.83520093740444,0.6786542391534474,9,4.674351692199707,306.4372863769531,-11,0.7058438062667847,14,2026-10-06 03:30:00,2026-10-01 23:00:00,1.0
10.14727879715614,76.41600887276405,0.0015567858,0.5369603277791912,0.40310944228439344,Moderate,30.27999947220087,87.49999853223562,138.98999776691198,143.74999770708382,0.3027999947220087,0.5833333235482375,0.4632999925563733,0.3593749942677096,0.403167724609375,24.951531982421898,93.83520093740444,0.6786542391534474,7,2.935107469558716,18.7076473236084,5,0.3516517579555511,14,2026-10-06 03:30:00,2026-10-01 23:00:00,1.0
10.14727879715614,76.4661348656179,0.0053942343,0.5369603277791912,0.4040688044093934,Moderate,30.27999947220087,87.49999853223562,138.98999776691198,143.74999770708382,0.3027999947220087,0.5833333235482375,0.4632999925563733,0.3593749942677096,0.4110260009765625,24.390985107421898,95.19055927356648,0.9604006816783698,22,5.547544956207275,0.0,13,0.4823529422283172,14,2026-10-06 03:30:00,2026-10-01 23:00:00,1.0
10.14727879715614,76.51599136388654,0.006447241,0.5369603277791912,0.40433205608439343,Moderate,30.27999947220087,87.49999853223562,138.98999776691198,143.74999770708382,0.3027999947220087,0.5833333235482375,0.4632999925563733,0.3593749942677096,0.4110260009765625,24.390985107421898,95.19055927356648,0.9604006816783698,31,3.960080146789551,314.5483703613281,-4,0.6414607167243958,8,2026-10-06 03:30:00,2026-10-01 23:00:00,1.0
10.14727879715614,76.56611735674039,0.034551468,0.6145999879006918,0.4695878579255189,Moderate,41.799998212605715,91.64999734051526,178.3499956522137,181.11999558098614,0.41799998212605716,0.6109999822701017,0.5944999855073789,0.45279998895246537,0.4112548828125,23.598016357421898,95.7160944448446,1.1096008888654694,55,4.993035793304443,157.8853302001953,-11,0.7163476347923279,8,2026-10-06 03:30:00,2026-10-01 23:00:00,1.0
10.14727879715614,76.61597385500903,0.031454243,0.6145999879006918,0.46881355167551886,Moderate,41.799998212605715,91.64999734051526,178.3499956522137,181.11999558098614,0.41799998212605716,0.6109999822701017,0.5944999855073789,0.45279998895246537,0.4112548828125,23.598016357421898,95.7160944448446,1.1096008888654694,109,6.464860916137695,180.0,2,0.625523030757904,8,2026-10-06 03:30:00,2026-10-01 23:00:00,1.0
10.14727879715614,76.66609984786288,0.053530008,0.7108473186263193,0.5465179909697395,High,53.399997875094414,146.5099963787943,190.09999495185912,191.37999488785863,0.5339999787509442,0.9767333091919621,0.6336666498395304,0.4784499872196466,0.4311370849609375,22.553094482421898,97.31540425463278,1.2358384979951382,78,11.782729148864746,39.10118103027344,-17,0.7526502013206482,8,2026-10-06 03:30:00,2026-10-01 23:00:00,1.0
10.14727879715614,76.71622584071679,0.09858299,0.785496989007108,0.613768489255331,High,65.80999809503555,199.15999495238066,225.73999448679388,226.5699944552034,0.6580999809503555,1.0,0.7524666482893129,0.5664249861380085,0.4614410400390625,21.396844482421898,98.12456073222988,1.3278603445901098,35,7.252348899841309,139.74957275390625,17,-0.0129496399313211,2,2026-10-06 03:30:00,2026-10-01 23:00:00,1.0
10.14727879715614,76.76608233898543,0.04926241,0.785496989007108,0.6014383442553309,High,65.80999809503555,199.15999495238066,225.73999448679388,226.5699944552034,0.6580999809503555,1.0,0.7524666482893129,0.5664249861380085,0.4614410400390625,21.396844482421898,98.12456073222988,1.3278603445901098,71,4.193174362182617,63.794551849365234,-5,0.7298657894134521,2,2026-10-06 03:30:00,2026-10-01 23:00:00,1.0
10.14727879715614,76.81620833183928,0.9522774,0.5693219921565925,0.6650608441174444,High,46.15999886393547,110.60999779216945,122.0099975336343,122.81999751366675,0.4615999886393547,0.7373999852811297,0.406699991778781,0.30704999378416686,0.4693756103515625,19.890985107421898,97.52161497983435,1.2863252261371998,294,28.99965476989746,6.815462589263916,17,0.8364996910095215,2,2026-10-06 03:30:00,2026-10-01 23:00:00,1.0
10.14727879715614,76.86606483010792,0.94468963,0.5693219921565925,0.6631639016174444,High,46.15999886393547,110.60999779216945,122.0099975336343,122.81999751366675,0.4615999886393547,0.7373999852811297,0.406699991778781,0.30704999378416686,0.4693756103515625,19.890985107421898,97.52161497983435,1.2863252261371998,505,18.47105598449707,165.74974060058594,-6,0.454731822013855,8,2026-10-06 03:30:00,2026-10-01 23:00:00,1.0
10.14727879715614,76.91619082296177,0.9831754,0.581978992064111,0.6822780940480833,High,56.51999878883362,102.2699979711324,118.21999749727547,130.54999730549753,0.5651999878883361,0.681799986474216,0.3940666583242516,0.3263749932637438,0.4693756103515625,19.890985107421898,97.52161497983435,1.2863252261371998,538,22.55659294128418,210.97634887695312,-27,0.7682104706764221,8,2026-10-06 03:30:00,2026-10-01 23:00:00,1.0
10.14727879715614,76.9660473212304,0.683174,0.581978992064111,0.6072777440480832,High,56.51999878883362,102.2699979711324,118.21999749727547,130.54999730549753,0.5651999878883361,0.681799986474216,0.3940666583242516,0.3263749932637438,0.4693756103515625,19.890985107421898,97.52161497983435,1.2863252261371998,1255,27.357723236083984,235.7263946533203,0,0.8109354376792908,2,2026-10-06 03:30:00,2026-10-01 23:00:00,1.0
10.14727879715614,77.01617331408426,0.9686974,0.5914569904338569,0.6857670928253927,High,63.369998440146446,95.96999771520495,116.52999707683921,138.2499966584146,0.6336999844014645,0.639799984768033,0.38843332358946403,0.3456249916460365,0.388092041015625,17.875360107421898,93.79688429025173,1.2450673742021527,1845,18.95782470703125,351.7424621582031,27,0.8949640393257141,2,2026-10-06 03:30:00,2026-10-01 23:00:00,1.0
10.14727879715614,77.0660298123529,0.95917404,0.5914569904338569,0.6833862528253927,High,63.369998440146446,95.96999771520495,116.52999707683921,138.2499966584146,0.6336999844014645,0.639799984768033,0.38843332358946403,0.3456249916460365,0.388092041015625,17.875360107421898,93.79688429025173,1.2450673742021527,1743,7.464572429656982,210.1355438232422,9,0.9023513197898864,8,2026-10-06 03:30:00,2026-10-01 23:00:00,1.0
10.14727879715614,77.1161558052068,0.83498096,0.671038321941408,0.712023981456056,High,75.6199981868267,113.83999744057655,140.52999649569392,171.88999553583562,0.7561999818682671,0.7589333162705103,0.46843332165231305,0.42972498883958904,0.3900909423828125,16.140985107421898,92.80246330151188,1.0768107996287632,1741,24.773860931396484,314.5483703613281,-23,0.8344717621803284,8,2026-10-06 03:30:00,2026-10-01 23:00:00,1.0
10.14727879715614,77.16601230347544,0.89212495,0.7179643188501399,0.7615044766376049,Critical,86.38999736309052,125.53999650850892,144.44999624975026,191.42999503016472,0.8638999736309052,0.8369333100567261,0.4814999874991675,0.4785749875754118,0.3594512939453125,17.359735107421898,85.8729355822654,0.6545027796320256,1759,13.084633827209473,154.87940979003906,-5,0.63198322057724,8,2026-10-06 03:30:00,2026-10-01 23:00:00,1.0
10.14727879715614,77.21613829632929,0.10343648,0.7179643188501399,0.5643323591376049,High,86.38999736309052,125.53999650850892,144.44999624975026,191.42999503016472,0.8638999736309052,0.8369333100567261,0.4814999874991675,0.4785749875754118,0.3594512939453125,17.359735107421898,85.8729355822654,0.6545027796320256,1756,3.822064876556397,345.7497253417969,16,0.5473458170890808,8,2026-10-06 03:30:00,2026-10-01 23:00:00,1.0
10.14727879715614,77.26599479459793,0.09724883,0.4662056620894621,0.3739664540670966,Moderate,38.81999936699867,59.34999889135361,76.77999856509268,127.66999803856015,0.3881999936699867,0.3956666592756907,0.2559333285503089,0.3191749950964004,0.352935791015625,19.047235107421898,81.52773666978534,0.4841282935768561,2124,31.754453659057617,259.4506530761719,-25,0.8449716567993164,2,2026-10-06 03:30:00,2026-10-01 23:00:00,1.0
10.14727879715614,77.31612078745178,0.004851426,0.4662056620894621,0.3508671030670966,Moderate,38.81999936699867,59.34999889135361,76.77999856509268,127.66999803856015,0.3881999936699867,0.3956666592756907,0.2559333285503089,0.3191749950964004,0.352935791015625,19.047235107421898,81.52773666978534,0.4841282935768561,2313,13.280891418457031,123.27444458007812,-19,0.8048750758171082,2,2026-10-06 03:30:00,2026-10-01 23:00:00,1.0
10.14727879715614,77.36597728572042,0.015240182,0.4662056620894621,0.3534642920670966,Moderate,38.81999936699867,59.34999889135361,76.77999856509268,127.66999803856015,0.3881999936699867,0.3956666592756907,0.2559333285503089,0.3191749950964004,0.348236083984375,21.236688232421898,80.16209784085302,0.6827948482596121,2231,29.62847900390625,148.63626098632812,34,0.8206609487533569,2,2026-10-06 03:30:00,2026-10-01 23:00:00,1.0
10.197404790010005,76.26616988337287,0.00591764,0.3635439965645472,0.2741374074234104,Moderate,5.249999867752194,54.1199986319989,72.2199986949563,75.07999866455793,0.05249999867752195,0.36079999087999265,0.24073332898318767,0.18769999666139484,0.400787353515625,25.594110107421898,94.07239993122865,0.7458372801474382,11,0.9422923922538756,90.0,-11,0.4751399457454681,14,2026-10-06 03:30:00,2026-10-01 23:00:00,1.0
10.197404790010005,76.3160263816415,0.0045933644,0.41766466246402517,0.31439683794801887,Moderate,14.330000016838312,65.40999856591225,89.7799979634583,94.81999784521759,0.14330000016838312,0.43606665710608167,0.29926665987819434,0.23704999461304396,0.400787353515625,25.594110107421898,94.07239993122865,0.7458372801474382,10,3.377448081970215,236.7296905517578,-2,0.7200848460197449,14,2026-10-06 03:30:00,2026-10-01 23:00:00,1.0
10.197404790010005,76.36615237449541,0.0063708713,0.5369603277791912,0.4043129636593934,Moderate,30.27999947220087,87.49999853223562,138.98999776691198,143.74999770708382,0.3027999947220087,0.5833333235482375,0.4632999925563733,0.3593749942677096,0.4066162109375,24.869500732421898,95.31904859028396,0.7396431101768874,11,5.274007797241211,134.5438690185547,5,0.7728331089019775,14,2026-10-06 03:30:00,2026-10-01 23:00:00,1.0
10.197404790010005,76.41600887276405,0.00462818,0.5369603277791912,0.40387729083439344,Moderate,30.27999947220087,87.49999853223562,138.98999776691198,143.74999770708382,0.3027999947220087,0.5833333235482375,0.4632999925563733,0.3593749942677096,0.4066162109375,24.869500732421898,95.31904859028396,0.7396431101768874,31,1.3220038414001465,225.4561309814453,-1,0.5590597987174988,14,2026-10-06 03:30:00,2026-10-01 23:00:00,1.0
10.197404790010005,76.4661348656179,0.006514288,0.5369603277791912,0.4043488178343934,Moderate,30.27999947220087,87.49999853223562,138.98999776691198,143.74999770708382,0.3027999947220087,0.5833333235482375,0.4632999925563733,0.3593749942677096,0.4060211181640625,24.291375732421898,96.17820527005384,0.9157084336494944,15,1.3220038414001465,45.45613479614258,4,0.7792127728462219,14,2026-10-06 03:30:00,2026-10-01 23:00:00,1.0
10.197404790010005,76.51599136388654,0.004818118,0.5369603277791912,0.4039247753343934,Moderate,30.27999947220087,87.49999853223562,138.98999776691198,143.74999770708382,0.3027999947220087,0.5833333235482375,0.4632999925563733,0.3593749942677096,0.4060211181640625,24.291375732421898,96.17820527005384,0.9157084336494944,23,2.0996642112731934,116.20187377929688,-1,0.6792582273483276,8,2026-10-06 03:30:00,2026-10-01 23:00:00,1.0
10.197404790010005,76.56611735674039,0.0079662595,0.6145999879006918,0.4629415558005189,Moderate,41.799998212605715,91.64999734051526,178.3499956522137,181.11999558098614,0.41799998212605716,0.6109999822701017,0.5944999855073789,0.45279998895246537,0.43255615234375,22.807000732421898,97.49399325496351,1.0705751217130572,33,2.97271466255188,251.8370056152344,-6,0.7746788859367371,8,2026-10-06 03:30:00,2026-10-01 23:00:00,1.0
10.197404790010005,76.61597385500903,0.26082906,0.6145999879006918,0.5261572559255189,High,41.799998212605715,91.64999734051526,178.3499956522137,181.11999558098614,0.41799998212605716,0.6109999822701017,0.5944999855073789,0.45279998895246537,0.43255615234375,22.807000732421898,97.49399325496351,1.0705751217130572,143,13.71640682220459,109.36663818359376,32,0.8222077488899231,8,2026-10-06 03:30:00,2026-10-01 23:00:00,1.0
10.197404790010005,76.66609984786288,0.44996396,0.7108473186263193,0.6456264789697395,High,53.399997875094414,146.5099963787943,190.09999495185912,191.37999488785863,0.5339999787509442,0.9767333091919621,0.6336666498395304,0.4784499872196466,0.463531494140625,21.896844482421898,98.60151134926748,1.2180965030388464,85,11.507205963134766,151.00437927246094,-18,0.4394184052944183,2,2026-10-06 03:30:00,2026-10-01 23:00:00,1.0
10.197404790010005,76.71622584071679,0.12335235,0.785496989007108,0.6199608292553309,High,65.80999809503555,199.15999495238066,225.73999448679388,226.5699944552034,0.6580999809503555,1.0,0.7524666482893129,0.5664249861380085,0.4812469482421875,20.691766357421898,99.67503620890162,1.317757990840211,56,5.63601541519165,270.0,1,0.7773096561431885,2,2026-10-06 03:30:00,2026-10-01 23:00:00,1.0
10.197404790010005,76.76608233898543,0.65820324,0.785496989007108,0.753673551755331,Critical,65.80999809503555,199.15999495238066,225.73999448679388,226.5699944552034,0.6580999809503555,1.0,0.7524666482893129,0.5664249861380085,0.4812469482421875,20.691766357421898,99.67503620890162,1.317757990840211,356,13.452226638793944,74.2939682006836,-8,0.8246732354164124,2,2026-10-06 03:30:00,2026-10-01 23:00:00,1.0
10.197404790010005,76.81620833183928,0.24460588,0.5693219921565925,0.4881429641174444,Moderate,46.15999886393547,110.60999779216945,122.0099975336343,122.81999751366675,0.4615999886393547,0.7373999852811297,0.406699991778781,0.30704999378416686,0.466461181640625,19.103875732421898,98.87270525048991,1.2566893374410453,240,4.674826145172119,126.4329833984375,11,0.7981762886047363,2,2026-10-06 03:30:00,2026-10-01 23:00:00,1.0
10.197404790010005,76.86606483010792,0.9668965,0.5693219921565925,0.6687156191174444,High,46.15999886393547,110.60999779216945,122.0099975336343,122.81999751366675,0.4615999886393547,0.7373999852811297,0.406699991778781,0.30704999378416686,0.466461181640625,19.103875732421898,98.87270525048991,1.2566893374410453,385,24.31764793395996,229.8489227294922,55,0.8595740795135498,8,2026-10-06 03:30:00,2026-10-01 23:00:00,1.0
10.197404790010005,76.91619082296177,0.9077974,0.581978992064111,0.6634335940480832,High,56.51999878883362,102.2699979711324,118.21999749727547,130.54999730549753,0.5651999878883361,0.681799986474216,0.3940666583242516,0.3263749932637438,0.466461181640625,19.103875732421898,98.87270525048991,1.2566893374410453,1006,24.941356658935547,278.0033569335937,-11,0.7806951403617859,2,2026-10-06 03:30:00,2026-10-01 23:00:00,1.0
10.197404790010005,76.9660473212304,0.2657426,0.581978992064111,0.5029198940480832,High,56.51999878883362,102.2699979711324,118.21999749727547,130.54999730549753,0.5651999878883361,0.681799986474216,0.3940666583242516,0.3263749932637438,0.466461181640625,19.103875732421898,98.87270525048991,1.2566893374410453,1072,3.960395812988281,225.4561309814453,16,0.758471667766571,2,2026-10-06 03:30:00,2026-10-01 23:00:00,1.0
10.197404790010005,77.01617331408426,0.3988855,0.5914569904338569,0.5433141178253926,High,63.369998440146446,95.96999771520495,116.52999707683921,138.2499966584146,0.6336999844014645,0.639799984768033,0.38843332358946403,0.3456249916460365,0.3950653076171875,17.033563232421898,95.40681296671808,1.1900555397593895,1216,7.890022754669189,20.8577823638916,-7,0.845080554485321,2,2026-10-06 03:30:00,2026-10-01 23:00:00,1.0
10.197404790010005,77.0660298123529,0.3584701,0.5914569904338569,0.5332102678253927,High,63.369998440146446,95.96999771520495,116.52999707683921,138.2499966584146,0.6336999844014645,0.639799984768033,0.38843332358946403,0.3456249916460365,0.3950653076171875,17.033563232421898,95.40681296671808,1.1900555397593895,2245,29.627605438232425,175.02267456054688,32,0.3778226971626282,10,2026-10-06 03:30:00,2026-10-01 23:00:00,1.0
10.197404790010005,77.1161558052068,0.953025,0.671038321941408,0.7415349914560561,High,75.6199981868267,113.83999744057655,140.52999649569392,171.88999553583562,0.7561999818682671,0.7589333162705103,0.46843332165231305,0.42972498883958904,0.4038238525390625,15.390985107421898,95.09755665942704,0.9469912674592436,1494,16.699935913085938,99.31549072265624,-1,0.6399007439613342,8,2026-10-06 03:30:00,2026-10-01 23:00:00,1.0
10.197404790010005,77.16601230347544,0.5555223,0.7179643188501399,0.677353814137605,High,86.38999736309052,125.53999650850892,144.44999624975026,191.42999503016472,0.8638999736309052,0.8369333100567261,0.4814999874991675,0.4785749875754118,0.400909423828125,16.607781982421898,89.75778652891134,0.4431008585564713,1772,66.18257141113281,6.670746803283691,225,0.6706429719924927,2,2026-10-06 03:30:00,2026-10-01 23:00:00,1.0
10.197404790010005,77.21613829632929,0.014038927,0.7179643188501399,0.5419829708876049,High,86.38999736309052,125.53999650850892,144.44999624975026,191.42999503016472,0.8638999736309052,0.8369333100567261,0.4814999874991675,0.4785749875754118,0.400909423828125,16.607781982421898,89.75778652891134,0.4431008585564713,1961,7.883305072784424,45.45613479614258,3,0.8486148715019226,2,2026-10-06 03:30:00,2026-10-01 23:00:00,1.0
10.197404790010005,77.26599479459793,0.20377159,0.4662056620894621,0.40059714406709657,Moderate,38.81999936699867,59.34999889135361,76.77999856509268,127.66999803856015,0.3881999936699867,0.3956666592756907,0.2559333285503089,0.3191749950964004,0.4089202880859375,16.234735107421898,88.71654189842876,0.2651365930711618,2044,26.85470962524414,245.44189453125,3,0.891120195388794,2,2026-10-06 03:30:00,2026-10-01 23:00:00,1.0
10.197404790010005,77.31612078745178,0.11310882,0.4662056620894621,0.3779314515670966,Moderate,38.81999936699867,59.34999889135361,76.77999856509268,127.66999803856015,0.3881999936699867,0.3956666592756907,0.2559333285503089,0.3191749950964004,0.4089202880859375,16.234735107421898,88.71654189842876,0.2651365930711618,1948,16.699935913085938,279.31549072265625,-6,0.710675835609436,8,2026-10-06 03:30:00,2026-10-01 23:00:00,1.0
10.197404790010005,77.36597728572042,0.013128213,0.4662056620894621,0.3529362998170966,Moderate,38.81999936699867,59.34999889135361,76.77999856509268,127.66999803856015,0.3881999936699867,0.3956666592756907,0.2559333285503089,0.3191749950964004,0.4122314453125,16.174188232421898,88.89102619820747,0.5773022122802457,2055,23.74211311340332,6.441104412078857,13,0.8288639187812805,2,2026-10-06 03:30:00,2026-10-01 23:00:00,1.0
10.247261288278644,76.16618739225038,0.0018672157,0.4167636620414133,0.31303955045605997,Moderate,2.809999942779541,62.31999909877777,110.72999730706215,112.16999720968306,0.02809999942779541,0.41546666065851845,0.3690999910235405,0.28042499302420765,0.393157958984375,26.185906982421898,92.12413768682518,0.6798173027135892,11,1.854334115982056,0.0,6,0.5682612061500549,9,2026-10-06 03:30:00,2026-10-01 23:00:00,1.0
10.247261288278644,76.21604389051902,0.0038242256,0.40236099640987816,0.3027268037074086,Moderate,4.73999996483326,60.20999903976917,98.53999809920788,99.64999805018306,0.047399999648332594,0.4013999935984611,0.32846666033069294,0.24912499512545763,0.393157958984375,26.185906982421898,92.12413768682518,0.6798173027135892,1,6.691189765930176,145.8834228515625,2,0.295786052942276,11,2026-10-06 03:30:00,2026-10-01 23:00:00,1.0
10.247261288278644,76.26616988337287,0.0051050205,0.40236099640987816,0.3030470024324086,Moderate,4.73999996483326,60.20999903976917,98.53999809920788,99.64999805018306,0.047399999648332594,0.4013999935984611,0.32846666033069294,0.24912499512545763,0.393157958984375,26.185906982421898,92.12413768682518,0.6798173027135892,8,4.721549034118652,191.4884185791016,-1,0.6530165672302246,14,2026-10-06 03:30:00,2026-10-01 23:00:00,1.0
10.247261288278644,76.3160263816415,0.003144151,0.4246089926276977,0.3192427822207733,Moderate,9.969999685883522,65.99999764561653,101.87999674677849,105.52999673970044,0.09969999685883522,0.4399999843041102,0.3395999891559283,0.26382499184925107,0.3925323486328125,25.719110107421898,93.61756734388986,0.5952498857053151,6,2.9731338024139404,108.16033935546876,5,0.7348551154136658,14,2026-10-06 03:30:00,2026-10-01 23:00:00,1.0
10.247261288278644,76.36615237449541,0.0038901488,0.49807899279606843,0.3745317817970513,Moderate,22.33999915793538,79.889998216182,127.50999728217721,132.34999711439013,0.2233999915793538,0.53259998810788,0.42503332427392404,0.3308749927859753,0.399688720703125,24.730828857421898,96.0214659604078,0.7048621576314771,25,5.2744245529174805,314.5393981933594,-6,0.3173621892929077,14,2026-10-06 03:30:00,2026-10-01 23:00:00,1.0
10.247261288278644,76.41600887276405,0.032709345,0.49807899279606843,0.3817365808470513,Moderate,22.33999915793538,79.889998216182,127.50999728217721,132.34999711439013,0.2233999915793538,0.53259998810788,0.42503332427392404,0.3308749927859753,0.399688720703125,24.730828857421898,96.0214659604078,0.7048621576314771,44,1.854334115982056,180.0,-7,0.7262392044067383,8,2026-10-06 03:30:00,2026-10-01 23:00:00,1.0
10.247261288278644,76.4661348656179,0.93677336,0.49807899279606843,0.6077525845970513,High,22.33999915793538,79.889998216182,127.50999728217721,132.34999711439013,0.2233999915793538,0.53259998810788,0.42503332427392404,0.3308749927859753,0.4065093994140625,23.857781982421898,96.54118126232636,0.8983521402492809,169,32.378318786621094,110.9411392211914,16,0.69136643409729,8,2026-10-06 03:30:00,2026-10-01 23:00:00,1.0
10.247261288278644,76.51599136388654,0.027254004,0.49807899279606843,0.3803727455970513,Moderate,22.33999915793538,79.889998216182,127.50999728217721,132.34999711439013,0.2233999915793538,0.53259998810788,0.42503332427392404,0.3308749927859753,0.4065093994140625,23.857781982421898,96.54118126232636,0.8983521402492809,64,4.791823387145996,78.86592864990234,4,0.777091383934021,8,2026-10-06 03:30:00,2026-10-01 23:00:00,1.0
10.247261288278644,76.56611735674039,0.02099714,0.5406706561806922,0.41075227713551915,Moderate,29.239998757839203,75.33999768272042,154.05999576859176,157.15999571047723,0.29239998757839203,0.5022666512181362,0.5135333192286392,0.3928999892761931,0.43865966796875,22.494500732421898,95.44168538983212,1.0629370367507345,55,5.415314197540283,211.37173461914065,-17,0.6711903810501099,8,2026-10-06 03:30:00,2026-10-01 23:00:00,1.0
10.247261288278644,76.61597385500903,0.49029592,0.5406706561806922,0.5280769721355192,High,29.239998757839203,75.33999768272042,154.05999576859176,157.15999571047723,0.29239998757839203,0.5022666512181362,0.5135333192286392,0.3928999892761931,0.43865966796875,22.494500732421898,95.44168538983212,1.0629370367507345,421,7.253289699554443,40.25929641723633,-5,0.689128041267395,8,2026-10-06 03:30:00,2026-10-01 23:00:00,1.0
10.247261288278644,76.66609984786288,0.9502127,0.5717963269564634,0.6664004202173476,High,54.429999170824885,90.73999842442572,126.93999768607318,129.18999762646854,0.5442999917082488,0.6049333228295048,0.42313332562024397,0.32297499406617136,0.475341796875,21.719110107421898,94.9355111456718,1.2063567074682668,409,22.892066955566406,54.89690780639648,4,0.8515056371688843,8,2026-10-06 03:30:00,2026-10-01 23:00:00,1.0
10.247261288278644,76.71622584071679,0.0075753047,0.5508746609738717,0.4150498219054038,Moderate,48.46999914199114,92.31999867409468,118.34999806433916,121.55999797210097,0.4846999914199114,0.6154666578272978,0.3944999935477972,0.30389999493025244,0.4758453369140625,21.271844482421898,95.68800833150026,1.311078565096056,156,0.0,0.0,0,-0.0275377240031957,17,2026-10-06 03:30:00,2026-10-01 23:00:00,1.0
10.247261288278644,76.76608233898543,0.010002072,0.5508746609738717,0.4156565137304038,Moderate,48.46999914199114,92.31999867409468,118.34999806433916,121.55999797210097,0.4846999914199114,0.6154666578272978,0.3944999935477972,0.30389999493025244,0.4758453369140625,21.271844482421898,95.68800833150026,1.311078565096056,156,0.0,0.0,0,-0.0226085726171731,17,2026-10-06 03:30:00,2026-10-01 23:00:00,1.0
10.247261288278644,76.81620833183928,0.95586467,0.5444439926786349,0.6472991620089761,High,39.38999919593334,98.27999779768288,121.38999746926129,127.43999732099473,0.3938999919593334,0.6551999853178859,0.4046333248975376,0.31859999330248684,0.402984619140625,19.242547607421898,95.87997910826816,1.2319859175097094,216,31.258819580078125,189.3577117919922,-20,0.3756066858768463,2,2026-10-06 03:30:00,2026-10-01 23:00:00,1.0
10.247261288278644,76.86606483010792,0.9070715,0.5444439926786349,0.6351008695089762,High,39.38999919593334,98.27999779768288,121.38999746926129,127.43999732099473,0.3938999919593334,0.6551999853178859,0.4046333248975376,0.31859999330248684,0.402984619140625,19.242547607421898,95.87997910826816,1.2319859175097094,519,33.45469284057617,348.5115661621094,36,0.8020210266113281,2,2026-10-06 03:30:00,2026-10-01 23:00:00,1.0
10.247261288278644,76.91619082296177,0.28231812,0.6481619901340454,0.556701022600534,High,61.119998812675476,101.78999769687653,157.919996291399,182.01999586448073,0.6111999881267548,0.6785999846458435,0.5263999876379967,0.45504998966120186,0.402984619140625,19.242547607421898,95.87997910826816,1.2319859175097094,1108,5.456195831298828,300.5588684082031,9,0.60857754945755,8,2026-10-06 03:30:00,2026-10-01 23:00:00,1.0
10.247261288278644,76.9660473212304,0.5606204,0.6481619901340454,0.626276592600534,High,61.119998812675476,101.78999769687653,157.919996291399,182.01999586448073,0.6111999881267548,0.6785999846458435,0.5263999876379967,0.45504998966120186,0.402984619140625,19.242547607421898,95.87997910826816,1.2319859175097094,972,27.03129005432129,284.7036437988281,3,0.8099634647369385,2,2026-10-06 03:30:00,2026-10-01 23:00:00,1.0
10.247261288278644,77.01617331408426,0.33210787,0.6111123245056098,0.5413612108792074,High,59.26999893784523,95.89999786764383,133.32999695837498,167.22999600879848,0.5926999893784523,0.6393333191176256,0.44443332319458323,0.4180749900219962,0.399932861328125,16.908563232421898,93.43664770223184,1.1577967532472415,1116,9.177112579345703,225.4606170654297,2,0.8346019387245178,2,2026-10-06 03:30:00,2026-10-01 23:00:00,1.0
10.247261288278644,77.0660298123529,0.97760063,0.6111123245056098,0.7027344008792074,High,59.26999893784523,95.89999786764383,133.32999695837498,167.22999600879848,0.5926999893784523,0.6393333191176256,0.44443332319458323,0.4180749900219962,0.399932861328125,16.908563232421898,93.43664770223184,1.1577967532472415,1796,38.570743560791016,5.920116901397705,55,0.7974302172660828,8,2026-10-06 03:30:00,2026-10-01 23:00:00,1.0
10.247261288278644,77.1161558052068,0.4014831,0.6667109866633392,0.6004040149975044,High,67.44999814033508,114.98999667167664,139.7999959103763,194.62999440915883,0.6744999814033509,0.7665999778111776,0.46599998636792106,0.48657498602289706,0.3970489501953125,16.174188232421898,95.61612214738976,0.8853592178446975,1857,18.50069236755371,29.447364807128903,-9,0.8349913954734802,2,2026-10-06 03:30:00,2026-10-01 23:00:00,1.0
10.247261288278644,77.16601230347544,0.002213736,0.6294366533458855,0.47263092400941414,Moderate,68.90999794006348,109.14999650418758,123.34999620914459,153.01999512128532,0.6890999794006347,0.7276666433612505,0.41116665403048197,0.3825499878032133,0.4062957763671875,18.842156982421898,90.58101818414114,0.3379306830676687,901,3.8221373558044434,345.7454528808594,7,0.565750002861023,14,2026-10-06 03:30:00,2026-10-01 23:00:00,1.0
10.247261288278644,77.21613829632929,0.022466136,0.6294366533458855,0.47769402400941413,Moderate,68.90999794006348,109.14999650418758,123.34999620914459,153.01999512128532,0.6890999794006347,0.7276666433612505,0.41116665403048197,0.3825499878032133,0.4062957763671875,18.842156982421898,90.58101818414114,0.3379306830676687,1672,17.171064376831055,301.5928039550781,-10,0.8019677400588989,9,2026-10-06 03:30:00,2026-10-01 23:00:00,1.0
10.247261288278644,77.26599479459793,0.011041017,0.7340426614321769,0.5532922503241327,High,105.96999853849411,130.53999810665846,136.24999785237014,171.59999700635672,1.0,0.8702666540443897,0.45416665950790047,0.42899999251589177,0.41253662109375,18.752313232421898,89.905569173493,0.2289489737986717,1122,20.91035461425781,300.5588684082031,-7,0.7658826112747192,2,2026-10-06 03:30:00,2026-10-01 23:00:00,1.0
10.247261288278644,77.31612078745178,0.114787675,0.7340426614321769,0.5792289148241326,High,105.96999853849411,130.53999810665846,136.24999785237014,171.59999700635672,1.0,0.8702666540443897,0.45416665950790047,0.42899999251589177,0.41253662109375,18.752313232421898,89.905569173493,0.2289489737986717,1286,31.33603286743164,91.52347564697266,37,0.8081557750701904,8,2026-10-06 03:30:00,2026-10-01 23:00:00,1.0
10.247261288278644,77.36597728572042,0.055533584,0.7340426614321769,0.5644153920741326,High,105.96999853849411,130.53999810665846,136.24999785237014,171.59999700635672,1.0,0.8702666540443897,0.45416665950790047,0.42899999251589177,0.4131317138671875,17.508172607421898,89.43316699581753,0.5747529681906571,2081,4.65438985824585,142.68690490722656,21,0.7295086979866028,2,2026-10-06 03:30:00,2026-10-01 23:00:00,1.0
10.297387281132508,76.16618739225038,0.0011357259,0.4167636620414133,0.31285667800606,Moderate,2.809999942779541,62.31999909877777,110.72999730706215,112.16999720968306,0.02809999942779541,0.41546666065851845,0.3690999910235405,0.28042499302420765,0.393157958984375,26.185906982421898,92.12413768682518,0.6798173027135892,4,2.7802884578704834,0.0,-4,0.6271550059318542,9,2026-10-06 03:30:00,2026-10-01 23:00:00,1.0
10.297387281132508,76.21604389051902,0.0066117276,0.40236099640987816,0.3034236792074086,Moderate,4.73999996483326,60.20999903976917,98.53999809920788,99.64999805018306,0.047399999648332594,0.4013999935984611,0.32846666033069294,0.24912499512545763,0.393157958984375,26.185906982421898,92.12413768682518,0.6798173027135892,11,3.822174310684204,345.7432556152344,-3,0.6644442677497864,14,2026-10-06 03:30:00,2026-10-01 23:00:00,1.0
10.297387281132508,76.26616988337287,0.003243277,0.40236099640987816,0.3025815665574086,Moderate,4.73999996483326,60.20999903976917,98.53999809920788,99.64999805018306,0.047399999648332594,0.4013999935984611,0.32846666033069294,0.24912499512545763,0.393157958984375,26.185906982421898,92.12413768682518,0.6798173027135892,19,2.643024444580078,314.5348205566406,3,0.6573684215545654,14,2026-10-06 03:30:00,2026-10-01 23:00:00,1.0
10.297387281132508,76.3160263816415,0.0051611997,0.4246089926276977,0.3197470443957733,Moderate,9.969999685883522,65.99999764561653,101.87999674677849,105.52999673970044,0.09969999685883522,0.4399999843041102,0.3395999891559283,0.26382499184925107,0.3925323486328125,25.719110107421898,93.61756734388986,0.5952498857053151,15,1.8846694231033323,270.0,5,0.6073822379112244,14,2026-10-06 03:30:00,2026-10-01 23:00:00,1.0
10.297387281132508,76.36615237449541,0.0034252617,0.49807899279606843,0.3744155600220513,Moderate,22.33999915793538,79.889998216182,127.50999728217721,132.34999711439013,0.2233999915793538,0.53259998810788,0.42503332427392404,0.3308749927859753,0.399688720703125,24.730828857421898,96.0214659604078,0.7048621576314771,20,0.9425897002220154,90.0,6,0.710281252861023,14,2026-10-06 03:30:00,2026-10-01 23:00:00,1.0
10.297387281132508,76.41600887276405,0.0123971645,0.49807899279606843,0.3766585357220513,Moderate,22.33999915793538,79.889998216182,127.50999728217721,132.34999711439013,0.2233999915793538,0.53259998810788,0.42503332427392404,0.3308749927859753,0.399688720703125,24.730828857421898,96.0214659604078,0.7048621576314771,36,6.691521644592285,214.1208038330078,-2,0.7273068428039551,8,2026-10-06 03:30:00,2026-10-01 23:00:00,1.0
10.297387281132508,76.4661348656179,0.15091082,0.49807899279606843,0.4112869495970513,Moderate,22.33999915793538,79.889998216182,127.50999728217721,132.34999711439013,0.2233999915793538,0.53259998810788,0.42503332427392404,0.3308749927859753,0.4065093994140625,23.857781982421898,96.54118126232636,0.8983521402492809,68,12.72553539276123,210.66297912597656,-16,0.6262730956077576,2,2026-10-06 03:30:00,2026-10-01 23:00:00,1.0
10.297387281132508,76.51599136388654,0.62413836,0.49807899279606843,0.5295938345970513,High,22.33999915793538,79.889998216182,127.50999728217721,132.34999711439013,0.2233999915793538,0.53259998810788,0.42503332427392404,0.3308749927859753,0.4065093994140625,23.857781982421898,96.54118126232636,0.8983521402492809,264,20.871776580810547,167.54066467285156,-20,0.3259472548961639,8,2026-10-06 03:30:00,2026-10-01 23:00:00,1.0
10.297387281132508,76.56611735674039,0.90683407,0.5406706561806922,0.6322115096355192,High,29.239998757839203,75.33999768272042,154.05999576859176,157.15999571047723,0.29239998757839203,0.5022666512181362,0.5135333192286392,0.3928999892761931,0.43865966796875,22.494500732421898,95.44168538983212,1.0629370367507345,197,23.412248611450195,119.07901763916016,51,0.6924062371253967,2,2026-10-06 03:30:00,2026-10-01 23:00:00,1.0
10.297387281132508,76.61597385500903,0.24604736,0.5406706561806922,0.46701483213551914,Moderate,29.239998757839203,75.33999768272042,154.05999576859176,157.15999571047723,0.29239998757839203,0.5022666512181362,0.5135333192286392,0.3928999892761931,0.43865966796875,22.494500732421898,95.44168538983212,1.0629370367507345,265,2.973560094833374,251.8423614501953,2,0.7851245999336243,8,2026-10-06 03:30:00,2026-10-01 23:00:00,1.0
10.297387281132508,76.66609984786288,0.8087178,0.5717963269564634,0.6310266952173476,High,54.429999170824885,90.73999842442572,126.93999768607318,129.18999762646854,0.5442999917082488,0.6049333228295048,0.42313332562024397,0.32297499406617136,0.475341796875,21.719110107421898,94.9355111456718,1.2063567074682668,434,14.853808403015137,248.5175323486328,8,0.734305739402771,2,2026-10-06 03:30:00,2026-10-01 23:00:00,1.0
10.297387281132508,76.71622584071679,0.3609376,0.5508746609738717,0.5033903957304038,High,48.46999914199114,92.31999867409468,118.34999806433916,121.55999797210097,0.4846999914199114,0.6154666578272978,0.3944999935477972,0.30389999493025244,0.4758453369140625,21.271844482421898,95.68800833150026,1.311078565096056,486,6.691521644592285,145.8791961669922,4,0.8361272215843201,2,2026-10-06 03:30:00,2026-10-01 23:00:00,1.0
10.297387281132508,76.76608233898543,0.7345786,0.5508746609738717,0.5968006457304038,High,48.46999914199114,92.31999867409468,118.34999806433916,121.55999797210097,0.4846999914199114,0.6154666578272978,0.3944999935477972,0.30389999493025244,0.4758453369140625,21.271844482421898,95.68800833150026,1.311078565096056,895,14.55947208404541,251.8423614501953,-15,0.8481290936470032,2,2026-10-06 03:30:00,2026-10-01 23:00:00,1.0
10.297387281132508,76.81620833183928,0.8381214,0.5444439926786349,0.6178633445089762,High,39.38999919593334,98.27999779768288,121.38999746926129,127.43999732099473,0.3938999919593334,0.6551999853178859,0.4046333248975376,0.31859999330248684,0.402984619140625,19.242547607421898,95.87997910826816,1.2319859175097094,808,12.434279441833496,162.63400268554688,44,0.0588828213512897,2,2026-10-06 03:30:00,2026-10-01 23:00:00,1.0
10.297387281132508,76.86606483010792,0.53802973,0.5444439926786349,0.5428404270089762,High,39.38999919593334,98.27999779768288,121.38999746926129,127.43999732099473,0.3938999919593334,0.6551999853178859,0.4046333248975376,0.31859999330248684,0.402984619140625,19.242547607421898,95.87997910826816,1.2319859175097094,854,7.971115589141846,144.02113342285156,12,0.8431230783462524,8,2026-10-06 03:30:00,2026-10-01 23:00:00,1.0
10.297387281132508,76.91619082296177,0.1818351,0.6481619901340454,0.531580267600534,High,61.119998812675476,101.78999769687653,157.919996291399,182.01999586448073,0.6111999881267548,0.6785999846458435,0.5263999876379967,0.45504998966120186,0.402984619140625,19.242547607421898,95.87997910826816,1.2319859175097094,1068,12.824286460876465,299.8531188964844,-10,0.7855772376060486,8,2026-10-06 03:30:00,2026-10-01 23:00:00,1.0
10.297387281132508,76.9660473212304,0.05894461,0.6481619901340454,0.5008576451005341,High,61.119998812675476,101.78999769687653,157.919996291399,182.01999586448073,0.6111999881267548,0.6785999846458435,0.5263999876379967,0.45504998966120186,0.402984619140625,19.242547607421898,95.87997910826816,1.2319859175097094,1111,6.691521644592285,145.8791961669922,-16,0.6581117510795593,8,2026-10-06 03:30:00,2026-10-01 23:00:00,1.0
10.297387281132508,77.01617331408426,0.91707534,0.6111123245056098,0.6876030783792073,High,59.26999893784523,95.89999786764383,133.32999695837498,167.22999600879848,0.5926999893784523,0.6393333191176256,0.44443332319458323,0.4180749900219962,0.399932861328125,16.908563232421898,93.43664770223184,1.1577967532472415,1198,20.06241607666016,82.3584213256836,6,0.8243341445922852,2,2026-10-06 03:30:00,2026-10-01 23:00:00,1.0
10.297387281132508,77.0660298123529,0.2651888,0.6111123245056098,0.5246314433792074,High,59.26999893784523,95.89999786764383,133.32999695837498,167.22999600879848,0.5926999893784523,0.6393333191176256,0.44443332319458323,0.4180749900219962,0.399932861328125,16.908563232421898,93.43664770223184,1.1577967532472415,1807,11.973018646240234,32.894039154052734,-7,0.8684121370315552,2,2026-10-06 03:30:00,2026-10-01 23:00:00,1.0
10.297387281132508,77.1161558052068,0.018916687,0.6667109866633392,0.5047624117475044,High,67.44999814033508,114.98999667167664,139.7999959103763,194.62999440915883,0.6744999814033509,0.7665999778111776,0.46599998636792106,0.48657498602289706,0.3970489501953125,16.174188232421898,95.61612214738976,0.8853592178446975,2107,7.045894145965576,336.462646484375,4,0.8394730091094971,10,2026-10-06 03:30:00,2026-10-01 23:00:00,1.0
10.297387281132508,77.16601230347544,0.16080889,0.6294366533458855,0.5122797125094142,High,68.90999794006348,109.14999650418758,123.34999620914459,153.01999512128532,0.6890999794006347,0.7276666433612505,0.41116665403048197,0.3825499878032133,0.4062957763671875,18.842156982421898,90.58101818414114,0.3379306830676687,1148,20.07779693603516,193.00680541992188,-3,0.7687180638313293,9,2026-10-06 03:30:00,2026-10-01 23:00:00,1.0
10.297387281132508,77.21613829632929,0.018094642,0.6294366533458855,0.47660115050941415,Moderate,68.90999794006348,109.14999650418758,123.34999620914459,153.01999512128532,0.6890999794006347,0.7276666433612505,0.41116665403048197,0.3825499878032133,0.4062957763671875,18.842156982421898,90.58101818414114,0.3379306830676687,838,27.572322845458984,7.24043083190918,8,0.6551564335823059,8,2026-10-06 03:30:00,2026-10-01 23:00:00,1.0
10.297387281132508,77.26599479459793,0.006436785,0.7340426614321769,0.5521411923241326,High,105.96999853849411,130.53999810665846,136.24999785237014,171.59999700635672,1.0,0.8702666540443897,0.45416665950790047,0.42899999251589177,0.41253662109375,18.752313232421898,89.905569173493,0.2289489737986717,604,5.71258544921875,260.6874084472656,-1,0.6647495031356812,10,2026-10-06 03:30:00,2026-10-01 23:00:00,1.0
10.297387281132508,77.31612078745178,0.25626484,0.7340426614321769,0.6145982060741326,High,105.96999853849411,130.53999810665846,136.24999785237014,171.59999700635672,1.0,0.8702666540443897,0.45416665950790047,0.42899999251589177,0.41253662109375,18.752313232421898,89.905569173493,0.2289489737986717,1262,34.00218200683594,270.0,18,0.6462088227272034,8,2026-10-06 03:30:00,2026-10-01 23:00:00,1.0
10.297387281132508,77.36597728572042,0.0694004,0.7340426614321769,0.5678820960741326,High,105.96999853849411,130.53999810665846,136.24999785237014,171.59999700635672,1.0,0.8702666540443897,0.45416665950790047,0.42899999251589177,0.4131317138671875,17.508172607421898,89.43316699581753,0.5747529681906571,1563,22.71857070922852,59.826656341552734,41,0.3740129768848419,8,2026-10-06 03:30:00,2026-10-01 23:00:00,1.0
10.34724377940114,76.16618739225038,0.0034760728,0.3395821299452956,0.2555556156589717,Moderate,1.8000000100582838,47.22999928705394,102.7099988758564,103.74999884702265,0.01800000010058284,0.31486666191369295,0.34236666291952134,0.2593749971175566,0.2273406982421875,26.465203857421898,89.62895898120394,0.4355344005489768,0,3.3785641193389893,123.2578582763672,-8,0.8390797972679138,12,2026-10-06 03:30:00,2026-10-01 23:00:00,0.7578023274739584
10.34724377940114,76.21604389051902,0.0075397626,0.3240201293279107,0.24490003764593302,Low,1.7599999606609344,39.489998906850815,97.23999878764153,98.04999876208603,0.017599999606609344,0.26326665937900545,0.3241333292921384,0.24512499690521508,0.2273406982421875,26.465203857421898,89.62895898120394,0.4355344005489768,14,5.626095771789551,350.3841552734375,5,0.1692032217979431,14,2026-10-06 03:30:00,2026-10-01 23:00:00,0.7578023274739584
10.34724377940114,76.26616988337287,0.0034350597,0.3240201293279107,0.24387386192093302,Low,1.7599999606609344,39.489998906850815,97.23999878764153,98.04999876208603,0.017599999606609344,0.26326665937900545,0.3241333292921384,0.24512499690521508,0.2273406982421875,26.465203857421898,89.62895898120394,0.4355344005489768,12,4.7216081619262695,191.49197387695312,3,0.29600989818573,13,2026-10-06 03:30:00,2026-10-01 23:00:00,0.7578023274739584
10.34724377940114,76.3160263816415,0.0014711538,0.404271997093844,0.303571786270383,Moderate,5.049999929964542,45.839998956769705,110.71999876201153,113.39999867416918,0.05049999929964542,0.30559999304513136,0.36906666254003845,0.283499996685423,0.3862762451171875,25.711297607421898,91.50620761350552,0.4457373186812485,31,2.100464344024658,243.80886840820312,4,0.163275808095932,14,2026-10-06 03:30:00,2026-10-01 23:00:00,1.0
10.34724377940114,76.36615237449541,0.0064449296,0.4226183297613636,0.3185749797210227,Moderate,11.38999992609024,51.919999066740274,109.43999816291034,113.80999808199704,0.1138999992609024,0.34613332711160183,0.3647999938763678,0.2845249952049926,0.3970794677734375,24.469110107421898,95.29413086770477,0.6423657803014393,38,2.7802884578704834,180.0,6,0.7298900485038757,8,2026-10-06 03:30:00,2026-10-01 23:00:00,1.0
10.34724377940114,76.41600887276405,0.037356865,0.4226183297613636,0.32630296357102273,Moderate,11.38999992609024,51.919999066740274,109.43999816291034,113.80999808199704,0.1138999992609024,0.34613332711160183,0.3647999938763678,0.2845249952049926,0.3970794677734375,24.469110107421898,95.29413086770477,0.6423657803014393,42,11.097949981689451,204.7997589111328,-4,0.7209640741348267,8,2026-10-06 03:30:00,2026-10-01 23:00:00,1.0
10.34724377940114,76.4661348656179,0.033775475,0.4226183297613636,0.32540761607102275,Moderate,11.38999992609024,51.919999066740274,109.43999816291034,113.80999808199704,0.1138999992609024,0.34613332711160183,0.3647999938763678,0.2845249952049926,0.411407470703125,23.312860107421898,96.2645910028954,0.8492928652246122,63,8.013494491577148,234.90545654296875,6,0.7208921909332275,2,2026-10-06 03:30:00,2026-10-01 23:00:00,1.0
10.34724377940114,76.51599136388654,0.036909144,0.4226183297613636,0.3261910333210227,Moderate,11.38999992609024,51.919999066740274,109.43999816291034,113.80999808199704,0.1138999992609024,0.34613332711160183,0.3647999938763678,0.2845249952049926,0.411407470703125,23.312860107421898,96.2645910028954,0.8492928652246122,85,4.676253318786621,306.4200134277344,-6,0.657407820224762,2,2026-10-06 03:30:00,2026-10-01 23:00:00,1.0
10.34724377940114,76.56611735674039,0.96217024,0.4648866611437251,0.5892075558577938,High,21.279999762773514,58.50999907031655,121.51999691128731,125.39999682828784,0.21279999762773513,0.390066660468777,0.4050666563709577,0.3134999920707196,0.4231414794921875,22.230828857421898,91.58810905102342,1.036194232537452,419,19.775346755981445,172.10806274414062,-2,0.7043572664260864,2,2026-10-06 03:30:00,2026-10-01 23:00:00,1.0
10.34724377940114,76.61597385500903,0.7936034,0.4648866611437251,0.5470658458577938,High,21.279999762773514,58.50999907031655,121.51999691128731,125.39999682828784,0.21279999762773513,0.390066660468777,0.4050666563709577,0.3134999920707196,0.4231414794921875,22.230828857421898,91.58810905102342,1.036194232537452,567,14.686256408691406,329.8487548828125,-28,0.7705614566802979,2,2026-10-06 03:30:00,2026-10-01 23:00:00,1.0
10.34724377940114,76.66609984786288,0.21049209,0.5384819935843348,0.4564845176882511,Moderate,42.5099990516901,80.60999855026603,126.95999776944518,131.8199976235628,0.425099990516901,0.5373999903351069,0.4231999925648173,0.32954999405890706,0.448211669921875,21.209344482421898,87.24801028234565,1.1943406303955348,717,1.8849672079086304,270.0,0,0.8278170228004456,2,2026-10-06 03:30:00,2026-10-01 23:00:00,1.0
10.34724377940114,76.71622584071679,0.3218632,0.5450853242584814,0.48927979319386106,Moderate,41.179999351501465,96.19999703392386,120.98999652080238,126.63999633863568,0.4117999935150147,0.6413333135594924,0.4032999884026746,0.3165999908465892,0.398101806640625,20.914422607421898,90.27064707246078,1.2890436461693324,599,1.8849672079086304,270.0,-5,0.8161762952804565,2,2026-10-06 03:30:00,2026-10-01 23:00:00,1.0
10.34724377940114,76.76608233898543,0.9645902,0.5450853242584814,0.649961543193861,High,41.179999351501465,96.19999703392386,120.98999652080238,126.63999633863568,0.4117999935150147,0.6413333135594924,0.4032999884026746,0.3165999908465892,0.398101806640625,20.914422607421898,90.27064707246078,1.2890436461693324,912,29.550052642822266,336.02374267578125,-31,0.8488470911979675,2,2026-10-06 03:30:00,2026-10-01 23:00:00,1.0
10.34724377940114,76.81620833183928,0.9290105,0.5256793202435598,0.6265121151826698,High,37.87999811768532,91.96999623812735,113.35999602079391,122.25999574176967,0.3787999811768532,0.6131333082541823,0.37786665340264636,0.30564998935442417,0.425201416015625,19.953485107421898,91.8961504110989,1.204436516422957,1134,13.205961227416992,145.87498474121094,29,0.544126033782959,2,2026-10-06 03:30:00,2026-10-01 23:00:00,1.0
10.34724377940114,76.86606483010792,0.89587396,0.5256793202435598,0.6182279801826698,High,37.87999811768532,91.96999623812735,113.35999602079391,122.25999574176967,0.3787999811768532,0.6131333082541823,0.37786665340264636,0.30564998935442417,0.425201416015625,19.953485107421898,91.8961504110989,1.204436516422957,711,21.06605339050293,14.851977348327637,8,0.7968423366546631,2,2026-10-06 03:30:00,2026-10-01 23:00:00,1.0
10.34724377940114,76.91619082296177,0.77018,0.7514929880377526,0.7561647410283143,Critical,73.02999864518642,123.59999759308994,196.85999532043934,232.20999411679804,0.7302999864518642,0.8239999839539329,0.6561999844014644,0.5805249852919951,0.425201416015625,19.953485107421898,91.8961504110989,1.204436516422957,1184,17.707599639892578,101.70069122314452,-9,0.6677467226982117,2,2026-10-06 03:30:00,2026-10-01 23:00:00,1.0
10.34724377940114,76.9660473212304,0.060505733,0.7514929880377526,0.5787461742783143,High,73.02999864518642,123.59999759308994,196.85999532043934,232.20999411679804,0.7302999864518642,0.8239999839539329,0.6561999844014644,0.5805249852919951,0.425201416015625,19.953485107421898,91.8961504110989,1.204436516422957,1191,12.208118438720703,261.3939208984375,6,0.8033590912818909,8,2026-10-06 03:30:00,2026-10-01 23:00:00,1.0
10.34724377940114,77.01617331408426,0.33107528,0.6683553240323439,0.5840353130242578,High,59.47999918460846,115.78999744914472,159.46999658457935,196.61999556608498,0.5947999918460846,0.7719333163276315,0.5315666552819311,0.49154998891521245,0.3814849853515625,18.490594482421898,89.27557246928038,1.131120778559268,1590,16.445417404174805,236.7421417236328,9,0.817356288433075,2,2026-10-06 03:30:00,2026-10-01 23:00:00,1.0
10.34724377940114,77.0660298123529,0.16427736,0.6683553240323439,0.5423358330242578,High,59.47999918460846,115.78999744914472,159.46999658457935,196.61999556608498,0.5947999918460846,0.7719333163276315,0.5315666552819311,0.49154998891521245,0.3814849853515625,18.490594482421898,89.27557246928038,1.131120778559268,2338,22.09864044189453,175.35079956054688,-6,0.2983809113502502,10,2026-10-06 03:30:00,2026-10-01 23:00:00,1.0
10.34724377940114,77.1161558052068,0.46290526,0.617611324310489,0.5789348082328668,High,55.06999872997403,100.99999793060124,128.55999733135104,193.7799957189709,0.5506999872997403,0.6733333195373415,0.4285333244378368,0.4844499892974272,0.3683013916015625,18.939813232421898,89.93040852348311,0.895506198657695,1962,29.84765243530273,334.5222473144531,12,0.8026291728019714,8,2026-10-06 03:30:00,2026-10-01 23:00:00,1.0
10.34724377940114,77.16601230347544,0.031205053,0.5312666593339295,0.4062512577504471,Moderate,52.74999893642962,79.14999814890325,90.24999783933163,138.27999699488282,0.5274999893642962,0.5276666543260217,0.3008333261311054,0.34569999248720706,0.3811798095703125,22.703485107421898,83.19903175031371,0.3689118443861814,917,29.50589942932129,346.5484924316406,16,0.7672811150550842,2,2026-10-06 03:30:00,2026-10-01 23:00:00,1.0
10.34724377940114,77.21613829632929,0.010106493,0.5312666593339295,0.40097661775044713,Moderate,52.74999893642962,79.14999814890325,90.24999783933163,138.27999699488282,0.5274999893642962,0.5276666543260217,0.3008333261311054,0.34569999248720706,0.3811798095703125,22.703485107421898,83.19903175031371,0.3689118443861814,500,5.4574713706970215,59.44909286499024,-10,0.5615355968475342,10,2026-10-06 03:30:00,2026-10-01 23:00:00,1.0
10.34724377940114,77.26599479459793,0.005123177,0.5156529903287068,0.3880205369965301,Moderate,53.39999836683273,77.36999756097794,79.99999749474227,124.6499964017421,0.5339999836683273,0.5157999837398529,0.2666666583158076,0.31162499100435526,0.4166107177734375,24.062860107421898,82.64820517151814,0.3346261339799832,449,4.195297718048096,63.80887222290039,1,0.6457216739654541,10,2026-10-06 03:30:00,2026-10-01 23:00:00,1.0
10.34724377940114,77.31612078745178,0.018457288,0.5156529903287068,0.3913540647465301,Moderate,53.39999836683273,77.36999756097794,79.99999749474227,124.6499964017421,0.5339999836683273,0.5157999837398529,0.2666666583158076,0.31162499100435526,0.4166107177734375,24.062860107421898,82.64820517151814,0.3346261339799832,780,5.713459014892578,99.3111572265625,-29,0.68158358335495,8,2026-10-06 03:30:00,2026-10-01 23:00:00,1.0
10.34724377940114,77.36597728572042,0.04008011,0.5156529903287068,0.3967597702465301,Moderate,53.39999836683273,77.36999756097794,79.99999749474227,124.6499964017421,0.5339999836683273,0.5157999837398529,0.2666666583158076,0.31162499100435526,0.3692169189453125,23.658563232421898,81.19802057852475,0.6211047954607365,780,34.03693771362305,272.7473449707031,-37,0.6246326565742493,8,2026-10-06 03:30:00,2026-10-01 23:00:00,1.0
10.397369772255011,76.11606139939653,0.0039517456,0.3691129730442539,0.2778226661831904,Moderate,1.8000000100582838,47.22999928705394,102.7099988758564,103.74999884702265,0.01800000010058284,0.31486666191369295,0.34236666291952134,0.2593749971175566,0.271636962890625,26.547235107421898,86.93053558535608,0.5162460499603697,13,2.6434519290924072,134.52569580078125,-5,0.4681867659091949,14,2026-10-06 03:30:00,2026-10-01 23:00:00,0.90545654296875
10.397369772255011,76.16618739225038,0.008569338,0.3395821299452956,0.2568289319589717,Moderate,1.8000000100582838,47.22999928705394,102.7099988758564,103.74999884702265,0.01800000010058284,0.31486666191369295,0.34236666291952134,0.2593749971175566,0.2273406982421875,26.465203857421898,89.62895898120394,0.4355344005489768,12,2.079989433288574,153.05360412597656,-5,0.7747467756271362,14,2026-10-06 03:30:00,2026-10-01 23:00:00,0.7578023274739584
10.397369772255011,76.21604389051902,0.008229592,0.3240201293279107,0.245072494995933,Low,1.7599999606609344,39.489998906850815,97.23999878764153,98.04999876208603,0.017599999606609344,0.26326665937900545,0.3241333292921384,0.24512499690521508,0.2273406982421875,26.465203857421898,89.62895898120394,0.4355344005489768,3,8.474953651428223,263.7630920410156,16,0.8073375821113586,14,2026-10-06 03:30:00,2026-10-01 23:00:00,0.7578023274739584
10.397369772255011,76.26616988337287,0.0036868246,0.3240201293279107,0.24393680314593302,Low,1.7599999606609344,39.489998906850815,97.23999878764153,98.04999876208603,0.017599999606609344,0.26326665937900545,0.3241333292921384,0.24512499690521508,0.2273406982421875,26.465203857421898,89.62895898120394,0.4355344005489768,20,0.9274099469184875,180.0,3,0.3919101059436798,14,2026-10-06 03:30:00,2026-10-01 23:00:00,0.7578023274739584
10.397369772255011,76.3160263816415,0.0048338557,0.404271997093844,0.304412461745383,Moderate,5.049999929964542,45.839998956769705,110.71999876201153,113.39999867416918,0.05049999929964542,0.30559999304513136,0.36906666254003845,0.283499996685423,0.3862762451171875,25.711297607421898,91.50620761350552,0.4457373186812485,16,3.878325700759888,76.18534088134766,13,0.6915342807769775,14,2026-10-06 03:30:00,2026-10-01 23:00:00,1.0
10.397369772255011,76.36615237449541,0.0062250285,0.4226183297613636,0.31852000444602274,Moderate,11.38999992609024,51.919999066740274,109.43999816291034,113.80999808199704,0.1138999992609024,0.34613332711160183,0.3647999938763678,0.2845249952049926,0.3970794677734375,24.469110107421898,95.29413086770477,0.6423657803014393,32,1.8852697610855105,270.0,-1,0.82366544008255,8,2026-10-06 03:30:00,2026-10-01 23:00:00,1.0
10.397369772255011,76.41600887276405,0.04234925,0.4226183297613636,0.3275510598210227,Moderate,11.38999992609024,51.919999066740274,109.43999816291034,113.80999808199704,0.1138999992609024,0.34613332711160183,0.3647999938763678,0.2845249952049926,0.3970794677734375,24.469110107421898,95.29413086770477,0.6423657803014393,48,12.048322677612305,247.7149658203125,6,0.845400333404541,8,2026-10-06 03:30:00,2026-10-01 23:00:00,1.0
10.397369772255011,76.4661348656179,0.3618368,0.4226183297613636,0.40742294732102274,Moderate,11.38999992609024,51.919999066740274,109.43999816291034,113.80999808199704,0.1138999992609024,0.34613332711160183,0.3647999938763678,0.2845249952049926,0.411407470703125,23.312860107421898,96.2645910028954,0.8492928652246122,186,14.858882904052734,277.0091857910156,-30,0.7639131546020508,2,2026-10-06 03:30:00,2026-10-01 23:00:00,1.0
10.397369772255011,76.51599136388654,0.9894918,0.4226183297613636,0.5643366973210228,High,11.38999992609024,51.919999066740274,109.43999816291034,113.80999808199704,0.1138999992609024,0.34613332711160183,0.3647999938763678,0.2845249952049926,0.411407470703125,23.312860107421898,96.2645910028954,0.8492928652246122,541,28.078950881958008,199.83755493164065,20,0.6612654328346252,8,2026-10-06 03:30:00,2026-10-01 23:00:00,1.0
10.397369772255011,76.56611735674039,0.85605115,0.4648866611437251,0.5626777833577938,High,21.279999762773514,58.50999907031655,121.51999691128731,125.39999682828784,0.21279999762773513,0.390066660468777,0.4050666563709577,0.3134999920707196,0.4231414794921875,22.230828857421898,91.58810905102342,1.036194232537452,627,15.483701705932615,225.47430419921875,-9,0.7887229323387146,2,2026-10-06 03:30:00,2026-10-01 23:00:00,1.0
10.397369772255011,76.61597385500903,0.5146754,0.4648866611437251,0.47733384585779387,Moderate,21.279999762773514,58.50999907031655,121.51999691128731,125.39999682828784,0.21279999762773513,0.390066660468777,0.4050666563709577,0.3134999920707196,0.4231414794921875,22.230828857421898,91.58810905102342,1.036194232537452,677,11.13083267211914,228.8370361328125,-20,0.7961766719818115,2,2026-10-06 03:30:00,2026-10-01 23:00:00,1.0
10.397369772255011,76.66609984786288,0.87012863,0.5384819935843348,0.6213936526882511,High,42.5099990516901,80.60999855026603,126.95999776944518,131.8199976235628,0.425099990516901,0.5373999903351069,0.4231999925648173,0.32954999405890706,0.448211669921875,21.209344482421898,87.24801028234565,1.1943406303955348,541,18.856733322143555,185.5305938720703,-13,0.7606194019317627,2,2026-10-06 03:30:00,2026-10-01 23:00:00,1.0
10.397369772255011,76.71622584071679,0.19031318,0.5450853242584814,0.4563922881938611,Moderate,41.179999351501465,96.19999703392386,120.98999652080238,126.63999633863568,0.4117999935150147,0.6413333135594924,0.4032999884026746,0.3165999908465892,0.398101806640625,20.914422607421898,90.27064707246078,1.2890436461693324,576,3.3575446605682373,34.1292839050293,7,0.6716201305389404,4,2026-10-06 03:30:00,2026-10-01 23:00:00,1.0
10.397369772255011,76.76608233898543,0.61726266,0.5450853242584814,0.5631296581938611,High,41.179999351501465,96.19999703392386,120.98999652080238,126.63999633863568,0.4117999935150147,0.6413333135594924,0.4032999884026746,0.3165999908465892,0.398101806640625,20.914422607421898,90.27064707246078,1.2890436461693324,586,8.547809600830078,221.0706024169922,3,0.6473029255867004,4,2026-10-06 03:30:00,2026-10-01 23:00:00,1.0
10.397369772255011,76.81620833183928,0.6910302,0.5256793202435598,0.5670170401826699,High,37.87999811768532,91.96999623812735,113.35999602079391,122.25999574176967,0.3787999811768532,0.6131333082541823,0.37786665340264636,0.30564998935442417,0.425201416015625,19.953485107421898,91.8961504110989,1.204436516422957,625,11.299845695495604,235.452377319336,-6,0.6444605588912964,2,2026-10-06 03:30:00,2026-10-01 23:00:00,1.0
10.397369772255011,76.86606483010792,0.7540909,0.5256793202435598,0.5827822151826698,High,37.87999811768532,91.96999623812735,113.35999602079391,122.25999574176967,0.3787999811768532,0.6131333082541823,0.37786665340264636,0.30564998935442417,0.425201416015625,19.953485107421898,91.8961504110989,1.204436516422957,980,16.59449005126953,83.76309204101562,-38,0.6409867405891418,2,2026-10-06 03:30:00,2026-10-01 23:00:00,1.0
10.397369772255011,76.91619082296177,0.06449801,0.7514929880377526,0.5797442435283143,High,73.02999864518642,123.59999759308994,196.85999532043934,232.20999411679804,0.7302999864518642,0.8239999839539329,0.6561999844014644,0.5805249852919951,0.425201416015625,19.953485107421898,91.8961504110989,1.204436516422957,851,13.981453895568848,277.4713439941406,-24,0.8300060629844666,2,2026-10-06 03:30:00,2026-10-01 23:00:00,1.0
10.397369772255011,76.9660473212304,0.42204174,0.7514929880377526,0.6691301760283144,High,73.02999864518642,123.59999759308994,196.85999532043934,232.20999411679804,0.7302999864518642,0.8239999839539329,0.6561999844014644,0.5805249852919951,0.425201416015625,19.953485107421898,91.8961504110989,1.204436516422957,1424,7.3788604736328125,0.0,10,0.7740277051925659,8,2026-10-06 03:30:00,2026-10-01 23:00:00,1.0
10.397369772255011,77.01617331408426,0.5923043,0.6683553240323439,0.6493425680242578,High,59.47999918460846,115.78999744914472,159.46999658457935,196.61999556608498,0.5947999918460846,0.7719333163276315,0.5315666552819311,0.49154998891521245,0.3814849853515625,18.490594482421898,89.27557246928038,1.131120778559268,1364,30.43600082397461,299.73114013671875,63,0.8506308794021606,2,2026-10-06 03:30:00,2026-10-01 23:00:00,1.0
10.397369772255011,77.0660298123529,0.016113786,0.6683553240323439,0.5052949395242579,High,59.47999918460846,115.78999744914472,159.46999658457935,196.61999556608498,0.5947999918460846,0.7719333163276315,0.5315666552819311,0.49154998891521245,0.3814849853515625,18.490594482421898,89.27557246928038,1.131120778559268,954,3.878325700759888,283.8146667480469,17,0.7936691045761108,4,2026-10-06 03:30:00,2026-10-01 23:00:00,1.0
10.397369772255011,77.1161558052068,0.060251147,0.617611324310489,0.4782712799828668,Moderate,55.06999872997403,100.99999793060124,128.55999733135104,193.7799957189709,0.5506999872997403,0.6733333195373415,0.4285333244378368,0.4844499892974272,0.3683013916015625,18.939813232421898,89.93040852348311,0.895506198657695,1515,16.731216430664062,138.9293975830078,11,0.8439068794250488,8,2026-10-06 03:30:00,2026-10-01 23:00:00,1.0
10.397369772255011,77.16601230347544,0.03982375,0.5312666593339295,0.4084059320004471,Moderate,52.74999893642962,79.14999814890325,90.24999783933163,138.27999699488282,0.5274999893642962,0.5276666543260217,0.3008333261311054,0.34569999248720706,0.3811798095703125,22.703485107421898,83.19903175031371,0.3689118443861814,1592,41.11782455444336,330.6454162597656,10,0.5294547080993652,9,2026-10-06 03:30:00,2026-10-01 23:00:00,1.0
10.397369772255011,77.21613829632929,0.027568514,0.5312666593339295,0.4053421230004471,Moderate,52.74999893642962,79.14999814890325,90.24999783933163,138.27999699488282,0.5274999893642962,0.5276666543260217,0.3008333261311054,0.34569999248720706,0.3811798095703125,22.703485107421898,83.19903175031371,0.3689118443861814,728,31.3549747467041,214.55630493164065,17,0.561832070350647,10,2026-10-06 03:30:00,2026-10-01 23:00:00,1.0
10.397369772255011,77.26599479459793,0.0026028722,0.5156529903287068,0.3873904607965301,Moderate,53.39999836683273,77.36999756097794,79.99999749474227,124.6499964017421,0.5339999836683273,0.5157999837398529,0.2666666583158076,0.31162499100435526,0.4166107177734375,24.062860107421898,82.64820517151814,0.3346261339799832,347,0.0,0.0,0,0.5625394582748413,10,2026-10-06 03:30:00,2026-10-01 23:00:00,1.0
10.397369772255011,77.31612078745178,0.03197468,0.5156529903287068,0.3947334127465301,Moderate,53.39999836683273,77.36999756097794,79.99999749474227,124.6499964017421,0.5339999836683273,0.5157999837398529,0.2666666583158076,0.31162499100435526,0.4166107177734375,24.062860107421898,82.64820517151814,0.3346261339799832,489,25.142498016357425,34.1292839050293,-11,0.7162385582923889,8,2026-10-06 03:30:00,2026-10-01 23:00:00,1.0
10.397369772255011,77.36597728572042,0.0006740097,0.5156529903287068,0.3869082451715301,Moderate,53.39999836683273,77.36999756097794,79.99999749474227,124.6499964017421,0.5339999836683273,0.5157999837398529,0.2666666583158076,0.31162499100435526,0.3692169189453125,23.658563232421898,81.19802057852475,0.6211047954607365,388,1.3224297761917114,134.52569580078125,4,0.4017164409160614,12,2026-10-06 03:30:00,2026-10-01 23:00:00,1.0
10.447226270523643,76.06620490112789,0.0007464443,0.36963930239155895,0.2774160878686692,Moderate,2.8699998259544373,54.5699981097132,95.79999705031514,95.91999704390764,0.028699998259544373,0.363799987398088,0.3193333235010505,0.2397999926097691,0.271636962890625,26.547235107421898,86.93053558535608,0.5162460499603697,0,0.0,0.0,0,-0.3300269842147827,17,2026-10-06 03:30:00,2026-10-01 23:00:00,0.90545654296875
10.447226270523643,76.11606139939653,0.0028330092,0.3434479707562054,0.25829423036715404,Moderate,4.089999973773956,48.069998785853386,78.88999757915735,79.57999756000936,0.04089999973773956,0.3204666585723559,0.26296665859719115,0.1989499939000234,0.271636962890625,26.547235107421898,86.93053558535608,0.5162460499603697,17,4.196375846862793,63.816139221191406,-2,0.6353966593742371,14,2026-10-06 03:30:00,2026-10-01 23:00:00,0.90545654296875
10.447226270523643,76.16618739225038,0.0013366312,0.3434479707562054,0.25792013586715407,Moderate,4.089999973773956,48.069998785853386,78.88999757915735,79.57999756000936,0.04089999973773956,0.3204666585723559,0.26296665859719115,0.1989499939000234,0.271636962890625,26.547235107421898,86.93053558535608,0.5162460499603697,-2,2.9748423099517822,71.85047149658203,-4,0.2107712775468826,14,2026-10-06 03:30:00,2026-10-01 23:00:00,0.90545654296875
10.447226270523643,76.21604389051902,0.0029630626,0.32931199650137377,0.24772476302603033,Low,1.419999971985817,30.509999400004745,72.00999785028398,72.63999783433974,0.01419999971985817,0.20339999600003164,0.24003332616761328,0.18159999458584936,0.3298187255859375,26.221063232421898,88.44361660417488,0.2146519941841577,20,2.1010055541992188,243.81613159179688,5,0.440788596868515,14,2026-10-06 03:30:00,2026-10-01 23:00:00,1.0
10.447226270523643,76.26616988337287,0.0031864916,0.32931199650137377,0.24778062027603032,Low,1.419999971985817,30.509999400004745,72.00999785028398,72.63999783433974,0.01419999971985817,0.20339999600003164,0.24003332616761328,0.18159999458584936,0.3298187255859375,26.221063232421898,88.44361660417488,0.2146519941841577,7,0.9430405497550964,90.0,-3,0.4855390191078186,14,2026-10-06 03:30:00,2026-10-01 23:00:00,1.0
10.447226270523643,76.3160263816415,0.0054922453,0.3685689956713468,0.27779980807851007,Moderate,2.2999999579042196,37.109998885542154,95.34999765828252,96.20999763533473,0.022999999579042196,0.24739999257028103,0.3178333255276084,0.24052499408833683,0.3845977783203125,25.451531982421898,90.67761275562384,0.3786266765844639,20,3.961988687515259,314.5211181640625,3,0.7019809484481812,8,2026-10-06 03:30:00,2026-10-01 23:00:00,1.0
10.447226270523643,76.36615237449541,0.10788793,0.3941469946711635,0.3225822285033726,Moderate,7.739999629557133,44.66999877989292,100.07999749481678,101.90999743528664,0.07739999629557133,0.2977999918659528,0.33359999164938925,0.2547749935882166,0.4124603271484375,24.359735107421898,94.13003440063382,0.5916557304540915,41,13.461766242980955,285.6941833496094,-2,0.6692445874214172,8,2026-10-06 03:30:00,2026-10-01 23:00:00,1.0
10.447226270523643,76.41600887276405,0.20216705,0.3941469946711635,0.3461520085033726,Moderate,7.739999629557133,44.66999877989292,100.07999749481678,101.90999743528664,0.07739999629557133,0.2977999918659528,0.33359999164938925,0.2547749935882166,0.4124603271484375,24.359735107421898,94.13003440063382,0.5916557304540915,92,15.48489761352539,225.47886657714844,-4,0.7504963874816895,2,2026-10-06 03:30:00,2026-10-01 23:00:00,1.0
10.447226270523643,76.4661348656179,0.003370022,0.3941469946711635,0.2964527515033726,Moderate,7.739999629557133,44.66999877989292,100.07999749481678,101.90999743528664,0.07739999629557133,0.2977999918659528,0.33359999164938925,0.2547749935882166,0.4200897216796875,23.086297607421898,96.25834128295782,0.7999216492810998,66,0.0,0.0,0,-0.191740408539772,17,2026-10-06 03:30:00,2026-10-01 23:00:00,1.0
10.447226270523643,76.51599136388654,0.8783666,0.3941469946711635,0.5152018960033726,High,7.739999629557133,44.66999877989292,100.07999749481678,101.90999743528664,0.07739999629557133,0.2977999918659528,0.33359999164938925,0.2547749935882166,0.4200897216796875,23.086297607421898,96.25834128295782,0.7999216492810998,373,23.20136451721192,335.0116882324219,-13,0.7604635953903198,2,2026-10-06 03:30:00,2026-10-01 23:00:00,1.0
10.447226270523643,76.56611735674039,0.9565451,0.4090329940165083,0.5459110205123812,High,12.389999428763986,39.449998781085014,108.35999730229378,110.9699972346425,0.12389999428763986,0.2629999918739001,0.36119999100764594,0.2774249930866063,0.417449951171875,22.057000732421898,92.93080978419988,0.9877568917851396,892,28.47658348083496,76.18746185302734,-17,0.8587455153465271,2,2026-10-06 03:30:00,2026-10-01 23:00:00,1.0
10.447226270523643,76.61597385500903,0.8430644,0.4090329940165083,0.5175408455123812,High,12.389999428763986,39.449998781085014,108.35999730229378,110.9699972346425,0.12389999428763986,0.2629999918739001,0.36119999100764594,0.2774249930866063,0.417449951171875,22.057000732421898,92.93080978419988,0.9877568917851396,732,23.37953758239746,193.2060546875,-4,0.808021068572998,2,2026-10-06 03:30:00,2026-10-01 23:00:00,1.0
10.447226270523643,76.66609984786288,0.70126134,0.44185732696149504,0.5067083302211213,High,22.759999483823776,57.37999869324267,101.93999701552093,107.15999688394368,0.22759999483823776,0.3825333246216178,0.33979999005173644,0.2678999922098592,0.4136505126953125,21.537469482421898,87.32008038305243,1.1703788267904651,1133,13.207245826721191,325.866455078125,-6,0.7777777910232544,2,2026-10-06 03:30:00,2026-10-01 23:00:00,1.0
10.447226270523643,76.71622584071679,0.9702287,0.5089743272358551,0.6242879204268914,High,33.259999642148614,72.43999858573079,123.54999710991979,132.6899968776852,0.33259999642148613,0.4829333239048719,0.41183332369973263,0.331724992194213,0.42401123046875,21.484735107421898,87.3471912369691,1.2557639774117848,641,25.58259391784668,105.69418334960938,40,0.7808496356010437,4,2026-10-06 03:30:00,2026-10-01 23:00:00,1.0
10.447226270523643,76.76608233898543,0.77560014,0.5089743272358551,0.5756307804268913,High,33.259999642148614,72.43999858573079,123.54999710991979,132.6899968776852,0.33259999642148613,0.4829333239048719,0.41183332369973263,0.331724992194213,0.42401123046875,21.484735107421898,87.3471912369691,1.2557639774117848,532,8.5699462890625,130.128662109375,10,0.4399441480636596,2,2026-10-06 03:30:00,2026-10-01 23:00:00,1.0
10.447226270523643,76.81620833183928,0.09506739,0.4966519930761308,0.3962558423070981,Moderate,33.589998953044415,75.9299983419478,105.19999794475734,128.63999716565013,0.33589998953044414,0.5061999889463187,0.3506666598158578,0.32159999291412533,0.353118896484375,22.433953857421898,86.29873457160842,1.175093235831412,556,2.827080726623535,90.0,14,0.727819561958313,5,2026-10-06 03:30:00,2026-10-01 23:00:00,1.0
10.447226270523643,76.86606483010792,0.065798916,0.4966519930761308,0.3889387238070981,Moderate,33.589998953044415,75.9299983419478,105.19999794475734,128.63999716565013,0.33589998953044414,0.5061999889463187,0.3506666598158578,0.32159999291412533,0.353118896484375,22.433953857421898,86.29873457160842,1.175093235831412,814,13.083426475524902,308.82080078125,-13,0.7090374827384949,4,2026-10-06 03:30:00,2026-10-01 23:00:00,1.0
10.447226270523643,76.91619082296177,0.8282434,0.46261632635860395,0.554023094768953,High,11.899999640882015,66.43999818712473,119.2899968251586,145.02999643422663,0.11899999640882016,0.4429333212474982,0.39763332275052865,0.36257499108556657,0.353118896484375,22.433953857421898,86.29873457160842,1.175093235831412,1410,45.1463623046875,104.93270874023438,-19,0.8150843977928162,2,2026-10-06 03:30:00,2026-10-01 23:00:00,1.0
10.447226270523643,76.9660473212304,0.016069215,0.46261632635860395,0.35097954851895297,Moderate,11.899999640882015,66.43999818712473,119.2899968251586,145.02999643422663,0.11899999640882016,0.4429333212474982,0.39763332275052865,0.36257499108556657,0.353118896484375,22.433953857421898,86.29873457160842,1.175093235831412,571,9.241745948791504,354.1937866210937,5,0.7997649312019348,8,2026-10-06 03:30:00,2026-10-01 23:00:00,1.0
10.447226270523643,77.01617331408426,0.18805607,0.6113466541873912,0.5055240081405434,High,49.689998058602214,108.45999678783119,136.31999640725553,174.43999540805817,0.49689998058602214,0.7230666452522079,0.4543999880241851,0.4360999885201454,0.3122406005859375,22.644891357421898,82.74947108049376,1.1093786251491624,843,27.420795440673828,14.703733444213867,-21,0.7310258150100708,2,2026-10-06 03:30:00,2026-10-01 23:00:00,1.0
10.447226270523643,77.0660298123529,0.0052206083,0.6113466541873912,0.4598151427155434,Moderate,49.689998058602214,108.45999678783119,136.31999640725553,174.43999540805817,0.49689998058602214,0.7230666452522079,0.4543999880241851,0.4360999885201454,0.3122406005859375,22.644891357421898,82.74947108049376,1.1093786251491624,936,12.057252883911133,302.0389099121094,-17,0.7910522818565369,2,2026-10-06 03:30:00,2026-10-01 23:00:00,1.0
10.447226270523643,77.1161558052068,0.006175196,0.6228475043979163,0.4686794272984372,Moderate,45.91999915242195,121.76999732665718,135.0099968481809,186.86999558843672,0.45919999152421953,0.8117999821777145,0.45003332282726966,0.46717498897109183,0.2995147705078125,22.721063232421898,80.3709126422683,0.8939173209816198,985,13.461766242980955,254.30581665039065,-14,0.7952957153320312,9,2026-10-06 03:30:00,2026-10-01 23:00:00,0.998382568359375
10.447226270523643,77.16601230347544,0.003277179,0.5359023225215575,0.40274603664116804,Moderate,55.939998138695955,83.26999733969569,87.31999715976417,130.68999604135752,0.5593999813869596,0.5551333155979713,0.29106665719921393,0.3267249901033938,0.3010711669921875,24.601922607421898,75.94529564505665,0.4078053042187644,828,5.978291988372803,51.8065299987793,-1,0.8180876970291138,9,2026-10-06 03:30:00,2026-10-01 23:00:00,1.0
10.447226270523643,77.21613829632929,0.021762893,0.5359023225215575,0.40736746514116806,Moderate,55.939998138695955,83.26999733969569,87.31999715976417,130.68999604135752,0.5593999813869596,0.5551333155979713,0.29106665719921393,0.3267249901033938,0.3010711669921875,24.601922607421898,75.94529564505665,0.4078053042187644,1060,24.865345001220703,263.9851379394531,0,0.2750932276248932,8,2026-10-06 03:30:00,2026-10-01 23:00:00,1.0
10.447226270523643,77.26599479459793,0.0072991215,0.4994596583535895,0.37641952414019214,Moderate,48.469998598098755,78.33999788761139,79.13999786414206,111.28999690525234,0.48469998598098757,0.5222666525840759,0.2637999928804735,0.27822499226313085,0.3126220703125,25.654656982421898,76.10117241684586,0.4856241451288412,407,17.36719512939453,270.0,-7,0.2899745404720306,12,2026-10-06 03:30:00,2026-10-01 23:00:00,1.0
10.447226270523643,77.31612078745178,0.0018834522,0.4994596583535895,0.37506560681519213,Moderate,48.469998598098755,78.33999788761139,79.13999786414206,111.28999690525234,0.48469998598098757,0.5222666525840759,0.2637999928804735,0.27822499226313085,0.3126220703125,25.654656982421898,76.10117241684586,0.4856241451288412,342,5.054206848144531,248.52687072753903,-6,0.420766144990921,12,2026-10-06 03:30:00,2026-10-01 23:00:00,1.0
10.447226270523643,77.36597728572042,0.0009391145,0.4994596583535895,0.3748295223901921,Moderate,48.469998598098755,78.33999788761139,79.13999786414206,111.28999690525234,0.48469998598098757,0.5222666525840759,0.2637999928804735,0.27822499226313085,0.3236236572265625,26.412469482421898,75.85633899628738,0.703473399816627,351,2.0800576210021973,26.950082778930664,-1,0.3376474976539612,12,2026-10-06 03:30:00,2026-10-01 23:00:00,1.0
10.497352263377516,76.06620490112789,0.004190953,0.2843223264801006,0.21428948311007545,Low,2.8699998259544373,54.5699981097132,95.79999705031514,95.91999704390764,0.028699998259544373,0.363799987398088,0.3193333235010505,0.2397999926097691,0.1436614990234375,25.488641357421898,93.42093810630462,0.9284241633899246,6,0.9431926608085632,270.0,0,0.5308464765548706,9,2026-10-06 03:30:00,2026-10-01 23:00:00,0.47887166341145837
10.497352263377516,76.11606139939653,0.0013283177,0.3434479707562054,0.2579180574921541,Moderate,4.089999973773956,48.069998785853386,78.88999757915735,79.57999756000936,0.04089999973773956,0.3204666585723559,0.26296665859719115,0.1989499939000234,0.271636962890625,26.547235107421898,86.93053558535608,0.5162460499603697,-4,4.154783725738525,153.0461883544922,0,0.2613300383090973,12,2026-10-06 03:30:00,2026-10-01 23:00:00,0.90545654296875
10.497352263377516,76.16618739225038,0.0029180492,0.3434479707562054,0.25831549036715407,Moderate,4.089999973773956,48.069998785853386,78.88999757915735,79.57999756000936,0.04089999973773956,0.3204666585723559,0.26296665859719115,0.1989499939000234,0.271636962890625,26.547235107421898,86.93053558535608,0.5162460499603697,10,2.9752748012542725,71.85320281982422,-7,0.6626951098442078,14,2026-10-06 03:30:00,2026-10-01 23:00:00,0.90545654296875
10.497352263377516,76.21604389051902,0.002412702,0.32931199650137377,0.24758717287603033,Low,1.419999971985817,30.509999400004745,72.00999785028398,72.63999783433974,0.01419999971985817,0.20339999600003164,0.24003332616761328,0.18159999458584936,0.3298187255859375,26.221063232421898,88.44361660417488,0.2146519941841577,19,0.9431926608085632,90.0,0,0.3394653499126434,14,2026-10-06 03:30:00,2026-10-01 23:00:00,1.0
10.497352263377516,76.26616988337287,0.007775145,0.32931199650137377,0.24892778362603032,Low,1.419999971985817,30.509999400004745,72.00999785028398,72.63999783433974,0.01419999971985817,0.20339999600003164,0.24003332616761328,0.18159999458584936,0.3298187255859375,26.221063232421898,88.44361660417488,0.2146519941841577,13,6.532153606414795,188.2665863037109,0,0.6891158819198608,14,2026-10-06 03:30:00,2026-10-01 23:00:00,1.0
10.497352263377516,76.3160263816415,0.07537715,0.3685689956713468,0.2952710342535101,Moderate,2.2999999579042196,37.109998885542154,95.34999765828252,96.20999763533473,0.022999999579042196,0.24739999257028103,0.3178333255276084,0.24052499408833683,0.3845977783203125,25.451531982421898,90.67761275562384,0.3786266765844639,76,7.437585830688477,352.7549743652344,-25,0.8295097947120667,8,2026-10-06 03:30:00,2026-10-01 23:00:00,1.0
10.497352263377516,76.36615237449541,0.46309304,0.3941469946711635,0.4113835060033726,Moderate,7.739999629557133,44.66999877989292,100.07999749481678,101.90999743528664,0.07739999629557133,0.2977999918659528,0.33359999164938925,0.2547749935882166,0.4124603271484375,24.359735107421898,94.13003440063382,0.5916557304540915,191,14.89385223388672,312.0291442871094,2,0.785698652267456,2,2026-10-06 03:30:00,2026-10-01 23:00:00,1.0
10.497352263377516,76.41600887276405,0.38011813,0.3941469946711635,0.3906397785033726,Moderate,7.739999629557133,44.66999877989292,100.07999749481678,101.90999743528664,0.07739999629557133,0.2977999918659528,0.33359999164938925,0.2547749935882166,0.4124603271484375,24.359735107421898,94.13003440063382,0.5916557304540915,526,3.7676713466644287,90.0,-9,0.8311824202537537,2,2026-10-06 03:30:00,2026-10-01 23:00:00,1.0
10.497352263377516,76.4661348656179,0.89779437,0.3941469946711635,0.5200588385033726,High,7.739999629557133,44.66999877989292,100.07999749481678,101.90999743528664,0.07739999629557133,0.2977999918659528,0.33359999164938925,0.2547749935882166,0.4200897216796875,23.086297607421898,96.25834128295782,0.7999216492810998,435,20.781982421875,252.6273651123047,20,0.7233027815818787,2,2026-10-06 03:30:00,2026-10-01 23:00:00,1.0
10.497352263377516,76.51599136388654,0.85134596,0.3941469946711635,0.5084467360033726,High,7.739999629557133,44.66999877989292,100.07999749481678,101.90999743528664,0.07739999629557133,0.2977999918659528,0.33359999164938925,0.2547749935882166,0.4200897216796875,23.086297607421898,96.25834128295782,0.7999216492810998,285,16.464313507080078,9.62039566040039,-14,0.7455779314041138,8,2026-10-06 03:30:00,2026-10-01 23:00:00,1.0
10.497352263377516,76.56611735674039,0.9437663,0.4090329940165083,0.5427163205123812,High,12.389999428763986,39.449998781085014,108.35999730229378,110.9699972346425,0.12389999428763986,0.2629999918739001,0.36119999100764594,0.2774249930866063,0.417449951171875,22.057000732421898,92.93080978419988,0.9877568917851396,225,22.7563705444336,78.87459564208984,-3,0.570981502532959,8,2026-10-06 03:30:00,2026-10-01 23:00:00,1.0
10.497352263377516,76.61597385500903,0.94451034,0.4090329940165083,0.5429023305123812,High,12.389999428763986,39.449998781085014,108.35999730229378,110.9699972346425,0.12389999428763986,0.2629999918739001,0.36119999100764594,0.2774249930866063,0.417449951171875,22.057000732421898,92.93080978419988,0.9877568917851396,914,57.52972030639648,47.1671028137207,215,0.378318578004837,2,2026-10-06 03:30:00,2026-10-01 23:00:00,1.0
10.497352263377516,76.66609984786288,0.8585561,0.44185732696149504,0.5460320202211213,High,22.759999483823776,57.37999869324267,101.93999701552093,107.15999688394368,0.22759999483823776,0.3825333246216178,0.33979999005173644,0.2678999922098592,0.4136505126953125,21.537469482421898,87.32008038305243,1.1703788267904651,999,15.044221878051758,154.6105194091797,-1,0.8060413599014282,8,2026-10-06 03:30:00,2026-10-01 23:00:00,1.0
10.497352263377516,76.71622584071679,0.8882022,0.5089743272358551,0.6037812954268913,High,33.259999642148614,72.43999858573079,123.54999710991979,132.6899968776852,0.33259999642148613,0.4829333239048719,0.41183332369973263,0.331724992194213,0.42401123046875,21.484735107421898,87.3471912369691,1.2557639774117848,712,15.252118110656738,237.70309448242188,-21,0.7899330854415894,2,2026-10-06 03:30:00,2026-10-01 23:00:00,1.0
10.497352263377516,76.76608233898543,0.895673,0.5089743272358551,0.6056489954268913,High,33.259999642148614,72.43999858573079,123.54999710991979,132.6899968776852,0.33259999642148613,0.4829333239048719,0.41183332369973263,0.331724992194213,0.42401123046875,21.484735107421898,87.3471912369691,1.2557639774117848,869,20.07839584350586,193.0148468017578,-7,0.8367085456848145,2,2026-10-06 03:30:00,2026-10-01 23:00:00,1.0
10.497352263377516,76.81620833183928,0.86134547,0.4966519930761308,0.587825362307098,High,33.589998953044415,75.9299983419478,105.19999794475734,128.63999716565013,0.33589998953044414,0.5061999889463187,0.3506666598158578,0.32159999291412533,0.353118896484375,22.433953857421898,86.29873457160842,1.175093235831412,762,24.319900512695312,338.6364440917969,10,0.820651113986969,2,2026-10-06 03:30:00,2026-10-01 23:00:00,1.0
10.497352263377516,76.86606483010792,0.021254206,0.4966519930761308,0.3778025463070981,Moderate,33.589998953044415,75.9299983419478,105.19999794475734,128.63999716565013,0.33589998953044414,0.5061999889463187,0.3506666598158578,0.32159999291412533,0.353118896484375,22.433953857421898,86.29873457160842,1.175093235831412,372,1.854334115982056,180.0,-1,0.734591543674469,14,2026-10-06 03:30:00,2026-10-01 23:00:00,1.0
10.497352263377516,76.91619082296177,0.0038421114,0.46261632635860395,0.347922772618953,Moderate,11.899999640882015,66.43999818712473,119.2899968251586,145.02999643422663,0.11899999640882016,0.4429333212474982,0.39763332275052865,0.36257499108556657,0.353118896484375,22.433953857421898,86.29873457160842,1.175093235831412,318,2.7802884578704834,0.0,-2,0.7492285966873169,14,2026-10-06 03:30:00,2026-10-01 23:00:00,1.0
10.497352263377516,76.9660473212304,0.0022757926,0.46261632635860395,0.347531192918953,Moderate,11.899999640882015,66.43999818712473,119.2899968251586,145.02999643422663,0.11899999640882016,0.4429333212474982,0.39763332275052865,0.36257499108556657,0.353118896484375,22.433953857421898,86.29873457160842,1.175093235831412,288,3.962312698364258,225.4834899902344,-14,0.7017638087272644,12,2026-10-06 03:30:00,2026-10-01 23:00:00,1.0
10.497352263377516,77.01617331408426,0.017436258,0.6113466541873912,0.46286905514054344,Moderate,49.689998058602214,108.45999678783119,136.31999640725553,174.43999540805817,0.49689998058602214,0.7230666452522079,0.4543999880241851,0.4360999885201454,0.3122406005859375,22.644891357421898,82.74947108049376,1.1093786251491624,526,14.994808197021484,280.44586181640625,0,0.5223998427391052,9,2026-10-06 03:30:00,2026-10-01 23:00:00,1.0
10.497352263377516,77.0660298123529,0.02989272,0.6113466541873912,0.46598317064054345,Moderate,49.689998058602214,108.45999678783119,136.31999640725553,174.43999540805817,0.49689998058602214,0.7230666452522079,0.4543999880241851,0.4360999885201454,0.3122406005859375,22.644891357421898,82.74947108049376,1.1093786251491624,447,28.60548973083496,122.29690551757812,-9,0.2985055446624756,9,2026-10-06 03:30:00,2026-10-01 23:00:00,1.0
10.497352263377516,77.1161558052068,0.0040748566,0.6228475043979163,0.4681543424484372,Moderate,45.91999915242195,121.76999732665718,135.0099968481809,186.86999558843672,0.45919999152421953,0.8117999821777145,0.45003332282726966,0.46717498897109183,0.2995147705078125,22.721063232421898,80.3709126422683,0.8939173209816198,357,0.9274099469184875,0.0,-9,0.7995542883872986,10,2026-10-06 03:30:00,2026-10-01 23:00:00,0.998382568359375
10.497352263377516,77.16601230347544,0.0009828883,0.5359023225215575,0.40217246396616807,Moderate,55.939998138695955,83.26999733969569,87.31999715976417,130.68999604135752,0.5593999813869596,0.5551333155979713,0.29106665719921393,0.3267249901033938,0.3010711669921875,24.601922607421898,75.94529564505665,0.4078053042187644,392,1.3226454257965088,225.4834899902344,9,0.5701079964637756,12,2026-10-06 03:30:00,2026-10-01 23:00:00,1.0
10.497352263377516,77.21613829632929,0.0016141422,0.5359023225215575,0.40233027744116806,Moderate,55.939998138695955,83.26999733969569,87.31999715976417,130.68999604135752,0.5593999813869596,0.5551333155979713,0.29106665719921393,0.3267249901033938,0.3010711669921875,24.601922607421898,75.94529564505665,0.4078053042187644,391,2.643882751464844,45.48349380493164,-3,0.5835661888122559,14,2026-10-06 03:30:00,2026-10-01 23:00:00,1.0
10.497352263377516,77.26599479459793,0.0012374936,0.4994596583535895,0.3749041171651921,Moderate,48.469998598098755,78.33999788761139,79.13999786414206,111.28999690525234,0.48469998598098757,0.5222666525840759,0.2637999928804735,0.27822499226313085,0.3126220703125,25.654656982421898,76.10117241684586,0.4856241451288412,376,0.0,0.0,10,0.3140825629234314,12,2026-10-06 03:30:00,2026-10-01 23:00:00,1.0
10.497352263377516,77.31612078745178,0.0017531986,0.4994596583535895,0.3750330434151921,Moderate,48.469998598098755,78.33999788761139,79.13999786414206,111.28999690525234,0.48469998598098757,0.5222666525840759,0.2637999928804735,0.27822499226313085,0.3126220703125,25.654656982421898,76.10117241684586,0.4856241451288412,334,0.9274099469184875,180.0,-4,0.7547258138656616,12,2026-10-06 03:30:00,2026-10-01 23:00:00,1.0
10.497352263377516,77.36597728572042,0.00069671683,0.4994596583535895,0.37476892297269215,Moderate,48.469998598098755,78.33999788761139,79.13999786414206,111.28999690525234,0.48469998598098757,0.5222666525840759,0.2637999928804735,0.27822499226313085,0.3236236572265625,26.412469482421898,75.85633899628738,0.703473399816627,324,4.196918964385986,296.1802062988281,-6,0.6929769515991211,12,2026-10-06 03:30:00,2026-10-01 23:00:00,1.0
10.597334754500018,76.01607890827404,0.008791017,0.24318499538662533,0.184586500789969,Low,1.0599999874830246,46.89999869093299,73.27999804541469,73.27999804541469,0.010599999874830245,0.3126666579395533,0.2442666601513823,0.1831999951135367,0.1436614990234375,25.488641357421898,93.42093810630462,0.9284241633899246,1,4.796985626220703,258.87811279296875,13,0.5458646416664124,14,2026-10-06 03:30:00,2026-10-01 23:00:00,0.47887166341145837
10.597334754500018,76.06620490112789,0.009435805,0.24318499538662533,0.184747697789969,Low,1.0599999874830246,46.89999869093299,73.27999804541469,73.27999804541469,0.010599999874830245,0.3126666579395533,0.2442666601513823,0.1831999951135367,0.1436614990234375,25.488641357421898,93.42093810630462,0.9284241633899246,14,1.854334115982056,180.0,-5,0.541329026222229,14,2026-10-06 03:30:00,2026-10-01 23:00:00,0.47887166341145837
10.597334754500018,76.11606139939653,0.0026416064,0.3150583306229363,0.23695414956720223,Low,1.4999999701976776,37.66999903693795,55.28999875113368,55.28999875113368,0.014999999701976775,0.2511333269129197,0.18429999583711226,0.1382249968778342,0.3318023681640625,25.990594482421898,89.55219898285075,0.5897799738780358,4,0.9274099469184875,0.0,-3,0.8094016909599304,14,2026-10-06 03:30:00,2026-10-01 23:00:00,1.0
10.597334754500018,76.16618739225038,0.0028491304,0.3150583306229363,0.23700603056720224,Low,1.4999999701976776,37.66999903693795,55.28999875113368,55.28999875113368,0.014999999701976775,0.2511333269129197,0.18429999583711226,0.1382249968778342,0.3318023681640625,25.990594482421898,89.55219898285075,0.5897799738780358,19,0.0,0.0,6,0.7914013862609863,14,2026-10-06 03:30:00,2026-10-01 23:00:00,1.0
10.597334754500018,76.21604389051902,0.015141795,0.2928276647179077,0.22340619728843078,Low,0.8099999837577343,25.23999935761094,49.449999053031206,49.449999053031206,0.008099999837577343,0.16826666238407295,0.16483333017677068,0.12362499763257802,0.3570404052734375,25.726922607421898,90.00696517682185,0.2984498822201933,34,0.9434991478919984,270.0,-11,0.4540016949176788,14,2026-10-06 03:30:00,2026-10-01 23:00:00,1.0
10.597334754500018,76.26616988337287,0.3159955,0.2928276647179077,0.29861962353843075,Moderate,0.8099999837577343,25.23999935761094,49.449999053031206,49.449999053031206,0.008099999837577343,0.16826666238407295,0.16483333017677068,0.12362499763257802,0.3570404052734375,25.726922607421898,90.00696517682185,0.2984498822201933,58,12.19754695892334,346.7877502441406,-11,0.6093510985374451,9,2026-10-06 03:30:00,2026-10-01 23:00:00,1.0
10.597334754500018,76.3160263816415,0.16372778,0.3492556637885049,0.30287369284137866,Moderate,2.2499999292194843,29.04999935813248,87.42999842204154,87.64999842084944,0.022499999292194844,0.19366666238754987,0.2914333280734718,0.2191249960521236,0.38433837890625,25.199578857421898,90.97082330996292,0.3779615793416847,92,8.745774269104004,341.2673034667969,3,0.6174134016036987,9,2026-10-06 03:30:00,2026-10-01 23:00:00,1.0
10.597334754500018,76.36615237449541,0.5917299,0.39744732994940135,0.44601797246205105,Moderate,3.8999999165534973,37.99999919347465,114.47999819926918,115.05999816767871,0.038999999165534975,0.25333332795649766,0.3815999939975639,0.2876499954191968,0.399688720703125,24.422235107421898,93.93322246671744,0.5869628743467734,183,13.058920860290527,167.70172119140625,3,0.6446666717529297,2,2026-10-06 03:30:00,2026-10-01 23:00:00,1.0
10.597334754500018,76.41600887276405,0.05360171,0.39744732994940135,0.311485924962051,Moderate,3.8999999165534973,37.99999919347465,114.47999819926918,115.05999816767871,0.038999999165534975,0.25333332795649766,0.3815999939975639,0.2876499954191968,0.399688720703125,24.422235107421898,93.93322246671744,0.5869628743467734,99,2.6443190574646,225.4927978515625,17,0.7793270945549011,8,2026-10-06 03:30:00,2026-10-01 23:00:00,1.0
10.597334754500018,76.4661348656179,0.043054547,0.39744732994940135,0.30884913421205107,Moderate,3.8999999165534973,37.99999919347465,114.47999819926918,115.05999816767871,0.038999999165534975,0.25333332795649766,0.3815999939975639,0.2876499954191968,0.359283447265625,23.861688232421898,95.32946979128212,0.7964462620781089,86,8.626708984375,282.3217163085937,5,0.7934352159500122,8,2026-10-06 03:30:00,2026-10-01 23:00:00,1.0
10.597334754500018,76.51599136388654,0.028341638,0.39744732994940135,0.305170906962051,Moderate,3.8999999165534973,37.99999919347465,114.47999819926918,115.05999816767871,0.038999999165534975,0.25333332795649766,0.3815999939975639,0.2876499954191968,0.359283447265625,23.861688232421898,95.32946979128212,0.7964462620781089,58,5.626221656799316,9.623464584350586,-1,0.7942010164260864,12,2026-10-06 03:30:00,2026-10-01 23:00:00,1.0
10.597334754500018,76.56611735674039,0.038440548,0.4258473270809899,0.3289956323107424,Moderate,5.409999696537852,54.61999842338264,119.06999701075256,123.01999685540795,0.054099996965378525,0.36413332282255095,0.39689999003584187,0.30754999213851986,0.354278564453125,23.453485107421898,92.03380075159656,0.9798673006759956,93,1.3228639364242554,45.492801666259766,-6,0.5807228684425354,14,2026-10-06 03:30:00,2026-10-01 23:00:00,1.0
10.597334754500018,76.61597385500903,0.0046150056,0.4258473270809899,0.3205392467107424,Moderate,5.409999696537852,54.61999842338264,119.06999701075256,123.01999685540795,0.054099996965378525,0.36413332282255095,0.39689999003584187,0.30754999213851986,0.354278564453125,23.453485107421898,92.03380075159656,0.9798673006759956,85,3.704791784286499,0.0,2,0.7066155076026917,12,2026-10-06 03:30:00,2026-10-01 23:00:00,1.0
10.597334754500018,76.66609984786288,0.022371642,0.40325366071338453,0.3080331560350384,Moderate,8.579999834299088,26.079999394714832,119.39999622106552,125.5099960938096,0.08579999834299087,0.17386666263143222,0.39799998740355175,0.313774990234524,0.3406982421875,22.941766357421898,88.56612850982435,1.1186647603630926,95,2.6443190574646,314.5072021484375,0,0.5349194407463074,12,2026-10-06 03:30:00,2026-10-01 23:00:00,1.0
10.597334754500018,76.71622584071679,0.008365915,0.4339883272418132,0.32758272418135986,Moderate,6.43999988771975,46.45999847538769,129.31999681703746,136.18999661132693,0.06439999887719751,0.3097333231692513,0.43106665605679156,0.34047499152831734,0.3369140625,23.334344482421898,84.7291919133197,1.1705037774789535,109,0.9274099469184875,0.0,8,0.5480735301971436,12,2026-10-06 03:30:00,2026-10-01 23:00:00,1.0
10.597334754500018,76.76608233898543,0.026161024,0.4339883272418132,0.3320315014313599,Moderate,6.43999988771975,46.45999847538769,129.31999681703746,136.18999661132693,0.06439999887719751,0.3097333231692513,0.43106665605679156,0.34047499152831734,0.3369140625,23.334344482421898,84.7291919133197,1.1705037774789535,135,1.3228639364242554,45.492801666259766,9,0.6474999785423279,12,2026-10-06 03:30:00,2026-10-01 23:00:00,1.0
10.597334754500018,76.81620833183928,0.010826131,0.6069453245262305,0.4579155261446729,Moderate,36.979999363422394,109.3399975579232,159.66999639384449,177.23999591171741,0.36979999363422394,0.7289333170528213,0.532233321312815,0.44309998977929355,0.3310546875,24.545281982421898,81.65252634116213,1.091358837550464,191,0.0,0.0,10,0.5907288789749146,12,2026-10-06 03:30:00,2026-10-01 23:00:00,1.0
10.597334754500018,76.86606483010792,0.014546286,0.6069453245262305,0.45884556489467293,Moderate,36.979999363422394,109.3399975579232,159.66999639384449,177.23999591171741,0.36979999363422394,0.7289333170528213,0.532233321312815,0.44309998977929355,0.3310546875,24.545281982421898,81.65252634116213,1.091358837550464,250,5.936318874359131,288.14129638671875,-8,0.5687638521194458,14,2026-10-06 03:30:00,2026-10-01 23:00:00,1.0
10.597334754500018,76.91619082296177,0.0034430823,0.4830259957281873,0.36313026737114046,Moderate,7.549999862909317,89.93999888934195,125.54999803937972,143.09999751113355,0.07549999862909317,0.599599992595613,0.41849999346459904,0.3577499937778339,0.3310546875,24.545281982421898,81.65252634116213,1.091358837550464,257,2.976146459579468,251.8587188720703,2,0.4743077456951141,12,2026-10-06 03:30:00,2026-10-01 23:00:00,1.0
10.597334754500018,76.9660473212304,0.005693552,0.4830259957281873,0.3636928847961405,Moderate,7.549999862909317,89.93999888934195,125.54999803937972,143.09999751113355,0.07549999862909317,0.599599992595613,0.41849999346459904,0.3577499937778339,0.3310546875,24.545281982421898,81.65252634116213,1.091358837550464,250,2.0802652835845947,153.03866577148438,11,0.7580917477607727,14,2026-10-06 03:30:00,2026-10-01 23:00:00,1.0
10.597334754500018,77.01617331408426,0.0037676182,0.35688674065849435,0.26860696004387075,Moderate,6.289999760687351,50.10999888367951,83.50999735482037,108.69999670051038,0.06289999760687351,0.33406665922453005,0.27836665784940123,0.27174999175127595,0.254547119140625,25.295281982421898,77.99548686899206,1.0058375034183042,289,2.6443190574646,314.5072021484375,5,0.6104953289031982,14,2026-10-06 03:30:00,2026-10-01 23:00:00,0.8484903971354167
10.597334754500018,77.0660298123529,0.002466489,0.35688674065849435,0.26828167774387074,Moderate,6.289999760687351,50.10999888367951,83.50999735482037,108.69999670051038,0.06289999760687351,0.33406665922453005,0.27836665784940123,0.27174999175127595,0.254547119140625,25.295281982421898,77.99548686899206,1.0058375034183042,323,2.0802652835845947,206.9613342285156,-8,0.6629394888877869,12,2026-10-06 03:30:00,2026-10-01 23:00:00,0.8484903971354167
10.597334754500018,77.1161558052068,0.001412795,0.34096604874158903,0.25607773530619177,Moderate,9.04999989271164,46.79999836161733,56.159998105838895,90.10999766737223,0.0904999989271164,0.31199998907744886,0.18719999368612966,0.22527499416843055,0.274444580078125,25.062860107421898,75.21588551706019,0.7716647121101936,377,0.0,0.0,2,0.2577781677246094,14,2026-10-06 03:30:00,2026-10-01 23:00:00,0.9148152669270834
10.597334754500018,77.16601230347544,0.0022106867,0.26573659048999354,0.19985511454249516,Low,6.7699998915195465,25.379999415948987,26.879999371245503,49.859998770058155,0.06769999891519546,0.16919999610632658,0.08959999790415168,0.12464999692514539,0.268035888671875,25.002313232421898,73.00308334121046,0.2772039820875672,396,2.9355413913726807,18.73268318176269,-7,0.3157267570495605,10,2026-10-06 03:30:00,2026-10-01 23:00:00,0.8934529622395834
10.597334754500018,77.21613829632929,0.00084408117,0.26573659048999354,0.19951346315999516,Low,6.7699998915195465,25.379999415948987,26.879999371245503,49.859998770058155,0.06769999891519546,0.16919999610632658,0.08959999790415168,0.12464999692514539,0.268035888671875,25.002313232421898,73.00308334121046,0.2772039820875672,365,1.3228639364242554,134.5072021484375,0,0.2592562735080719,12,2026-10-06 03:30:00,2026-10-01 23:00:00,0.8934529622395834
10.597334754500018,77.26599479459793,0.0007148205,0.24866280218958858,0.18667580676719145,Low,1.8799999691545963,18.229999616742134,18.229999616742134,42.79999916255474,0.018799999691545964,0.12153333077828089,0.060766665389140447,0.10699999790638685,0.284210205078125,24.652703857421898,74.13758726572557,0.4051527377193705,371,2.101827621459961,63.82716751098633,-3,0.1748525649309158,12,2026-10-06 03:30:00,2026-10-01 23:00:00,0.9473673502604167
10.597334754500018,77.31612078745178,0.0013957323,0.24866280218958858,0.18684603471719144,Low,1.8799999691545963,18.229999616742134,18.229999616742134,42.79999916255474,0.018799999691545964,0.12153333077828089,0.060766665389140447,0.10699999790638685,0.284210205078125,24.652703857421898,74.13758726572557,0.4051527377193705,340,4.656304836273193,217.34413146972656,0,0.2701633870601654,12,2026-10-06 03:30:00,2026-10-01 23:00:00,0.9473673502604167
10.597334754500018,77.36597728572042,0.0011753881,0.22244820258021358,0.16712999896016018,Low,1.8799999691545963,18.229999616742134,18.229999616742134,42.79999916255474,0.018799999691545964,0.12153333077828089,0.060766665389140447,0.10699999790638685,0.2448883056640625,24.553094482421898,77.26969090504221,0.4508329419291292,306,0.9434991478919984,90.0,-6,0.691413164138794,14,2026-10-06 03:30:00,2026-10-01 23:00:00,0.8162943522135417
10.69731724562252,75.96622241000537,0.004379319,0.5669799022482709,0.4263297564362032,Moderate,0.0,149.51999777555466,165.91999724507332,166.1499972436577,0.0,0.9967999851703644,0.5530666574835778,0.4153749931091443,0.2875213623046875,25.176141357421898,94.36350665919812,0.9894036359913296,7,1.3230847120285034,225.502197265625,-5,0.648771345615387,9,2026-10-06 03:30:00,2026-10-01 23:00:00,0.958404541015625
10.69731724562252,76.01607890827404,0.0058477726,0.30138723834802705,0.2275023719110203,Low,0.2800000011920929,36.46999902278185,53.799998350441456,54.40999834239483,0.002800000011920929,0.24313332681854566,0.17933332783480485,0.13602499585598707,0.2875213623046875,25.176141357421898,94.36350665919812,0.9894036359913296,-6,2.0804054737091064,333.03106689453125,-1,0.8389514684677124,9,2026-10-06 03:30:00,2026-10-01 23:00:00,0.958404541015625
10.69731724562252,76.06620490112789,0.0042192247,0.30138723834802705,0.2270952349360203,Low,0.2800000011920929,36.46999902278185,53.799998350441456,54.40999834239483,0.002800000011920929,0.24313332681854566,0.17933332783480485,0.13602499585598707,0.2875213623046875,25.176141357421898,94.36350665919812,0.9894036359913296,23,2.1023828983306885,63.83460998535156,-3,0.5643426775932312,14,2026-10-06 03:30:00,2026-10-01 23:00:00,0.958404541015625
10.69731724562252,76.11606139939653,0.0062541105,0.2655646652386214,0.20073702655396602,Low,0.85999995470047,17.91999956034124,34.14999934844673,34.81999930553138,0.008599999547004699,0.11946666373560826,0.1138333311614891,0.08704999826382846,0.3660430908203125,25.176141357421898,93.42799798616323,0.6906364814052908,30,4.7984938621521,101.11832427978516,4,0.8353190422058105,14,2026-10-06 03:30:00,2026-10-01 23:00:00,1.0
10.69731724562252,76.16618739225038,0.030592045,0.2655646652386214,0.20682151017896602,Low,0.85999995470047,17.91999956034124,34.14999934844673,34.81999930553138,0.008599999547004699,0.11946666373560826,0.1138333311614891,0.08704999826382846,0.3660430908203125,25.176141357421898,93.42799798616323,0.6906364814052908,46,8.629369735717773,257.6822204589844,-21,0.8499424457550049,14,2026-10-06 03:30:00,2026-10-01 23:00:00,1.0
10.69731724562252,76.21604389051902,0.07469648,0.26505099853289626,0.2174623688996722,Low,0.38999998569488525,17.9699996560812,34.6099991761148,34.829999174922705,0.0038999998569488525,0.11979999770720799,0.11536666392038265,0.08707499793730676,0.368438720703125,25.053094482421898,93.65272001626867,0.4683073342228781,50,10.294379234313965,26.96893882751465,4,0.5183946490287781,9,2026-10-06 03:30:00,2026-10-01 23:00:00,1.0
10.69731724562252,76.26616988337287,0.15547939,0.26505099853289626,0.2376580963996722,Low,0.38999998569488525,17.9699996560812,34.6099991761148,34.829999174922705,0.0038999998569488525,0.11979999770720799,0.11536666392038265,0.08707499793730676,0.368438720703125,25.053094482421898,93.65272001626867,0.4683073342228781,80,10.75063419342041,339.692138671875,2,0.787662148475647,14,2026-10-06 03:30:00,2026-10-01 23:00:00,1.0
10.69731724562252,76.3160263816415,0.034638803,0.33895499796283746,0.2628759492221281,Moderate,0.26999999582767487,41.999999571591616,71.89999879337847,72.18999878689647,0.0026999999582767486,0.2799999971439441,0.2396666626445949,0.18047499696724117,0.3773651123046875,24.746453857421898,92.59731826888292,0.4405595334703746,63,3.8224732875823975,194.2744140625,-1,0.5464481115341187,8,2026-10-06 03:30:00,2026-10-01 23:00:00,1.0
10.69731724562252,76.36615237449541,0.16676377,0.45627266369089486,0.38389544026817113,Moderate,0.41999997943639755,90.87999913282692,121.47999844886363,122.61999846249819,0.004199999794363976,0.6058666608855128,0.40493332816287875,0.30654999615624545,0.3665008544921875,24.223016357421898,93.61444109144452,0.6234910246164128,42,6.587419509887695,134.497802734375,34,0.1874791830778122,14,2026-10-06 03:30:00,2026-10-01 23:00:00,1.0
10.69731724562252,76.41600887276405,0.07918801,0.45627266369089486,0.36200150026817113,Moderate,0.41999997943639755,90.87999913282692,121.47999844886363,122.61999846249819,0.004199999794363976,0.6058666608855128,0.40493332816287875,0.30654999615624545,0.3665008544921875,24.223016357421898,93.61444109144452,0.6234910246164128,34,0.9274099469184875,180.0,18,0.4374683499336242,14,2026-10-06 03:30:00,2026-10-01 23:00:00,1.0
10.69731724562252,76.4661348656179,0.024039274,0.45627266369089486,0.3482143162681711,Moderate,0.41999997943639755,90.87999913282692,121.47999844886363,122.61999846249819,0.004199999794363976,0.6058666608855128,0.40493332816287875,0.30654999615624545,0.378997802734375,23.973016357421898,95.18707548786782,0.8246021963227889,62,3.3812403678894043,303.2280578613281,-3,0.7008718848228455,14,2026-10-06 03:30:00,2026-10-01 23:00:00,1.0
10.69731724562252,76.51599136388654,0.22005649,0.45627266369089486,0.3972186202681711,Moderate,0.41999997943639755,90.87999913282692,121.47999844886363,122.61999846249819,0.004199999794363976,0.6058666608855128,0.40493332816287875,0.30654999615624545,0.378997802734375,23.973016357421898,95.18707548786782,0.8246021963227889,127,10.264348030090332,190.48309326171875,-2,0.3274255096912384,12,2026-10-06 03:30:00,2026-10-01 23:00:00,1.0
10.69731724562252,76.56611735674039,0.008707601,0.42045532688883447,0.31751839541662585,Moderate,0.5199999790638685,74.35999762266874,107.25999703258276,108.57999701425433,0.005199999790638685,0.4957333174844583,0.35753332344194255,0.27144999253563584,0.3574981689453125,24.340203857421898,90.926015490154,0.9667155725035378,84,4.15533971786499,26.96893882751465,2,0.6100060343742371,12,2026-10-06 03:30:00,2026-10-01 23:00:00,1.0
10.69731724562252,76.61597385500903,0.0047097225,0.42045532688883447,0.3165189257916258,Moderate,0.5199999790638685,74.35999762266874,107.25999703258276,108.57999701425433,0.005199999790638685,0.4957333174844583,0.35753332344194255,0.27144999253563584,0.3574981689453125,24.340203857421898,90.926015490154,0.9667155725035378,81,0.0,0.0,-4,0.7655099630355835,12,2026-10-06 03:30:00,2026-10-01 23:00:00,1.0
10.69731724562252,76.66609984786288,0.026832843,0.4181189945807681,0.3202974566855761,Moderate,0.4599999785423279,61.34999826550484,116.02999730408192,117.86999726109207,0.004599999785423279,0.40899998843669894,0.3867666576802731,0.29467499315273016,0.3313446044921875,24.553094482421898,85.92589708995516,1.0031111962683903,111,3.8224732875823975,165.7255859375,-10,0.5075066089630127,12,2026-10-06 03:30:00,2026-10-01 23:00:00,1.0
10.69731724562252,76.71622584071679,0.011995861,0.3190076634230713,0.24225471281730349,Low,0.1599999964237213,26.319999277591705,69.00999811291695,70.80999808758497,0.001599999964237213,0.17546666185061136,0.23003332704305648,0.17702499521896242,0.3012847900390625,24.904656982421898,80.75500437307197,0.975518013496664,110,2.0804054737091064,26.96893882751465,-4,0.7423045635223389,12,2026-10-06 03:30:00,2026-10-01 23:00:00,1.0
10.69731724562252,76.76608233898543,0.022721056,0.3190076634230713,0.24493601156730346,Low,0.1599999964237213,26.319999277591705,69.00999811291695,70.80999808758497,0.001599999964237213,0.17546666185061136,0.23003332704305648,0.17702499521896242,0.3012847900390625,24.904656982421898,80.75500437307197,0.975518013496664,134,4.679676532745361,306.38897705078125,-14,0.6532797813415527,12,2026-10-06 03:30:00,2026-10-01 23:00:00,1.0
10.69731724562252,76.81620833183928,0.015108638,0.2876224360402673,0.2194939865302005,Low,2.5999999046325684,26.8499992210418,53.18999825976789,61.559998001903296,0.025999999046325682,0.1789999948069453,0.1772999941992263,0.15389999500475823,0.2706756591796875,24.812860107421898,79.4469641131012,0.9484168934004414,174,2.1023828983306885,63.83460998535156,1,0.4849010705947876,14,2026-10-06 03:30:00,2026-10-01 23:00:00,0.902252197265625
10.69731724562252,76.86606483010792,0.0054376735,0.2876224360402673,0.2170762454052005,Low,2.5999999046325684,26.8499992210418,53.18999825976789,61.559998001903296,0.025999999046325682,0.1789999948069453,0.1772999941992263,0.15389999500475823,0.2706756591796875,24.812860107421898,79.4469641131012,0.9484168934004414,211,1.3230847120285034,134.497802734375,-6,0.2522613108158111,14,2026-10-06 03:30:00,2026-10-01 23:00:00,0.902252197265625
10.69731724562252,76.91619082296177,0.007833577,0.2950074369591971,0.22321397196939785,Low,5.82999986410141,31.979999471455812,49.54999877512455,58.28999864310026,0.0582999986410141,0.21319999647637208,0.16516666258374849,0.14572499660775065,0.2706756591796875,24.812860107421898,79.4469641131012,0.9484168934004414,218,5.9584736824035645,320.84930419921875,21,0.6583250164985657,12,2026-10-06 03:30:00,2026-10-01 23:00:00,0.902252197265625
10.69731724562252,76.9660473212304,0.0017326947,0.2950074369591971,0.22168875139439786,Low,5.82999986410141,31.979999471455812,49.54999877512455,58.28999864310026,0.0582999986410141,0.21319999647637208,0.16516666258374849,0.14572499660775065,0.2706756591796875,24.812860107421898,79.4469641131012,0.9484168934004414,269,4.15533971786499,333.03106689453125,-12,0.1878488957881927,14,2026-10-06 03:30:00,2026-10-01 23:00:00,0.902252197265625
10.69731724562252,77.01617331408426,0.0015506883,0.2847638207400839,0.21396053763006292,Low,9.439999759197235,48.78999887406826,61.459998682141304,69.53999851644039,0.09439999759197235,0.32526665916045505,0.20486666227380435,0.17384999629110098,0.194854736328125,24.650750732421898,77.35890546590545,0.8710748433305459,288,2.1023828983306885,296.1653747558594,6,0.2697817683219909,12,2026-10-06 03:30:00,2026-10-01 23:00:00,0.6495157877604167
10.69731724562252,77.0660298123529,0.00096818944,0.2847638207400839,0.2138149129150629,Low,9.439999759197235,48.78999887406826,61.459998682141304,69.53999851644039,0.09439999759197235,0.32526665916045505,0.20486666227380435,0.17384999629110098,0.194854736328125,24.650750732421898,77.35890546590545,0.8710748433305459,321,2.935640573501587,18.738401412963867,7,0.5362482070922852,12,2026-10-06 03:30:00,2026-10-01 23:00:00,0.6495157877604167
10.69731724562252,77.1161558052068,0.001775536,0.47480621946187074,0.35654854859640306,Moderate,6.79999977350235,114.46999733150005,118.01999726332724,127.47999677620828,0.06799999773502349,0.7631333155433336,0.39339999087775746,0.3186999919405207,0.27142333984375,25.139031982421898,73.31872595643392,0.580397004839278,387,4.7984938621521,78.88167572021484,3,0.7206588983535767,12,2026-10-06 03:30:00,2026-10-01 23:00:00,0.9047444661458334
10.69731724562252,77.16601230347544,0.00076317665,0.47577799043580893,0.35702428698935673,Moderate,1.659999929368496,111.5099960938096,112.47999607771635,127.05999576300383,0.01659999929368496,0.7433999739587307,0.3749333202590545,0.31764998940750955,0.3017578125,25.162469482421898,73.91865222745079,0.1386484087357508,368,2.1023828983306885,296.1653747558594,0,0.7052120566368103,12,2026-10-06 03:30:00,2026-10-01 23:00:00,1.0
10.69731724562252,77.21613829632929,0.000766738,0.47577799043580893,0.35702517732685674,Moderate,1.659999929368496,111.5099960938096,112.47999607771635,127.05999576300383,0.01659999929368496,0.7433999739587307,0.3749333202590545,0.31764998940750955,0.3017578125,25.162469482421898,73.91865222745079,0.1386484087357508,350,1.3230847120285034,45.502201080322266,4,0.4005489349365234,12,2026-10-06 03:30:00,2026-10-01 23:00:00,1.0
10.69731724562252,77.26599479459793,0.000715181,0.3736663317019741,0.28042854402648054,Moderate,0.3099999874830246,69.88999938964844,70.08999937772751,84.8499990850687,0.003099999874830246,0.4659333292643229,0.2336333312590917,0.21212499771267176,0.357818603515625,24.426141357421898,79.70955414816497,0.4173725149678889,329,1.3230847120285034,134.497802734375,0,0.2340475618839264,12,2026-10-06 03:30:00,2026-10-01 23:00:00,1.0
10.69731724562252,77.31612078745178,0.0010140216,0.3736663317019741,0.2805032541764806,Moderate,0.3099999874830246,69.88999938964844,70.08999937772751,84.8499990850687,0.003099999874830246,0.4659333292643229,0.2336333312590917,0.21212499771267176,0.357818603515625,24.426141357421898,79.70955414816497,0.4173725149678889,368,2.7802884578704834,180.0,-8,0.2550893127918243,12,2026-10-06 03:30:00,2026-10-01 23:00:00,1.0
10.69731724562252,77.36597728572042,0.0007524176,0.3460703030561408,0.2597408316921056,Moderate,0.3099999874830246,69.88999938964844,70.08999937772751,84.8499990850687,0.003099999874830246,0.4659333292643229,0.2336333312590917,0.21212499771267176,0.25860595703125,23.758172607421898,84.41870766348111,0.58941736381542,339,2.6447598934173584,225.502197265625,-5,0.1975878477096557,12,2026-10-06 03:30:00,2026-10-01 23:00:00,0.8620198567708334
10.797299736745025,75.91609641715152,0.0064865947,0.47496204832171407,0.35784318491628553,Moderate,0.0,126.09999609738588,135.41999582201242,137.06999576836824,0.0,0.8406666406492392,0.4513999860733747,0.3426749894209206,0.2453765869140625,24.619500732421898,96.2099774277771,1.116616638610202,10,5.417919635772705,211.4171600341797,-2,0.6732741594314575,11,2026-10-06 03:30:00,2026-10-01 23:00:00,0.8179219563802084
10.797299736745025,75.96622241000537,0.0031211493,0.47496204832171407,0.35700182356628557,Moderate,0.0,126.09999609738588,135.41999582201242,137.06999576836824,0.0,0.8406666406492392,0.4513999860733747,0.3426749894209206,0.2453765869140625,24.619500732421898,96.2099774277771,1.116616638610202,7,2.645205020904541,225.51168823242188,-3,0.6064023375511169,14,2026-10-06 03:30:00,2026-10-01 23:00:00,0.8179219563802084
10.797299736745025,76.01607890827404,0.019860255,0.3447687214787429,0.26354160485905714,Moderate,0.35999999195337296,68.77999890595675,81.82999850064516,83.26999850384891,0.0035999999195337295,0.45853332603971164,0.2727666616688172,0.20817499625962227,0.2453765869140625,24.619500732421898,96.2099774277771,1.116616638610202,12,9.195145606994627,180.0,-5,0.7656988501548767,14,2026-10-06 03:30:00,2026-10-01 23:00:00,0.8179219563802084
10.797299736745025,76.06620490112789,0.019778429,0.3447687214787429,0.26352114835905716,Moderate,0.35999999195337296,68.77999890595675,81.82999850064516,83.26999850384891,0.0035999999195337295,0.45853332603971164,0.2727666616688172,0.20817499625962227,0.2453765869140625,24.619500732421898,96.2099774277771,1.116616638610202,53,0.9441214203834534,90.0,9,0.6358737349510193,14,2026-10-06 03:30:00,2026-10-01 23:00:00,0.8179219563802084
10.797299736745025,76.11606139939653,0.0024071238,0.32772732927793014,0.2463972779084476,Low,0.8999999612569809,44.71999840810895,59.96999825723469,60.49999822862446,0.008999999612569809,0.29813332272072635,0.1998999941907823,0.15124999557156116,0.3374176025390625,24.478875732421898,96.31913419660582,0.8720229887010357,11,2.97791600227356,71.86988830566406,3,0.2410423457622528,12,2026-10-06 03:30:00,2026-10-01 23:00:00,1.0
10.797299736745025,76.16618739225038,0.0017336658,0.32772732927793014,0.2462289134084476,Low,0.8999999612569809,44.71999840810895,59.96999825723469,60.49999822862446,0.008999999612569809,0.29813332272072635,0.1998999941907823,0.15124999557156116,0.3374176025390625,24.478875732421898,96.31913419660582,0.8720229887010357,18,0.0,0.0,-2,0.6095708608627319,12,2026-10-06 03:30:00,2026-10-01 23:00:00,1.0
10.797299736745025,76.21604389051902,0.010971124,0.3868133301535622,0.29285277861517167,Moderate,1.159999979659915,69.2299988642335,85.00999852456152,85.27999850548804,0.01159999979659915,0.46153332576155665,0.2833666617485384,0.2131999962637201,0.3346710205078125,24.248406982421898,96.44895946039414,0.6412929132482436,26,3.358922481536865,34.164024353027344,12,0.5140314698219299,14,2026-10-06 03:30:00,2026-10-01 23:00:00,1.0
10.797299736745025,76.26616988337287,0.023681354,0.3868133301535622,0.29603033611517166,Moderate,1.159999979659915,69.2299988642335,85.00999852456152,85.27999850548804,0.01159999979659915,0.46153332576155665,0.2833666617485384,0.2131999962637201,0.3346710205078125,24.248406982421898,96.44895946039414,0.6412929132482436,28,8.495546340942383,12.747295379638672,8,0.5587590336799622,12,2026-10-06 03:30:00,2026-10-01 23:00:00,1.0
10.797299736745025,76.3160263816415,0.19238403,0.5350123235188424,0.4493552501391318,Moderate,2.4299999438226223,126.94999606534839,149.52999577485025,150.2299957498908,0.024299999438226222,0.8463333071023226,0.49843331924950085,0.375574989374727,0.37445068359375,23.941766357421898,96.930970970171,0.5643723707622068,66,6.219837665557861,153.0233917236328,17,0.6910784244537354,14,2026-10-06 03:30:00,2026-10-01 23:00:00,1.0
10.797299736745025,76.36615237449541,0.46001273,0.4543749954470744,0.4557844290853058,Moderate,2.369999922811985,93.41999839991331,115.13999793678522,115.74999791756272,0.02369999922811985,0.6227999893327554,0.3837999931226174,0.2893749947939068,0.3629150390625,23.707391357421898,95.76480934272912,0.6749196433828217,79,13.475547790527344,105.6771011352539,7,0.5946785807609558,14,2026-10-06 03:30:00,2026-10-01 23:00:00,1.0
10.797299736745025,76.41600887276405,0.010740056,0.4543749954470744,0.34346626058530577,Moderate,2.369999922811985,93.41999839991331,115.13999793678522,115.74999791756272,0.02369999922811985,0.6227999893327554,0.3837999931226174,0.2893749947939068,0.3629150390625,23.707391357421898,95.76480934272912,0.6749196433828217,64,2.645205020904541,225.51168823242188,1,0.8033403158187866,14,2026-10-06 03:30:00,2026-10-01 23:00:00,1.0
10.797299736745025,76.4661348656179,0.042790014,0.4543749954470744,0.35147875008530577,Moderate,2.369999922811985,93.41999839991331,115.13999793678522,115.74999791756272,0.02369999922811985,0.6227999893327554,0.3837999931226174,0.2893749947939068,0.3594512939453125,23.418328857421898,95.3481630045427,0.8283097427941185,69,2.0805470943450928,153.0233917236328,-7,0.5944158434867859,14,2026-10-06 03:30:00,2026-10-01 23:00:00,1.0
10.797299736745025,76.51599136388654,0.10632111,0.4543749954470744,0.36736152408530576,Moderate,2.369999922811985,93.41999839991331,115.13999793678522,115.74999791756272,0.02369999922811985,0.6227999893327554,0.3837999931226174,0.2893749947939068,0.3594512939453125,23.418328857421898,95.3481630045427,0.8283097427941185,66,6.588520526885986,225.51168823242188,-10,0.6227308511734009,12,2026-10-06 03:30:00,2026-10-01 23:00:00,1.0
10.797299736745025,76.56611735674039,0.01759645,0.4054663300347825,0.3084988600260869,Moderate,2.2900000046938658,72.31999867968261,95.09999853931367,95.32999853789806,0.022900000046938658,0.48213332453121743,0.3169999951310456,0.23832499634474516,0.331146240234375,23.705438232421898,90.9279536128867,0.8744621307745306,59,1.887730360031128,90.0,8,0.6841121315956116,12,2026-10-06 03:30:00,2026-10-01 23:00:00,1.0
10.797299736745025,76.61597385500903,0.020427084,0.4054663300347825,0.3092065185260869,Moderate,2.2900000046938658,72.31999867968261,95.09999853931367,95.32999853789806,0.022900000046938658,0.48213332453121743,0.3169999951310456,0.23832499634474516,0.331146240234375,23.705438232421898,90.9279536128867,0.8744621307745306,68,0.9441214203834534,270.0,0,0.2750369310379028,12,2026-10-06 03:30:00,2026-10-01 23:00:00,1.0
10.797299736745025,76.66609984786288,0.008750628,0.3876316629200553,0.29291140419004147,Moderate,11.429999820888042,54.99999882467091,81.09999837167561,82.44999833591282,0.11429999820888043,0.3666666588311394,0.27033332790558534,0.20612499583978205,0.3159942626953125,24.426141357421898,84.52071932021192,0.8460839608031029,84,2.9357409477233887,18.744176864624023,-10,0.3613249361515045,12,2026-10-06 03:30:00,2026-10-01 23:00:00,1.0
10.797299736745025,76.71622584071679,0.023371702,0.24574583662499985,0.1901523029687499,Low,0.029999999329447746,15.659999651834369,39.45999936759472,42.95999922603369,0.00029999999329447744,0.1043999976788958,0.13153333122531574,0.10739999806508421,0.2639007568359375,25.492547607421898,77.94019320894884,0.81295640696306,99,6.694914817810059,214.16403198242188,-11,0.3882421553134918,12,2026-10-06 03:30:00,2026-10-01 23:00:00,0.879669189453125
10.797299736745025,76.76608233898543,0.007833607,0.24574583662499985,0.1862677792187499,Low,0.029999999329447746,15.659999651834369,39.45999936759472,42.95999922603369,0.00029999999329447744,0.1043999976788958,0.13153333122531574,0.10739999806508421,0.2639007568359375,25.492547607421898,77.94019320894884,0.81295640696306,119,2.102943420410156,63.84212112426758,-4,0.182409182190895,12,2026-10-06 03:30:00,2026-10-01 23:00:00,0.879669189453125
10.797299736745025,76.81620833183928,0.0049779364,0.20484986568323027,0.1548818833624227,Low,2.5199999064207077,11.989999597892165,29.519998943433166,36.17999861203134,0.025199999064207078,0.07993333065261443,0.09839999647811055,0.09044999653007835,0.2179718017578125,25.539422607421898,75.76424327262134,0.7595524724510522,147,0.9274099469184875,180.0,-5,0.3652554750442505,12,2026-10-06 03:30:00,2026-10-01 23:00:00,0.7265726725260417
10.797299736745025,76.86606483010792,0.0023278,0.20484986568323027,0.1542193492624227,Low,2.5199999064207077,11.989999597892165,29.519998943433166,36.17999861203134,0.025199999064207078,0.07993333065261443,0.09839999647811055,0.09044999653007835,0.2179718017578125,25.539422607421898,75.76424327262134,0.7595524724510522,202,1.854334115982056,0.0,-8,0.5133131146430969,12,2026-10-06 03:30:00,2026-10-01 23:00:00,0.7265726725260417
10.797299736745025,76.91619082296177,0.0020346872,0.19695286637910953,0.14822332158433213,Low,4.739999830722809,10.429999636486173,20.759999500587583,28.849999332800508,0.04739999830722809,0.06953333090990782,0.06919999833529195,0.07212499833200127,0.2179718017578125,25.539422607421898,75.76424327262134,0.7595524724510522,246,4.2002363204956055,243.8421173095703,-1,0.7032800912857056,12,2026-10-06 03:30:00,2026-10-01 23:00:00,0.7265726725260417
10.797299736745025,76.9660473212304,0.0011979064,0.19695286637910953,0.14801412638433212,Low,4.739999830722809,10.429999636486173,20.759999500587583,28.849999332800508,0.04739999830722809,0.06953333090990782,0.06919999833529195,0.07212499833200127,0.2179718017578125,25.539422607421898,75.76424327262134,0.7595524724510522,272,2.9357409477233887,341.2558288574219,5,0.5744274258613586,12,2026-10-06 03:30:00,2026-10-01 23:00:00,0.7265726725260417
10.797299736745025,77.01617331408426,0.0006667055,0.18611368803326045,0.13975194239994534,Low,7.209999887272716,20.049999630078673,25.289999518543482,37.269999170675874,0.07209999887272715,0.13366666420052448,0.08429999839514495,0.09317499792668968,0.1671600341796875,24.756219482421898,75.1754620022802,0.7352853167923303,305,1.3233076333999634,45.51168823242188,-4,0.0645414888858795,12,2026-10-06 03:30:00,2026-10-01 23:00:00,0.5572001139322917
10.797299736745025,77.0660298123529,0.0009952119,0.18611368803326045,0.13983406899994533,Low,7.209999887272716,20.049999630078673,25.289999518543482,37.269999170675874,0.07209999887272715,0.13366666420052448,0.08429999839514495,0.09317499792668968,0.1671600341796875,24.756219482421898,75.1754620022802,0.7352853167923303,324,2.97791600227356,108.13011169433594,-5,0.4132794737815857,14,2026-10-06 03:30:00,2026-10-01 23:00:00,0.5572001139322917
10.797299736745025,77.1161558052068,0.0013572585,0.2852444228443007,0.2142726317582255,Low,8.79999989271164,30.67999892681837,31.66999889165163,46.15999861806631,0.0879999989271164,0.20453332617878914,0.1055666629721721,0.11539999654516578,0.279754638671875,24.857781982421898,73.18175221031083,0.5735732917907778,366,2.830316066741944,270.0,-2,0.2016767710447311,14,2026-10-06 03:30:00,2026-10-01 23:00:00,0.9325154622395834
10.797299736745025,77.16601230347544,0.0010843369,0.30123633009660994,0.22619833179745746,Low,8.519999831914902,31.24999889731407,31.859998881816864,50.74999834038317,0.08519999831914901,0.2083333259820938,0.10619999627272288,0.12687499585095793,0.369293212890625,24.521844482421898,80.57942829309877,0.6917790983856063,385,2.830316066741944,270.0,8,0.6867370009422302,12,2026-10-06 03:30:00,2026-10-01 23:00:00,1.0
10.797299736745025,77.21613829632929,0.00088339805,0.30123633009660994,0.22614809708495748,Low,8.519999831914902,31.24999889731407,31.859998881816864,50.74999834038317,0.08519999831914901,0.2083333259820938,0.10619999627272288,0.12687499585095793,0.369293212890625,24.521844482421898,80.57942829309877,0.6917790983856063,351,1.3233076333999634,225.51168823242188,6,0.6455828547477722,12,2026-10-06 03:30:00,2026-10-01 23:00:00,1.0
10.797299736745025,77.26599479459793,0.00077355665,0.31169366519954056,0.23396363806215542,Low,3.039999919012189,40.59999951347709,40.7899995110929,59.34999920986593,0.030399999190121887,0.2706666634231806,0.13596666503697633,0.1483749980246648,0.3288726806640625,24.113641357421898,89.25317974850083,0.9990236353391144,329,2.97791600227356,288.1300964355469,-2,0.4194714426994324,12,2026-10-06 03:30:00,2026-10-01 23:00:00,1.0
10.797299736745025,77.31612078745178,0.0006227407,0.31169366519954056,0.23392593407465542,Low,3.039999919012189,40.59999951347709,40.7899995110929,59.34999920986593,0.030399999190121887,0.2706666634231806,0.13596666503697633,0.1483749980246648,0.3288726806640625,24.113641357421898,89.25317974850083,0.9990236353391144,334,0.0,0.0,1,0.2098067700862884,12,2026-10-06 03:30:00,2026-10-01 23:00:00,1.0
10.797299736745025,77.36597728572042,0.000860901,0.31169366519954056,0.23398547414965543,Low,3.039999919012189,40.59999951347709,40.7899995110929,59.34999920986593,0.030399999190121887,0.2706666634231806,0.13596666503697633,0.1483749980246648,0.3306884765625,24.066766357421898,92.82429178936268,1.1321373672425048,306,0.9441214203834534,90.0,-6,0.358634352684021,12,2026-10-06 03:30:00,2026-10-01 23:00:00,1.0
10.847425729598896,75.91609641715152,0.0057017314,0.47496204832171407,0.35764696909128557,Moderate,0.0,126.09999609738588,135.41999582201242,137.06999576836824,0.0,0.8406666406492392,0.4513999860733747,0.3426749894209206,0.2453765869140625,24.619500732421898,96.2099774277771,1.116616638610202,14,4.681183338165283,233.62469482421875,-8,0.5964517593383789,9,2026-10-06 03:30:00,2026-10-01 23:00:00,0.8179219563802084
10.847425729598896,75.96622241000537,0.0021808168,0.47496204832171407,0.35676674044128553,Moderate,0.0,126.09999609738588,135.41999582201242,137.06999576836824,0.0,0.8406666406492392,0.4513999860733747,0.3426749894209206,0.2453765869140625,24.619500732421898,96.2099774277771,1.116616638610202,-2,2.9783663749694824,288.12725830078125,15,0.024203822016716,14,2026-10-06 03:30:00,2026-10-01 23:00:00,0.8179219563802084
10.847425729598896,76.01607890827404,0.0066742403,0.3447687214787429,0.26024510118405714,Moderate,0.35999999195337296,68.77999890595675,81.82999850064516,83.26999850384891,0.0035999999195337295,0.45853332603971164,0.2727666616688172,0.20817499625962227,0.2453765869140625,24.619500732421898,96.2099774277771,1.116616638610202,13,6.645346164703369,262.0132751464844,-5,0.5346820950508118,14,2026-10-06 03:30:00,2026-10-01 23:00:00,0.8179219563802084
10.847425729598896,76.06620490112789,0.0096429605,0.3447687214787429,0.2609872812340571,Moderate,0.35999999195337296,68.77999890595675,81.82999850064516,83.26999850384891,0.0035999999195337295,0.45853332603971164,0.2727666616688172,0.20817499625962227,0.2453765869140625,24.619500732421898,96.2099774277771,1.116616638610202,27,8.746509552001953,18.747100830078125,-5,0.6583601236343384,14,2026-10-06 03:30:00,2026-10-01 23:00:00,0.8179219563802084
10.847425729598896,76.11606139939653,0.0064320415,0.32772732927793014,0.2474035073334476,Low,0.8999999612569809,44.71999840810895,59.96999825723469,60.49999822862446,0.008999999612569809,0.29813332272072635,0.1998999941907823,0.15124999557156116,0.3374176025390625,24.478875732421898,96.31913419660582,0.8720229887010357,28,2.9357917308807373,161.25289916992188,-3,0.5071552991867065,14,2026-10-06 03:30:00,2026-10-01 23:00:00,1.0
10.847425729598896,76.16618739225038,0.037353806,0.32772732927793014,0.2551339484584476,Moderate,0.8999999612569809,44.71999840810895,59.96999825723469,60.49999822862446,0.008999999612569809,0.29813332272072635,0.1998999941907823,0.15124999557156116,0.3374176025390625,24.478875732421898,96.31913419660582,0.8720229887010357,53,3.7720022201538086,90.0,20,0.8395442962646484,14,2026-10-06 03:30:00,2026-10-01 23:00:00,1.0
10.847425729598896,76.21604389051902,0.672358,0.3868133301535622,0.45819949761517165,Moderate,1.159999979659915,69.2299988642335,85.00999852456152,85.27999850548804,0.01159999979659915,0.46153332576155665,0.2833666617485384,0.2131999962637201,0.3346710205078125,24.248406982421898,96.44895946039414,0.6412929132482436,103,20.585567474365234,7.565059185028076,14,0.7193689346313477,14,2026-10-06 03:30:00,2026-10-01 23:00:00,1.0
10.847425729598896,76.26616988337287,0.37211376,0.3868133301535622,0.38313843761517163,Moderate,1.159999979659915,69.2299988642335,85.00999852456152,85.27999850548804,0.01159999979659915,0.46153332576155665,0.2833666617485384,0.2131999962637201,0.3346710205078125,24.248406982421898,96.44895946039414,0.6412929132482436,84,9.300692558288574,53.62468719482422,17,0.7921045422554016,14,2026-10-06 03:30:00,2026-10-01 23:00:00,1.0
10.847425729598896,76.3160263816415,0.07306897,0.5350123235188424,0.4195264851391318,Moderate,2.4299999438226223,126.94999606534839,149.52999577485025,150.2299957498908,0.024299999438226222,0.8463333071023226,0.49843331924950085,0.375574989374727,0.37445068359375,23.941766357421898,96.930970970171,0.5643723707622068,70,0.9274099469184875,180.0,6,0.5756579041481018,14,2026-10-06 03:30:00,2026-10-01 23:00:00,1.0
10.847425729598896,76.36615237449541,0.8471051,0.4543749954470744,0.5525575215853058,High,2.369999922811985,93.41999839991331,115.13999793678522,115.74999791756272,0.02369999922811985,0.6227999893327554,0.3837999931226174,0.2893749947939068,0.3629150390625,23.707391357421898,95.76480934272912,0.6749196433828217,149,21.3873233795166,187.25328063964844,9,0.618527889251709,14,2026-10-06 03:30:00,2026-10-01 23:00:00,1.0
10.847425729598896,76.41600887276405,0.020745719,0.4543749954470744,0.3459676763353058,Moderate,2.369999922811985,93.41999839991331,115.13999793678522,115.74999791756272,0.02369999922811985,0.6227999893327554,0.3837999931226174,0.2893749947939068,0.3629150390625,23.707391357421898,95.76480934272912,0.6749196433828217,99,2.9357917308807373,198.74710083007807,-15,0.7141925096511841,14,2026-10-06 03:30:00,2026-10-01 23:00:00,1.0
10.847425729598896,76.4661348656179,0.015485332,0.4543749954470744,0.34465257958530576,Moderate,2.369999922811985,93.41999839991331,115.13999793678522,115.74999791756272,0.02369999922811985,0.6227999893327554,0.3837999931226174,0.2893749947939068,0.3594512939453125,23.418328857421898,95.3481630045427,0.8283097427941185,73,2.9783663749694824,71.87273406982422,-1,0.8014976978302002,14,2026-10-06 03:30:00,2026-10-01 23:00:00,1.0
10.847425729598896,76.51599136388654,0.18199286,0.4543749954470744,0.3862794615853058,Moderate,2.369999922811985,93.41999839991331,115.13999793678522,115.74999791756272,0.02369999922811985,0.6227999893327554,0.3837999931226174,0.2893749947939068,0.3594512939453125,23.418328857421898,95.3481630045427,0.8283097427941185,79,11.511542320251465,76.20490264892578,21,0.7975113391876221,14,2026-10-06 03:30:00,2026-10-01 23:00:00,1.0
10.847425729598896,76.56611735674039,0.009986521,0.4054663300347825,0.3065963777760869,Moderate,2.2900000046938658,72.31999867968261,95.09999853931367,95.32999853789806,0.022900000046938658,0.48213332453121743,0.3169999951310456,0.23832499634474516,0.331146240234375,23.705438232421898,90.9279536128867,0.8744621307745306,108,4.627367496490479,0.0,-12,0.7005952596664429,14,2026-10-06 03:30:00,2026-10-01 23:00:00,1.0
10.847425729598896,76.61597385500903,0.036270183,0.4054663300347825,0.3131672932760869,Moderate,2.2900000046938658,72.31999867968261,95.09999853931367,95.32999853789806,0.022900000046938658,0.48213332453121743,0.3169999951310456,0.23832499634474516,0.331146240234375,23.705438232421898,90.9279536128867,0.8744621307745306,106,2.645430564880371,314.4835205078125,-9,0.8426686525344849,8,2026-10-06 03:30:00,2026-10-01 23:00:00,1.0
10.847425729598896,76.66609984786288,0.8770933,0.3876316629200553,0.5099970721900414,High,11.429999820888042,54.99999882467091,81.09999837167561,82.44999833591282,0.11429999820888043,0.3666666588311394,0.27033332790558534,0.20612499583978205,0.3159942626953125,24.426141357421898,84.52071932021192,0.8460839608031029,165,25.95526123046875,26.116003036499023,45,0.3537095189094543,10,2026-10-06 03:30:00,2026-10-01 23:00:00,1.0
10.847425729598896,76.71622584071679,0.28376746,0.24574583662499985,0.2552512424687499,Moderate,0.029999999329447746,15.659999651834369,39.45999936759472,42.95999922603369,0.00029999999329447744,0.1043999976788958,0.13153333122531574,0.10739999806508421,0.2639007568359375,25.492547607421898,77.94019320894884,0.81295640696306,123,10.29541301727295,333.0195007324219,3,0.6454162001609802,9,2026-10-06 03:30:00,2026-10-01 23:00:00,0.879669189453125
10.847425729598896,76.76608233898543,0.42891863,0.24574583662499985,0.2915390349687499,Moderate,0.029999999329447746,15.659999651834369,39.45999936759472,42.95999922603369,0.00029999999329447744,0.1043999976788958,0.13153333122531574,0.10739999806508421,0.2639007568359375,25.492547607421898,77.94019320894884,0.81295640696306,621,17.544675827026367,325.0076599121094,-16,0.8318091034889221,2,2026-10-06 03:30:00,2026-10-01 23:00:00,0.879669189453125
10.847425729598896,76.81620833183928,0.85371304,0.20484986568323027,0.36706565926242274,Moderate,2.5199999064207077,11.989999597892165,29.519998943433166,36.17999861203134,0.025199999064207078,0.07993333065261443,0.09839999647811055,0.09044999653007835,0.2179718017578125,25.539422607421898,75.76424327262134,0.7595524724510522,277,18.96780776977539,19.61442756652832,22,0.7050473093986511,9,2026-10-06 03:30:00,2026-10-01 23:00:00,0.7265726725260417
10.847425729598896,76.86606483010792,0.002347726,0.20484986568323027,0.1542243307624227,Low,2.5199999064207077,11.989999597892165,29.519998943433166,36.17999861203134,0.025199999064207078,0.07993333065261443,0.09839999647811055,0.09044999653007835,0.2179718017578125,25.539422607421898,75.76424327262134,0.7595524724510522,203,4.657716751098633,217.3669891357422,4,0.3147490918636322,12,2026-10-06 03:30:00,2026-10-01 23:00:00,0.7265726725260417
10.847425729598896,76.91619082296177,0.00075337547,0.19695286637910953,0.14790299365183213,Low,4.739999830722809,10.429999636486173,20.759999500587583,28.849999332800508,0.04739999830722809,0.06953333090990782,0.06919999833529195,0.07212499833200127,0.2179718017578125,25.539422607421898,75.76424327262134,0.7595524724510522,260,2.9783663749694824,108.12726593017578,4,0.368022620677948,12,2026-10-06 03:30:00,2026-10-01 23:00:00,0.7265726725260417
10.847425729598896,76.9660473212304,0.0008550565,0.19695286637910953,0.14792841390933212,Low,4.739999830722809,10.429999636486173,20.759999500587583,28.849999332800508,0.04739999830722809,0.06953333090990782,0.06919999833529195,0.07212499833200127,0.2179718017578125,25.539422607421898,75.76424327262134,0.7595524724510522,305,2.103227376937866,63.845924377441406,-4,0.3005135357379913,12,2026-10-06 03:30:00,2026-10-01 23:00:00,0.7265726725260417
10.847425729598896,77.01617331408426,0.001270003,0.18611368803326045,0.13990276677494534,Low,7.209999887272716,20.049999630078673,25.289999518543482,37.269999170675874,0.07209999887272715,0.13366666420052448,0.08429999839514495,0.09317499792668968,0.1671600341796875,24.756219482421898,75.1754620022802,0.7352853167923303,368,0.9442797899246216,270.0,12,0.1464946568012237,12,2026-10-06 03:30:00,2026-10-01 23:00:00,0.5572001139322917
10.847425729598896,77.0660298123529,0.0009626027,0.18611368803326045,0.13982591669994535,Low,7.209999887272716,20.049999630078673,25.289999518543482,37.269999170675874,0.07209999887272715,0.13366666420052448,0.08429999839514495,0.09317499792668968,0.1671600341796875,24.756219482421898,75.1754620022802,0.7352853167923303,358,4.200801849365234,63.845924377441406,8,0.2317925691604614,12,2026-10-06 03:30:00,2026-10-01 23:00:00,0.5572001139322917
10.847425729598896,77.1161558052068,0.0012441901,0.2852444228443007,0.2142443646582255,Low,8.79999989271164,30.67999892681837,31.66999889165163,46.15999861806631,0.0879999989271164,0.20453332617878914,0.1055666629721721,0.11539999654516578,0.279754638671875,24.857781982421898,73.18175221031083,0.5735732917907778,367,1.8880468606948853,270.0,8,0.3383136987686157,12,2026-10-06 03:30:00,2026-10-01 23:00:00,0.9325154622395834
10.847425729598896,77.16601230347544,0.0016121286,0.30123633009660994,0.22633027972245748,Low,8.519999831914902,31.24999889731407,31.859998881816864,50.74999834038317,0.08519999831914901,0.2083333259820938,0.10619999627272288,0.12687499585095793,0.369293212890625,24.521844482421898,80.57942829309877,0.6917790983856063,392,3.382418632507324,56.78504943847656,-11,0.6260352730751038,12,2026-10-06 03:30:00,2026-10-01 23:00:00,1.0
10.847425729598896,77.21613829632929,0.0014739458,0.30123633009660994,0.22629573402245748,Low,8.519999831914902,31.24999889731407,31.859998881816864,50.74999834038317,0.08519999831914901,0.2083333259820938,0.10619999627272288,0.12687499585095793,0.369293212890625,24.521844482421898,80.57942829309877,0.6917790983856063,358,3.359099864959717,214.16848754882807,8,0.661840558052063,12,2026-10-06 03:30:00,2026-10-01 23:00:00,1.0
10.847425729598896,77.26599479459793,0.0016578442,0.31169366519954056,0.23418470994965543,Low,3.039999919012189,40.59999951347709,40.7899995110929,59.34999920986593,0.030399999190121887,0.2706666634231806,0.13596666503697633,0.1483749980246648,0.3288726806640625,24.113641357421898,89.25317974850083,0.9990236353391144,367,2.7802884578704834,0.0,11,0.8150213956832886,12,2026-10-06 03:30:00,2026-10-01 23:00:00,1.0
10.847425729598896,77.31612078745178,0.00084217836,0.31169366519954056,0.23398079348965542,Low,3.039999919012189,40.59999951347709,40.7899995110929,59.34999920986593,0.030399999190121887,0.2706666634231806,0.13596666503697633,0.1483749980246648,0.3288726806640625,24.113641357421898,89.25317974850083,0.9990236353391144,331,1.854334115982056,180.0,1,0.1397695988416671,12,2026-10-06 03:30:00,2026-10-01 23:00:00,1.0
10.847425729598896,77.36597728572042,0.000664963,0.31169366519954056,0.2339364896496554,Low,3.039999919012189,40.59999951347709,40.7899995110929,59.34999920986593,0.030399999190121887,0.2706666634231806,0.13596666503697633,0.1483749980246648,0.3306884765625,24.066766357421898,92.82429178936268,1.1321373672425048,321,1.854334115982056,0.0,-1,0.1907767504453659,12,2026-10-06 03:30:00,2026-10-01 23:00:00,1.0
10.897282227867528,75.91609641715152,0.0018873502,0.4570516195239499,0.3432605521929625,Moderate,0.09999999403953552,131.57999812997878,141.85999784059823,142.85999781824648,0.0009999999403953552,0.8771999875331918,0.47286665946866074,0.3571499945456162,0.1973724365234375,24.314813232421898,95.91898861516654,1.2371221091671585,16,0.0,0.0,-3,0.7067375183105469,14,2026-10-06 03:30:00,2026-10-01 23:00:00,0.6579081217447917
10.897282227867528,75.96622241000537,0.016563559,0.4570516195239499,0.34692960439296244,Moderate,0.09999999403953552,131.57999812997878,141.85999784059823,142.85999781824648,0.0009999999403953552,0.8771999875331918,0.47286665946866074,0.3571499945456162,0.1973724365234375,24.314813232421898,95.91898861516654,1.2371221091671585,15,7.469105243682861,210.1960601806641,-10,0.5572946071624756,14,2026-10-06 03:30:00,2026-10-01 23:00:00,0.6579081217447917
10.897282227867528,76.01607890827404,0.002489435,0.31715995362562444,0.23849232396921832,Low,0.6599999852478504,71.02999836020172,83.30999824590981,83.68999825045466,0.006599999852478504,0.47353332240134477,0.2776999941530327,0.20922499562613667,0.1973724365234375,24.314813232421898,95.91898861516654,1.2371221091671585,24,2.7802884578704834,0.0,4,0.6781229376792908,14,2026-10-06 03:30:00,2026-10-01 23:00:00,0.6579081217447917
10.897282227867528,76.06620490112789,0.041806493,0.31715995362562444,0.2483215884692183,Low,0.6599999852478504,71.02999836020172,83.30999824590981,83.68999825045466,0.006599999852478504,0.47353332240134477,0.2776999941530327,0.20922499562613667,0.1973724365234375,24.314813232421898,95.91898861516654,1.2371221091671585,51,8.872885704040527,108.12444305419922,11,0.769807755947113,13,2026-10-06 03:30:00,2026-10-01 23:00:00,0.6579081217447917
10.897282227867528,76.11606139939653,0.028164543,0.39280699484739456,0.30164638188554593,Moderate,1.339999970048666,72.41999818570912,86.82999757118523,86.82999757118523,0.01339999970048666,0.48279998790472745,0.2894333252372841,0.2170749939279631,0.356353759765625,23.769891357421898,96.97282576864328,1.0418304330507109,62,4.681686878204346,233.6292419433593,10,0.6840612888336182,14,2026-10-06 03:30:00,2026-10-01 23:00:00,1.0
10.897282227867528,76.16618739225038,0.01567714,0.39280699484739456,0.29852453113554595,Moderate,1.339999970048666,72.41999818570912,86.82999757118523,86.82999757118523,0.01339999970048666,0.48279998790472745,0.2894333252372841,0.2170749939279631,0.356353759765625,23.769891357421898,96.97282576864328,1.0418304330507109,28,0.9274099469184875,180.0,-5,0.6822155117988586,14,2026-10-06 03:30:00,2026-10-01 23:00:00,1.0
10.897282227867528,76.21604389051902,0.03393929,0.392848329583928,0.303121069687946,Moderate,3.429999887943268,67.27999873459339,87.7099983356893,88.10999831184745,0.03429999887943268,0.44853332489728925,0.29236666111896437,0.22027499577961862,0.3826751708984375,23.474969482421898,97.54095952467245,0.8051882132971789,32,8.553777694702148,41.117149353027344,5,0.5897436141967773,14,2026-10-06 03:30:00,2026-10-01 23:00:00,1.0
10.897282227867528,76.26616988337287,0.10449249,0.392848329583928,0.320759369687946,Moderate,3.429999887943268,67.27999873459339,87.7099983356893,88.10999831184745,0.03429999887943268,0.44853332489728925,0.29236666111896437,0.22027499577961862,0.3826751708984375,23.474969482421898,97.54095952467245,0.8051882132971789,59,8.488497734069824,276.2267761230469,-2,0.8242038488388062,14,2026-10-06 03:30:00,2026-10-01 23:00:00,1.0
10.897282227867528,76.3160263816415,0.14961039,0.6243429956629872,0.5056598442472404,High,6.239999832585454,164.13999754562974,193.5599969290197,194.02999690920115,0.06239999832585454,1.0,0.645199989763399,0.4850749922730029,0.3761749267578125,23.598016357421898,96.75155022671936,0.7406037275018555,44,7.437740325927734,187.2544708251953,9,0.777789294719696,14,2026-10-06 03:30:00,2026-10-01 23:00:00,1.0
10.897282227867528,76.36615237449541,0.11339348,0.6013089925263697,0.4793301143947773,Moderate,4.630000004544854,145.79999747686088,181.37999632768333,182.84999629296362,0.04630000004544854,0.9719999831790725,0.6045999877589444,0.4571249907324091,0.388916015625,23.510125732421898,96.55513810797132,0.8274647719433725,70,7.136166095733643,247.1765289306641,23,0.6958150863647461,8,2026-10-06 03:30:00,2026-10-01 23:00:00,1.0
10.897282227867528,76.41600887276405,0.02108001,0.6013089925263697,0.45625174689477727,Moderate,4.630000004544854,145.79999747686088,181.37999632768333,182.84999629296362,0.04630000004544854,0.9719999831790725,0.6045999877589444,0.4571249907324091,0.388916015625,23.510125732421898,96.55513810797132,0.8274647719433725,81,5.9600443840026855,320.83062744140625,-14,0.7348596453666687,8,2026-10-06 03:30:00,2026-10-01 23:00:00,1.0
10.897282227867528,76.4661348656179,0.079416305,0.6013089925263697,0.4708358206447773,Moderate,4.630000004544854,145.79999747686088,181.37999632768333,182.84999629296362,0.04630000004544854,0.9719999831790725,0.6045999877589444,0.4571249907324091,0.42449951171875,22.398797607421898,96.9881582941305,0.8998346786815776,80,10.295759201049805,26.984357833862305,23,0.7596414685249329,8,2026-10-06 03:30:00,2026-10-01 23:00:00,1.0
10.897282227867528,76.51599136388654,0.02772185,0.6013089925263697,0.4579122068947773,Moderate,4.630000004544854,145.79999747686088,181.37999632768333,182.84999629296362,0.04630000004544854,0.9719999831790725,0.6045999877589444,0.4571249907324091,0.42449951171875,22.398797607421898,96.9881582941305,0.8998346786815776,79,4.681686878204346,126.3707504272461,-7,0.2391374260187149,14,2026-10-06 03:30:00,2026-10-01 23:00:00,1.0
10.897282227867528,76.56611735674039,0.9739034,0.39142099585017814,0.5370415968876336,High,3.8999998960644007,64.64999858103693,87.41999817453325,89.44999806396663,0.03899999896064401,0.4309999905402462,0.29139999391511084,0.22362499515991657,0.411102294921875,21.937860107421898,93.75472686903956,0.7605564544692386,943,29.010986328125,223.1339111328125,15,0.2175975888967514,9,2026-10-06 03:30:00,2026-10-01 23:00:00,1.0
10.897282227867528,76.61597385500903,0.2960898,0.39142099585017814,0.3675881968876336,Moderate,3.8999998960644007,64.64999858103693,87.41999817453325,89.44999806396663,0.03899999896064401,0.4309999905402462,0.29139999391511084,0.22362499515991657,0.411102294921875,21.937860107421898,93.75472686903956,0.7605564544692386,1015,3.964963674545288,225.52127075195312,-1,0.8805995583534241,8,2026-10-06 03:30:00,2026-10-01 23:00:00,1.0
10.897282227867528,76.66609984786288,0.96954185,0.37664966348173723,0.524872710111303,High,13.32999972999096,50.22999915108085,72.9699986986816,76.06999860331416,0.1332999972999096,0.33486666100720563,0.24323332899560532,0.1901749965082854,0.37921142578125,21.564813232421898,89.17506533401604,0.7015160805184362,368,42.7820930480957,265.9878234863281,3,0.8619598746299744,2,2026-10-06 03:30:00,2026-10-01 23:00:00,1.0
10.897282227867528,76.71622584071679,0.37414244,0.3183189969919622,0.33227485774397164,Moderate,14.459999591112137,28.589999355375767,42.9599989131093,49.06999873369932,0.14459999591112138,0.1905999957025051,0.143199996377031,0.1226749968342483,0.3116607666015625,22.875360107421898,82.99759486508765,0.6644060651695833,1003,19.88520812988281,216.3339080810547,7,0.8792822957038879,8,2026-10-06 03:30:00,2026-10-01 23:00:00,1.0
10.897282227867528,76.76608233898543,0.092365116,0.3183189969919622,0.26183052674397167,Moderate,14.459999591112137,28.589999355375767,42.9599989131093,49.06999873369932,0.14459999591112138,0.1905999957025051,0.143199996377031,0.1226749968342483,0.3116607666015625,22.875360107421898,82.99759486508765,0.6644060651695833,1037,6.742203712463379,123.2105712890625,-8,0.8458361029624939,2,2026-10-06 03:30:00,2026-10-01 23:00:00,1.0
10.897282227867528,76.81620833183928,0.032530937,0.22022395779024811,0.1733007025926861,Low,11.409999620169401,18.51999951712787,26.299999149516225,34.99999891780317,0.11409999620169402,0.12346666344751914,0.08766666383172075,0.08749999729450791,0.2086639404296875,24.519891357421898,78.62696613682374,0.6987624200686552,563,23.160865783691406,227.0684051513672,-1,0.5331748127937317,4,2026-10-06 03:30:00,2026-10-01 23:00:00,0.6955464680989584
10.897282227867528,76.86606483010792,0.024955269,0.22022395779024811,0.1714067855926861,Low,11.409999620169401,18.51999951712787,26.299999149516225,34.99999891780317,0.11409999620169402,0.12346666344751914,0.08766666383172075,0.08749999729450791,0.2086639404296875,24.519891357421898,78.62696613682374,0.6987624200686552,406,25.955989837646484,153.88021850585938,-35,0.4036568105220794,14,2026-10-06 03:30:00,2026-10-01 23:00:00,0.6955464680989584
10.897282227867528,76.91619082296177,0.00074069685,0.24040562383725,0.1804893920904375,Low,15.019999578595161,25.39999919012189,28.559999097138643,42.629998626187444,0.1501999957859516,0.16933332793414593,0.09519999699046214,0.10657499656546861,0.2086639404296875,24.519891357421898,78.62696613682374,0.6987624200686552,328,2.7802884578704834,180.0,6,0.2302084863185882,12,2026-10-06 03:30:00,2026-10-01 23:00:00,0.6955464680989584
10.897282227867528,76.9660473212304,0.0008041905,0.24040562383725,0.1805052655029375,Low,15.019999578595161,25.39999919012189,28.559999097138643,42.629998626187444,0.1501999957859516,0.16933332793414593,0.09519999699046214,0.10657499656546861,0.2086639404296875,24.519891357421898,78.62696613682374,0.6987624200686552,332,3.8226277828216553,194.2835388183593,2,0.1635333001613617,12,2026-10-06 03:30:00,2026-10-01 23:00:00,0.6955464680989584
10.897282227867528,77.01617331408426,0.0006630711,0.1940638840213418,0.14571368079100636,Low,8.209999674931169,15.299999482929707,16.429999466985464,35.75999916344881,0.08209999674931169,0.10199999655286471,0.05476666488995155,0.08939999790862202,0.1954498291015625,25.273797607421898,74.7710639697336,0.6756269331416976,376,2.978814125061035,108.12444305419922,3,0.1484865248203277,12,2026-10-06 03:30:00,2026-10-01 23:00:00,0.6514994303385417
10.897282227867528,77.0660298123529,0.00162468,0.1940638840213418,0.14595408301600638,Low,8.209999674931169,15.299999482929707,16.429999466985464,35.75999916344881,0.08209999674931169,0.10199999655286471,0.05476666488995155,0.08939999790862202,0.1954498291015625,25.273797607421898,74.7710639697336,0.6756269331416976,399,5.983723163604736,128.1522674560547,4,0.203562781214714,13,2026-10-06 03:30:00,2026-10-01 23:00:00,0.6514994303385417
10.897282227867528,77.1161558052068,0.000998823,0.25934721161158136,0.19476011445868602,Low,7.839999770745635,16.74999957345426,16.74999957345426,44.429998649284244,0.07839999770745636,0.11166666382302841,0.055833331911514204,0.1110749966232106,0.2852783203125,25.375360107421898,74.15972702292021,0.6208334326587868,398,0.9444371461868286,270.0,1,0.1210532933473587,12,2026-10-06 03:30:00,2026-10-01 23:00:00,0.950927734375
10.897282227867528,77.16601230347544,0.0011324196,0.348887662862738,0.2619488520470535,Moderate,14.089999541640282,45.429998859763145,45.429998859763145,71.80999848246574,0.14089999541640283,0.30286665906508764,0.15143332953254382,0.17952499620616436,0.3521575927734375,24.596063232421898,81.56108896422771,0.7471618424495905,404,0.9444371461868286,270.0,2,0.215897798538208,12,2026-10-06 03:30:00,2026-10-01 23:00:00,1.0
10.897282227867528,77.21613829632929,0.00084110047,0.348887662862738,0.2618760222645535,Moderate,14.089999541640282,45.429998859763145,45.429998859763145,71.80999848246574,0.14089999541640283,0.30286665906508764,0.15143332953254382,0.17952499620616436,0.3521575927734375,24.596063232421898,81.56108896422771,0.7471618424495905,399,2.0806901454925537,333.0156555175781,-2,0.1806594878435135,12,2026-10-06 03:30:00,2026-10-01 23:00:00,1.0
10.897282227867528,77.26599479459793,0.00063508895,0.3232396640725434,0.24258852029190753,Low,8.239999847486615,39.789999129250646,39.789999129250646,64.96999867260456,0.08239999847486615,0.26526666086167094,0.13263333043083547,0.1624249966815114,0.3091888427734375,24.060906982421898,89.56811297343054,1.0014063812227494,388,0.0,0.0,2,0.2281427383422851,12,2026-10-06 03:30:00,2026-10-01 23:00:00,1.0
10.897282227867528,77.31612078745178,0.00072100665,0.3232396640725434,0.24260999971690753,Low,8.239999847486615,39.789999129250646,39.789999129250646,64.96999867260456,0.08239999847486615,0.26526666086167094,0.13263333043083547,0.1624249966815114,0.3091888427734375,24.060906982421898,89.56811297343054,1.0014063812227494,383,1.3235328197479248,134.47872924804688,6,0.2200269103050232,12,2026-10-06 03:30:00,2026-10-01 23:00:00,1.0
10.897282227867528,77.36597728572042,0.0009772289,0.3232396640725434,0.24267405527940752,Low,8.239999847486615,39.789999129250646,39.789999129250646,64.96999867260456,0.08239999847486615,0.26526666086167094,0.13263333043083547,0.1624249966815114,0.3029937744140625,24.260125732421898,92.33082039283256,1.1086272085273243,363,2.1035096645355225,243.8497009277344,-9,0.5359547138214111,12,2026-10-06 03:30:00,2026-10-01 23:00:00,1.0
10.947408220721393,75.91609641715152,0.0037452658,0.4570516195239499,0.34372503109296243,Moderate,0.09999999403953552,131.57999812997878,141.85999784059823,142.85999781824648,0.0009999999403953552,0.8771999875331918,0.47286665946866074,0.3571499945456162,0.1973724365234375,24.314813232421898,95.91898861516654,1.2371221091671585,6,2.7802884578704834,180.0,5,0.6217013001441956,14,2026-10-06 03:30:00,2026-10-01 23:00:00,0.6579081217447917
10.947408220721393,75.96622241000537,0.027019491,0.4570516195239499,0.34954358739296243,Moderate,0.09999999403953552,131.57999812997878,141.85999784059823,142.85999781824648,0.0009999999403953552,0.8771999875331918,0.47286665946866074,0.3571499945456162,0.1973724365234375,24.314813232421898,95.91898861516654,1.2371221091671585,52,5.942513465881348,71.87842559814453,-4,0.7632984519004822,8,2026-10-06 03:30:00,2026-10-01 23:00:00,0.6579081217447917
10.947408220721393,76.01607890827404,0.04019313,0.31715995362562444,0.24791824771921833,Low,0.6599999852478504,71.02999836020172,83.30999824590981,83.68999825045466,0.006599999852478504,0.47353332240134477,0.2776999941530327,0.20922499562613667,0.1973724365234375,24.314813232421898,95.91898861516654,1.2371221091671585,46,6.64751672744751,97.98406982421876,-2,0.4402152895927429,14,2026-10-06 03:30:00,2026-10-01 23:00:00,0.6579081217447917
10.947408220721393,76.06620490112789,0.013628883,0.31715995362562444,0.24127718596921832,Low,0.6599999852478504,71.02999836020172,83.30999824590981,83.68999825045466,0.006599999852478504,0.47353332240134477,0.2776999941530327,0.20922499562613667,0.1973724365234375,24.314813232421898,95.91898861516654,1.2371221091671585,32,6.64751672744751,262.01593017578125,-8,0.4662691056728363,14,2026-10-06 03:30:00,2026-10-01 23:00:00,0.6579081217447917
10.947408220721393,76.11606139939653,0.06477179,0.39280699484739456,0.31079819363554595,Moderate,1.339999970048666,72.41999818570912,86.82999757118523,86.82999757118523,0.01339999970048666,0.48279998790472745,0.2894333252372841,0.2170749939279631,0.356353759765625,23.769891357421898,96.97282576864328,1.0418304330507109,122,6.590195655822754,45.52611923217773,-7,0.5555103421211243,14,2026-10-06 03:30:00,2026-10-01 23:00:00,1.0
10.947408220721393,76.16618739225038,0.02775034,0.39280699484739456,0.301542831135546,Moderate,1.339999970048666,72.41999818570912,86.82999757118523,86.82999757118523,0.01339999970048666,0.48279998790472745,0.2894333252372841,0.2170749939279631,0.356353759765625,23.769891357421898,96.97282576864328,1.0418304330507109,40,6.288849830627441,116.1464614868164,11,0.6778385043144226,8,2026-10-06 03:30:00,2026-10-01 23:00:00,1.0
10.947408220721393,76.21604389051902,0.35287613,0.392848329583928,0.382855279687946,Moderate,3.429999887943268,67.27999873459339,87.7099983356893,88.10999831184745,0.03429999887943268,0.44853332489728925,0.29236666111896437,0.22027499577961862,0.3826751708984375,23.474969482421898,97.54095952467245,0.8051882132971789,43,10.138872146606444,354.7098388671875,-7,0.5559035539627075,14,2026-10-06 03:30:00,2026-10-01 23:00:00,1.0
10.947408220721393,76.26616988337287,0.038914926,0.392848329583928,0.304364978687946,Moderate,3.429999887943268,67.27999873459339,87.7099983356893,88.10999831184745,0.03429999887943268,0.44853332489728925,0.29236666111896437,0.22027499577961862,0.3826751708984375,23.474969482421898,97.54095952467245,0.8051882132971789,93,7.048265933990479,203.58200073242188,2,0.815689742565155,8,2026-10-06 03:30:00,2026-10-01 23:00:00,1.0
10.947408220721393,76.3160263816415,0.041693863,0.6243429956629872,0.4786807124972404,Moderate,6.239999832585454,164.13999754562974,193.5599969290197,194.02999690920115,0.06239999832585454,1.0,0.645199989763399,0.4850749922730029,0.3761749267578125,23.598016357421898,96.75155022671936,0.7406037275018555,79,1.854334115982056,180.0,-1,0.4805697798728943,14,2026-10-06 03:30:00,2026-10-01 23:00:00,1.0
10.947408220721393,76.36615237449541,0.20417742,0.6013089925263697,0.5020260993947773,High,4.630000004544854,145.79999747686088,181.37999632768333,182.84999629296362,0.04630000004544854,0.9719999831790725,0.6045999877589444,0.4571249907324091,0.388916015625,23.510125732421898,96.55513810797132,0.8274647719433725,119,10.264626502990724,349.50836181640625,-25,0.7896494269371033,8,2026-10-06 03:30:00,2026-10-01 23:00:00,1.0
10.947408220721393,76.41600887276405,0.07112165,0.6013089925263697,0.4687621568947773,Moderate,4.630000004544854,145.79999747686088,181.37999632768333,182.84999629296362,0.04630000004544854,0.9719999831790725,0.6045999877589444,0.4571249907324091,0.388916015625,23.510125732421898,96.55513810797132,0.8274647719433725,67,5.649713516235352,90.0,17,0.8102283477783203,8,2026-10-06 03:30:00,2026-10-01 23:00:00,1.0
10.947408220721393,76.4661348656179,0.07317449,0.6013089925263697,0.4692753668947773,Moderate,4.630000004544854,145.79999747686088,181.37999632768333,182.84999629296362,0.04630000004544854,0.9719999831790725,0.6045999877589444,0.4571249907324091,0.42449951171875,22.398797607421898,96.9881582941305,0.8998346786815776,71,9.241899490356444,174.1842803955078,0,0.765975832939148,8,2026-10-06 03:30:00,2026-10-01 23:00:00,1.0
10.947408220721393,76.51599136388654,0.025550488,0.6013089925263697,0.45736936639477727,Moderate,4.630000004544854,145.79999747686088,181.37999632768333,182.84999629296362,0.04630000004544854,0.9719999831790725,0.6045999877589444,0.4571249907324091,0.42449951171875,22.398797607421898,96.9881582941305,0.8998346786815776,98,5.96044397354126,219.17413330078125,1,0.7602972984313965,14,2026-10-06 03:30:00,2026-10-01 23:00:00,1.0
10.947408220721393,76.56611735674039,0.9888142,0.39142099585017814,0.5407692968876336,High,3.8999998960644007,64.64999858103693,87.41999817453325,89.44999806396663,0.03899999896064401,0.4309999905402462,0.29139999391511084,0.22362499515991657,0.411102294921875,21.937860107421898,93.75472686903956,0.7605564544692386,666,36.0442008972168,224.6166229248047,-12,0.3155637383460998,8,2026-10-06 03:30:00,2026-10-01 23:00:00,1.0
10.947408220721393,76.61597385500903,0.9849604,0.39142099585017814,0.5398058468876336,High,3.8999998960644007,64.64999858103693,87.41999817453325,89.44999806396663,0.03899999896064401,0.4309999905402462,0.29139999391511084,0.22362499515991657,0.411102294921875,21.937860107421898,93.75472686903956,0.7605564544692386,1924,31.98641014099121,251.87843322753903,-94,0.4476974308490753,8,2026-10-06 03:30:00,2026-10-01 23:00:00,1.0
10.947408220721393,76.66609984786288,0.9149385,0.37664966348173723,0.5112218726113029,High,13.32999972999096,50.22999915108085,72.9699986986816,76.06999860331416,0.1332999972999096,0.33486666100720563,0.24323332899560532,0.1901749965082854,0.37921142578125,21.564813232421898,89.17506533401604,0.7015160805184362,1587,36.32095718383789,352.2662658691406,-75,0.8637382984161377,2,2026-10-06 03:30:00,2026-10-01 23:00:00,1.0
10.947408220721393,76.71622584071679,0.031523697,0.3183189969919622,0.24662017199397165,Low,14.459999591112137,28.589999355375767,42.9599989131093,49.06999873369932,0.14459999591112138,0.1905999957025051,0.143199996377031,0.1226749968342483,0.3116607666015625,22.875360107421898,82.99759486508765,0.6644060651695833,472,4.802335739135742,101.1092758178711,16,0.4559833109378814,9,2026-10-06 03:30:00,2026-10-01 23:00:00,1.0
10.947408220721393,76.76608233898543,0.0087175835,0.3183189969919622,0.24091864361897164,Low,14.459999591112137,28.589999355375767,42.9599989131093,49.06999873369932,0.14459999591112138,0.1905999957025051,0.143199996377031,0.1226749968342483,0.3116607666015625,22.875360107421898,82.99759486508765,0.6644060651695833,450,2.9358932971954346,341.2470397949219,-5,0.4926801919937134,14,2026-10-06 03:30:00,2026-10-01 23:00:00,1.0
10.947408220721393,76.81620833183928,0.0031580133,0.22022395779024811,0.1659574716676861,Low,11.409999620169401,18.51999951712787,26.299999149516225,34.99999891780317,0.11409999620169402,0.12346666344751914,0.08766666383172075,0.08749999729450791,0.2086639404296875,24.519891357421898,78.62696613682374,0.6987624200686552,463,5.465404987335205,239.4984741210937,9,0.3220934569835663,12,2026-10-06 03:30:00,2026-10-01 23:00:00,0.6955464680989584
10.947408220721393,76.86606483010792,0.0009990509,0.22022395779024811,0.1654177310676861,Low,11.409999620169401,18.51999951712787,26.299999149516225,34.99999891780317,0.11409999620169402,0.12346666344751914,0.08766666383172075,0.08749999729450791,0.2086639404296875,24.519891357421898,78.62696613682374,0.6987624200686552,462,1.854334115982056,0.0,9,0.2793481647968292,12,2026-10-06 03:30:00,2026-10-01 23:00:00,0.6955464680989584
10.947408220721393,76.91619082296177,0.0008378568,0.24040562383725,0.1805136820779375,Low,15.019999578595161,25.39999919012189,28.559999097138643,42.629998626187444,0.1501999957859516,0.16933332793414593,0.09519999699046214,0.10657499656546861,0.2086639404296875,24.519891357421898,78.62696613682374,0.6987624200686552,433,3.884927749633789,76.20935821533203,3,0.1536348015069961,12,2026-10-06 03:30:00,2026-10-01 23:00:00,0.6955464680989584
10.947408220721393,76.9660473212304,0.0047900476,0.24040562383725,0.1815017297779375,Low,15.019999578595161,25.39999919012189,28.559999097138643,42.629998626187444,0.1501999957859516,0.16933332793414593,0.09519999699046214,0.10657499656546861,0.2086639404296875,24.519891357421898,78.62696613682374,0.6987624200686552,399,7.283979415893555,50.71106719970703,14,0.1555197685956955,13,2026-10-06 03:30:00,2026-10-01 23:00:00,0.6955464680989584
10.947408220721393,77.01617331408426,0.0050561302,0.1940638840213418,0.14681194556600635,Low,8.209999674931169,15.299999482929707,16.429999466985464,35.75999916344881,0.08209999674931169,0.10199999655286471,0.05476666488995155,0.08939999790862202,0.1954498291015625,25.273797607421898,74.7710639697336,0.6756269331416976,412,4.721976280212402,348.4859924316406,-7,0.2917688190937042,10,2026-10-06 03:30:00,2026-10-01 23:00:00,0.6514994303385417
10.947408220721393,77.0660298123529,0.0016090301,0.1940638840213418,0.14595017054100637,Low,8.209999674931169,15.299999482929707,16.429999466985464,35.75999916344881,0.08209999674931169,0.10199999655286471,0.05476666488995155,0.08939999790862202,0.1954498291015625,25.273797607421898,74.7710639697336,0.6756269331416976,425,0.944597065448761,90.0,0,0.1825862824916839,10,2026-10-06 03:30:00,2026-10-01 23:00:00,0.6514994303385417
10.947408220721393,77.1161558052068,0.0016612973,0.25934721161158136,0.19492573303368602,Low,7.839999770745635,16.74999957345426,16.74999957345426,44.429998649284244,0.07839999770745636,0.11166666382302841,0.055833331911514204,0.1110749966232106,0.2852783203125,25.375360107421898,74.15972702292021,0.6208334326587868,421,7.46942138671875,149.7997283935547,4,0.2505267560482025,12,2026-10-06 03:30:00,2026-10-01 23:00:00,0.950927734375
10.947408220721393,77.16601230347544,0.0009502627,0.348887662862738,0.2619033128220535,Moderate,14.089999541640282,45.429998859763145,45.429998859763145,71.80999848246574,0.14089999541640283,0.30286665906508764,0.15143332953254382,0.17952499620616436,0.3521575927734375,24.596063232421898,81.56108896422771,0.7471618424495905,414,1.854334115982056,0.0,7,0.2812626659870147,12,2026-10-06 03:30:00,2026-10-01 23:00:00,1.0
10.947408220721393,77.21613829632929,0.00078631047,0.348887662862738,0.2618623247645535,Moderate,14.089999541640282,45.429998859763145,45.429998859763145,71.80999848246574,0.14089999541640283,0.30286665906508764,0.15143332953254382,0.17952499620616436,0.3521575927734375,24.596063232421898,81.56108896422771,0.7471618424495905,436,0.0,0.0,0,0.3088060617446899,12,2026-10-06 03:30:00,2026-10-01 23:00:00,1.0
10.947408220721393,77.26599479459793,0.00072720996,0.3232396640725434,0.24261155054440753,Low,8.239999847486615,39.789999129250646,39.789999129250646,64.96999867260456,0.08239999847486615,0.26526666086167094,0.13263333043083547,0.1624249966815114,0.3091888427734375,24.060906982421898,89.56811297343054,1.0014063812227494,414,1.323646903038025,134.473876953125,2,0.2118421047925949,12,2026-10-06 03:30:00,2026-10-01 23:00:00,1.0
10.947408220721393,77.31612078745178,0.0007532778,0.3232396640725434,0.24261806750440754,Low,8.239999847486615,39.789999129250646,39.789999129250646,64.96999867260456,0.08239999847486615,0.26526666086167094,0.13263333043083547,0.1624249966815114,0.3091888427734375,24.060906982421898,89.56811297343054,1.0014063812227494,410,0.9274099469184875,0.0,-2,0.2458527386188507,12,2026-10-06 03:30:00,2026-10-01 23:00:00,1.0
10.947408220721393,77.36597728572042,0.00084852293,0.3232396640725434,0.24264187878690754,Low,8.239999847486615,39.789999129250646,39.789999129250646,64.96999867260456,0.08239999847486615,0.26526666086167094,0.13263333043083547,0.1624249966815114,0.3029937744140625,24.260125732421898,92.33082039283256,1.1086272085273243,366,2.0807626247406006,153.01171875,6,0.636916995048523,12,2026-10-06 03:30:00,2026-10-01 23:00:00,1.0
10.997264718990031,75.91609641715152,0.03394423,0.3176122131403536,0.2466952173552652,Low,0.20999999344348907,58.03999935090542,65.11999923363328,65.34999923035502,0.0020999999344348905,0.3869333290060361,0.21706666411211092,0.16337499807588757,0.255767822265625,24.420281982421898,95.96726126049282,1.2096672596268443,15,9.865575790405272,130.66033935546875,-18,0.7224600911140442,14,2026-10-06 03:30:00,2026-10-01 23:00:00,0.8525594075520834
10.997264718990031,75.96622241000537,0.017146097,0.3176122131403536,0.2424956841052652,Low,0.20999999344348907,58.03999935090542,65.11999923363328,65.34999923035502,0.0020999999344348905,0.3869333290060361,0.21706666411211092,0.16337499807588757,0.255767822265625,24.420281982421898,95.96726126049282,1.2096672596268443,67,9.380727767944336,11.51590633392334,11,0.6436827182769775,14,2026-10-06 03:30:00,2026-10-01 23:00:00,0.8525594075520834
10.997264718990031,76.01607890827404,0.009670673,0.4526875384883335,0.3419333221162501,Moderate,0.7999999523162842,113.16999615170062,122.969995778054,122.969995778054,0.007999999523162842,0.7544666410113374,0.4098999859268467,0.307424989445135,0.255767822265625,24.420281982421898,95.96726126049282,1.2096672596268443,15,5.960841178894043,219.1788482666016,-12,0.6818683743476868,14,2026-10-06 03:30:00,2026-10-01 23:00:00,0.8525594075520834
10.997264718990031,76.06620490112789,0.058545884,0.4526875384883335,0.3541521248662501,Moderate,0.7999999523162842,113.16999615170062,122.969995778054,122.969995778054,0.007999999523162842,0.7544666410113374,0.4098999859268467,0.307424989445135,0.255767822265625,24.420281982421898,95.96726126049282,1.2096672596268443,111,5.856551170349121,341.2441101074219,1,0.5282415747642517,14,2026-10-06 03:30:00,2026-10-01 23:00:00,0.8525594075520834
10.997264718990031,76.11606139939653,0.32732898,0.5053896590777984,0.46087448930834884,Moderate,2.1999999545514584,120.06999706849456,132.9999966379255,133.02999663725495,0.021999999545514584,0.8004666471232971,0.44333332212641835,0.33257499159313736,0.3983612060546875,23.351922607421898,96.39117170964482,1.1726732763467878,57,13.122830390930176,277.9827575683594,-2,0.690654456615448,14,2026-10-06 03:30:00,2026-10-01 23:00:00,1.0
10.997264718990031,76.16618739225038,0.06785283,0.5053896590777984,0.39600545180834884,Moderate,2.1999999545514584,120.06999706849456,132.9999966379255,133.02999663725495,0.021999999545514584,0.8004666471232971,0.44333332212641835,0.33257499159313736,0.3983612060546875,23.351922607421898,96.39117170964482,1.1726732763467878,41,8.341287612915039,173.5421905517578,2,0.5844399333000183,14,2026-10-06 03:30:00,2026-10-01 23:00:00,1.0
10.997264718990031,76.21604389051902,0.26569524,0.6347589933041484,0.5424930549781113,High,3.5499999076128006,175.27999568730593,205.8299949914217,205.9899949915707,0.035499999076128004,1.0,0.686099983304739,0.5149749874789268,0.398681640625,23.658563232421898,95.36763751420628,0.9838214050089206,53,6.532375812530518,351.71990966796875,11,0.4879943430423736,14,2026-10-06 03:30:00,2026-10-01 23:00:00,1.0
10.997264718990031,76.26616988337287,0.17843194,0.6347589933041484,0.5206772299781113,High,3.5499999076128006,175.27999568730593,205.8299949914217,205.9899949915707,0.035499999076128004,1.0,0.686099983304739,0.5149749874789268,0.398681640625,23.658563232421898,95.36763751420628,0.9838214050089206,100,13.768797874450684,352.2649841308594,-5,0.7473747134208679,8,2026-10-06 03:30:00,2026-10-01 23:00:00,1.0
10.997264718990031,76.3160263816415,0.016097587,0.5975556563120337,0.45219113898402524,Moderate,6.209999803453684,139.29999591596425,181.77999569661915,182.24999567493796,0.062099998034536835,0.9286666394397617,0.6059333189887305,0.4556249891873449,0.4069671630859375,23.068719482421898,97.0030884998965,0.9397986427193268,70,2.646108865737915,314.46905517578125,3,0.828347384929657,8,2026-10-06 03:30:00,2026-10-01 23:00:00,1.0
10.997264718990031,76.36615237449541,0.017957548,0.5737989910846576,0.43483863031349324,Moderate,12.239999696612358,120.83999714255333,168.65999597124755,170.98999592475593,0.12239999696612358,0.8055999809503556,0.5621999865708251,0.4274749898118898,0.43206787109375,22.359735107421898,97.7764123693164,1.046929986261147,69,3.704791784286499,180.0,4,0.8209832906723022,8,2026-10-06 03:30:00,2026-10-01 23:00:00,1.0
10.997264718990031,76.41600887276405,0.027571253,0.5737989910846576,0.43724205656349324,Moderate,12.239999696612358,120.83999714255333,168.65999597124755,170.98999592475593,0.12239999696612358,0.8055999809503556,0.5621999865708251,0.4274749898118898,0.43206787109375,22.359735107421898,97.7764123693164,1.046929986261147,88,2.7802884578704834,180.0,1,0.4869603514671325,8,2026-10-06 03:30:00,2026-10-01 23:00:00,1.0
10.997264718990031,76.4661348656179,0.026733862,0.5737989910846576,0.4370327088134932,Moderate,12.239999696612358,120.83999714255333,168.65999597124755,170.98999592475593,0.12239999696612358,0.8055999809503556,0.5621999865708251,0.4274749898118898,0.4747772216796875,21.478875732421898,97.32885982982614,1.144297623323112,84,7.437779903411865,7.256896495819092,-1,0.492896169424057,14,2026-10-06 03:30:00,2026-10-01 23:00:00,1.0
10.997264718990031,76.51599136388654,0.041238416,0.5737989910846576,0.44065884731349325,Moderate,12.239999696612358,120.83999714255333,168.65999597124755,170.98999592475593,0.12239999696612358,0.8055999809503556,0.5621999865708251,0.4274749898118898,0.4747772216796875,21.478875732421898,97.32885982982614,1.144297623323112,96,3.77389931678772,270.0,-10,0.5454909801483154,14,2026-10-06 03:30:00,2026-10-01 23:00:00,1.0
10.997264718990031,76.56611735674039,0.039039385,0.3789043288068225,0.29393809285511685,Moderate,12.55999962799251,46.09999908134341,78.86999789997935,83.02999775484204,0.1255999962799251,0.30733332720895606,0.26289999299993116,0.2075749943871051,0.473907470703125,20.861688232421898,94.7199169576042,1.0310832996274393,120,2.9359443187713623,198.75588989257807,4,0.787104606628418,8,2026-10-06 03:30:00,2026-10-01 23:00:00,1.0
10.997264718990031,76.61597385500903,0.5678159,0.3789043288068225,0.4261322216051169,Moderate,12.55999962799251,46.09999908134341,78.86999789997935,83.02999775484204,0.1255999962799251,0.30733332720895606,0.26289999299993116,0.2075749943871051,0.473907470703125,20.861688232421898,94.7199169576042,1.0310832996274393,773,16.13494300842285,47.8194580078125,10,0.8404499292373657,2,2026-10-06 03:30:00,2026-10-01 23:00:00,1.0
10.997264718990031,76.66609984786288,0.33856052,0.716412992091477,0.6219498740686078,High,65.64999858289957,151.9099966660142,170.85999614745378,176.8499960154295,0.6564999858289957,1.0,0.5695333204915126,0.44212499003857375,0.4080657958984375,19.957391357421898,92.78741839076548,0.9736609959140956,988,23.370445251464844,107.43873596191406,10,0.8566650748252869,2,2026-10-06 03:30:00,2026-10-01 23:00:00,1.0
10.997264718990031,76.71622584071679,0.09281329,0.6127439906513319,0.48276131548849893,Moderate,57.439998706802726,118.1999973859638,128.6799970921129,137.6799967046827,0.5743999870680273,0.787999982573092,0.42893332364037634,0.3441999917617068,0.35791015625,20.217156982421898,89.16808533633852,0.9664405225937356,898,19.818418502807617,119.6102523803711,16,0.8174953460693359,2,2026-10-06 03:30:00,2026-10-01 23:00:00,1.0
10.997264718990031,76.76608233898543,0.004879373,0.6127439906513319,0.46077783623849894,Moderate,57.439998706802726,118.1999973859638,128.6799970921129,137.6799967046827,0.5743999870680273,0.787999982573092,0.42893332364037634,0.3441999917617068,0.35791015625,20.217156982421898,89.16808533633852,0.9664405225937356,499,4.156194686889648,206.9921875,-5,0.2784813642501831,12,2026-10-06 03:30:00,2026-10-01 23:00:00,1.0
10.997264718990031,76.81620833183928,0.0019028806,0.5197866586742923,0.39031571415571925,Moderate,66.879998318851,73.05999815650284,76.96999800391495,93.03999786637723,0.66879998318851,0.4870666543766856,0.25656666001304984,0.23259999466594308,0.3093109130859375,21.650750732421898,85.96125958704994,0.9658060354567112,470,2.104081392288208,116.14264678955078,-6,0.2088607549667358,14,2026-10-06 03:30:00,2026-10-01 23:00:00,1.0
10.997264718990031,76.86606483010792,0.0015414594,0.5197866586742923,0.39022535885571924,Moderate,66.879998318851,73.05999815650284,76.96999800391495,93.03999786637723,0.66879998318851,0.4870666543766856,0.25656666001304984,0.23259999466594308,0.3093109130859375,21.650750732421898,85.96125958704994,0.9658060354567112,449,2.646108865737915,45.53093719482422,-1,0.6825374960899353,14,2026-10-06 03:30:00,2026-10-01 23:00:00,1.0
10.997264718990031,76.91619082296177,0.0009406055,0.30882766498196873,0.23185590011147653,Low,20.62999974563718,22.719999672845006,23.459999652579427,49.129998901858926,0.2062999974563718,0.15146666448563337,0.07819999884193142,0.12282499725464731,0.3093109130859375,21.650750732421898,85.96125958704994,0.9658060354567112,421,3.359633207321167,325.8180847167969,3,0.3166609406471252,12,2026-10-06 03:30:00,2026-10-01 23:00:00,1.0
10.997264718990031,76.9660473212304,0.0009775097,0.30882766498196873,0.23186512616147653,Low,20.62999974563718,22.719999672845006,23.459999652579427,49.129998901858926,0.2062999974563718,0.15146666448563337,0.07819999884193142,0.12282499725464731,0.3093109130859375,21.650750732421898,85.96125958704994,0.9658060354567112,414,1.3237602710723877,314.46905517578125,3,0.0360536575317382,13,2026-10-06 03:30:00,2026-10-01 23:00:00,1.0
10.997264718990031,77.01617331408426,0.0011196694,0.15825888541856162,0.11897408141392123,Low,10.059999803081155,11.239999789744616,11.479999782517552,39.87999898381531,0.10059999803081154,0.07493333193163076,0.038266665941725175,0.09969999745953828,0.145538330078125,24.215203857421898,77.94094243030452,0.7646505789656184,393,0.9274099469184875,0.0,7,0.2490663826465606,13,2026-10-06 03:30:00,2026-10-01 23:00:00,0.48512776692708337
10.997264718990031,77.0660298123529,0.0024612152,0.15825888541856162,0.11930946786392121,Low,10.059999803081155,11.239999789744616,11.479999782517552,39.87999898381531,0.10059999803081154,0.07493333193163076,0.038266665941725175,0.09969999745953828,0.145538330078125,24.215203857421898,77.94094243030452,0.7646505789656184,379,3.3836100101470947,56.79829025268555,9,0.5295587182044983,14,2026-10-06 03:30:00,2026-10-01 23:00:00,0.48512776692708337
10.997264718990031,77.1161558052068,0.00063508895,0.225884833852388,0.169572397626791,Low,17.92999961040914,20.889999566599727,20.889999566599727,52.629999006167054,0.17929999610409142,0.13926666377733152,0.06963333188866576,0.13157499751541762,0.18707275390625,25.740594482421898,73.89112921729183,0.612190902548471,394,0.0,0.0,0,0.2058307975530624,12,2026-10-06 03:30:00,2026-10-01 23:00:00,0.6235758463541667
10.997264718990031,77.16601230347544,0.0008054341,0.26353264987214164,0.19785084592910623,Low,22.02999978326261,25.389999652281404,25.389999652281404,53.11999852396548,0.2202999978326261,0.16926666434854268,0.08463333217427134,0.13279999630991368,0.2182769775390625,25.416375732421898,78.45319412376655,0.6624611764183211,393,4.202503204345703,296.14263916015625,-13,0.20339035987854,12,2026-10-06 03:30:00,2026-10-01 23:00:00,0.7275899251302084
10.997264718990031,77.21613829632929,0.00066851085,0.26353264987214164,0.19781661511660623,Low,22.02999978326261,25.389999652281404,25.389999652281404,53.11999852396548,0.2202999978326261,0.16926666434854268,0.08463333217427134,0.13279999630991368,0.2182769775390625,25.416375732421898,78.45319412376655,0.6624611764183211,414,2.646108865737915,314.46905517578125,0,0.1573199480772018,12,2026-10-06 03:30:00,2026-10-01 23:00:00,0.7275899251302084
10.997264718990031,77.26599479459793,0.0006187892,0.22311523562595253,0.16749112401946442,Low,11.499999824911356,14.569999692961574,14.569999692961574,38.299999140203,0.11499999824911356,0.0971333312864105,0.04856666564320525,0.0957499978505075,0.23065185546875,24.680047607421898,86.14297446772129,0.814161511709487,382,2.646108865737915,134.46905517578125,6,0.1116891503334045,12,2026-10-06 03:30:00,2026-10-01 23:00:00,0.7688395182291667
10.997264718990031,77.31612078745178,0.0009718497,0.22311523562595253,0.1675793891444644,Low,11.499999824911356,14.569999692961574,14.569999692961574,38.299999140203,0.11499999824911356,0.0971333312864105,0.04856666564320525,0.0957499978505075,0.23065185546875,24.680047607421898,86.14297446772129,0.814161511709487,366,1.3237602710723877,314.46905517578125,4,0.2492054551839828,12,2026-10-06 03:30:00,2026-10-01 23:00:00,0.7688395182291667
10.997264718990031,77.36597728572042,0.00081647275,0.21979899213636916,0.16505336228977685,Low,11.499999824911356,14.569999692961574,14.569999692961574,38.299999140203,0.11499999824911356,0.0971333312864105,0.04856666564320525,0.0957499978505075,0.225677490234375,24.422235107421898,90.03130973650826,0.8978118461800684,384,2.104081392288208,116.14264678955078,7,0.3256882131099701,12,2026-10-06 03:30:00,2026-10-01 23:00:00,0.75225830078125
11.047390711843896,75.91609641715152,0.020831108,0.3176122131403536,0.2434169368552652,Low,0.20999999344348907,58.03999935090542,65.11999923363328,65.34999923035502,0.0020999999344348905,0.3869333290060361,0.21706666411211092,0.16337499807588757,0.255767822265625,24.420281982421898,95.96726126049282,1.2096672596268443,5,7.47005558013916,30.208728790283203,17,0.6558381915092468,14,2026-10-06 03:30:00,2026-10-01 23:00:00,0.8525594075520834
11.047390711843896,75.96622241000537,0.02552379,0.3176122131403536,0.2445901073552652,Low,0.20999999344348907,58.03999935090542,65.11999923363328,65.34999923035502,0.0020999999344348905,0.3869333290060361,0.21706666411211092,0.16337499807588757,0.255767822265625,24.420281982421898,95.96726126049282,1.2096672596268443,43,6.532398700714111,188.281494140625,-3,0.4570638537406921,14,2026-10-06 03:30:00,2026-10-01 23:00:00,0.8525594075520834
11.047390711843896,76.01607890827404,0.006839242,0.4526875384883335,0.3412254643662501,Moderate,0.7999999523162842,113.16999615170062,122.969995778054,122.969995778054,0.007999999523162842,0.7544666410113374,0.4098999859268467,0.307424989445135,0.255767822265625,24.420281982421898,95.96726126049282,1.2096672596268443,25,3.886167049407959,283.7861328125,-8,0.6670554876327515,14,2026-10-06 03:30:00,2026-10-01 23:00:00,0.8525594075520834
11.047390711843896,76.06620490112789,0.003147547,0.4526875384883335,0.3403025406162501,Moderate,0.7999999523162842,113.16999615170062,122.969995778054,122.969995778054,0.007999999523162842,0.7544666410113374,0.4098999859268467,0.307424989445135,0.255767822265625,24.420281982421898,95.96726126049282,1.2096672596268443,18,2.0809080600738525,26.99614143371582,13,0.6276289820671082,14,2026-10-06 03:30:00,2026-10-01 23:00:00,0.8525594075520834
11.047390711843896,76.11606139939653,0.2259611,0.5053896590777984,0.4355325193083488,Moderate,2.1999999545514584,120.06999706849456,132.9999966379255,133.02999663725495,0.021999999545514584,0.8004666471232971,0.44333332212641835,0.33257499159313736,0.3983612060546875,23.351922607421898,96.39117170964482,1.1726732763467878,66,12.298510551452637,206.9961395263672,14,0.5469993352890015,14,2026-10-06 03:30:00,2026-10-01 23:00:00,1.0
11.047390711843896,76.16618739225038,0.9115455,0.5053896590777984,0.6069286193083488,High,2.1999999545514584,120.06999706849456,132.9999966379255,133.02999663725495,0.021999999545514584,0.8004666471232971,0.44333332212641835,0.33257499159313736,0.3983612060546875,23.351922607421898,96.39117170964482,1.1726732763467878,157,22.17500686645508,256.2138671875,28,0.4203069806098938,14,2026-10-06 03:30:00,2026-10-01 23:00:00,1.0
11.047390711843896,76.21604389051902,0.023441324,0.6347589933041484,0.4819295759781113,Moderate,3.5499999076128006,175.27999568730593,205.8299949914217,205.9899949915707,0.035499999076128004,1.0,0.686099983304739,0.5149749874789268,0.398681640625,23.658563232421898,95.36763751420628,0.9838214050089206,51,2.1043710708618164,296.1387634277344,2,0.7048853635787964,8,2026-10-06 03:30:00,2026-10-01 23:00:00,1.0
11.047390711843896,76.26616988337287,0.075215615,0.6347589933041484,0.49487314872811133,Moderate,3.5499999076128006,175.27999568730593,205.8299949914217,205.9899949915707,0.035499999076128004,1.0,0.686099983304739,0.5149749874789268,0.398681640625,23.658563232421898,95.36763751420628,0.9838214050089206,59,5.626456737518311,350.3623352050781,5,0.8126338124275208,8,2026-10-06 03:30:00,2026-10-01 23:00:00,1.0
11.047390711843896,76.3160263816415,0.07420095,0.5975556563120337,0.46671697973402526,Moderate,6.209999803453684,139.29999591596425,181.77999569661915,182.24999567493796,0.062099998034536835,0.9286666394397617,0.6059333189887305,0.4556249891873449,0.4069671630859375,23.068719482421898,97.0030884998965,0.9397986427193268,73,11.593417167663574,18.758878707885746,17,0.8088614344596863,8,2026-10-06 03:30:00,2026-10-01 23:00:00,1.0
11.047390711843896,76.36615237449541,0.05810694,0.5737989910846576,0.44487597831349324,Moderate,12.239999696612358,120.83999714255333,168.65999597124755,170.98999592475593,0.12239999696612358,0.8055999809503556,0.5621999865708251,0.4274749898118898,0.43206787109375,22.359735107421898,97.7764123693164,1.046929986261147,62,8.269392013549805,153.0038604736328,11,0.7179489731788635,8,2026-10-06 03:30:00,2026-10-01 23:00:00,1.0
11.047390711843896,76.41600887276405,0.92914367,0.5737989910846576,0.6626351608134933,High,12.239999696612358,120.83999714255333,168.65999597124755,170.98999592475593,0.12239999696612358,0.8055999809503556,0.5621999865708251,0.4274749898118898,0.43206787109375,22.359735107421898,97.7764123693164,1.046929986261147,216,31.3977279663086,197.29266357421875,-20,0.7213930487632751,8,2026-10-06 03:30:00,2026-10-01 23:00:00,1.0
11.047390711843896,76.4661348656179,0.82499355,0.5737989910846576,0.6365976308134932,High,12.239999696612358,120.83999714255333,168.65999597124755,170.98999592475593,0.12239999696612358,0.8055999809503556,0.5621999865708251,0.4274749898118898,0.4747772216796875,21.478875732421898,97.32885982982614,1.144297623323112,382,8.34130573272705,186.4588928222656,-1,0.8011116981506348,8,2026-10-06 03:30:00,2026-10-01 23:00:00,1.0
11.047390711843896,76.51599136388654,0.6564099,0.5737989910846576,0.5944517183134932,High,12.239999696612358,120.83999714255333,168.65999597124755,170.98999592475593,0.12239999696612358,0.8055999809503556,0.5621999865708251,0.4274749898118898,0.4747772216796875,21.478875732421898,97.32885982982614,1.144297623323112,572,8.269392013549805,26.99614143371582,9,0.8247213959693909,2,2026-10-06 03:30:00,2026-10-01 23:00:00,1.0
11.047390711843896,76.56611735674039,0.81174034,0.3789043288068225,0.48711333160511683,Moderate,12.55999962799251,46.09999908134341,78.86999789997935,83.02999775484204,0.1255999962799251,0.30733332720895606,0.26289999299993116,0.2075749943871051,0.473907470703125,20.861688232421898,94.7199169576042,1.0310832996274393,552,10.47082233428955,344.4706420898437,-3,0.8616060018539429,8,2026-10-06 03:30:00,2026-10-01 23:00:00,1.0
11.047390711843896,76.61597385500903,0.25429943,0.3789043288068225,0.34775310410511684,Moderate,12.55999962799251,46.09999908134341,78.86999789997935,83.02999775484204,0.1255999962799251,0.30733332720895606,0.26289999299993116,0.2075749943871051,0.473907470703125,20.861688232421898,94.7199169576042,1.0310832996274393,780,9.988574028015137,214.1864776611328,8,0.8269244432449341,8,2026-10-06 03:30:00,2026-10-01 23:00:00,1.0
11.047390711843896,76.66609984786288,0.14321314,0.716412992091477,0.5731130290686077,High,65.64999858289957,151.9099966660142,170.85999614745378,176.8499960154295,0.6564999858289957,1.0,0.5695333204915126,0.44212499003857375,0.4080657958984375,19.957391357421898,92.78741839076548,0.9736609959140956,666,25.27071189880371,343.7692565917969,9,0.8039001226425171,2,2026-10-06 03:30:00,2026-10-01 23:00:00,1.0
11.047390711843896,76.71622584071679,0.10005737,0.6127439906513319,0.48457233548849893,Moderate,57.439998706802726,118.1999973859638,128.6799970921129,137.6799967046827,0.5743999870680273,0.787999982573092,0.42893332364037634,0.3441999917617068,0.35791015625,20.217156982421898,89.16808533633852,0.9664405225937356,1248,18.02652359008789,354.18231201171875,-65,0.8473173975944519,9,2026-10-06 03:30:00,2026-10-01 23:00:00,1.0
11.047390711843896,76.76608233898543,0.011224845,0.6127439906513319,0.46236420423849894,Moderate,57.439998706802726,118.1999973859638,128.6799970921129,137.6799967046827,0.5743999870680273,0.787999982573092,0.42893332364037634,0.3441999917617068,0.35791015625,20.217156982421898,89.16808533633852,0.9664405225937356,861,4.803896903991699,258.8944091796875,0,0.820237398147583,8,2026-10-06 03:30:00,2026-10-01 23:00:00,1.0
11.047390711843896,76.81620833183928,0.014578687,0.5197866586742923,0.3934846657557192,Moderate,66.879998318851,73.05999815650284,76.96999800391495,93.03999786637723,0.66879998318851,0.4870666543766856,0.25656666001304984,0.23259999466594308,0.3093109130859375,21.650750732421898,85.96125958704994,0.9658060354567112,1032,17.663118362426758,164.99050903320312,6,0.7507635354995728,9,2026-10-06 03:30:00,2026-10-01 23:00:00,1.0
11.047390711843896,76.86606483010792,0.0027874266,0.5197866586742923,0.39053685065571925,Moderate,66.879998318851,73.05999815650284,76.96999800391495,93.03999786637723,0.66879998318851,0.4870666543766856,0.25656666001304984,0.23259999466594308,0.3093109130859375,21.650750732421898,85.96125958704994,0.9658060354567112,532,5.062875270843506,68.5656509399414,12,0.5814244151115417,12,2026-10-06 03:30:00,2026-10-01 23:00:00,1.0
11.047390711843896,76.91619082296177,0.0008740932,0.30882766498196873,0.23183927203647653,Low,20.62999974563718,22.719999672845006,23.459999652579427,49.129998901858926,0.2062999974563718,0.15146666448563337,0.07819999884193142,0.12282499725464731,0.3093109130859375,21.650750732421898,85.96125958704994,0.9658060354567112,464,2.1043710708618164,116.1387710571289,-6,0.3168932497501373,12,2026-10-06 03:30:00,2026-10-01 23:00:00,1.0
11.047390711843896,76.9660473212304,0.0010574335,0.30882766498196873,0.23188510711147653,Low,20.62999974563718,22.719999672845006,23.459999652579427,49.129998901858926,0.2062999974563718,0.15146666448563337,0.07819999884193142,0.12282499725464731,0.3093109130859375,21.650750732421898,85.96125958704994,0.9658060354567112,428,2.1043710708618164,63.86122894287109,8,0.2037992477416992,13,2026-10-06 03:30:00,2026-10-01 23:00:00,1.0
11.047390711843896,77.01617331408426,0.00091560197,0.15825888541856162,0.11892306455642122,Low,10.059999803081155,11.239999789744616,11.479999782517552,39.87999898381531,0.10059999803081154,0.07493333193163076,0.038266665941725175,0.09969999745953828,0.145538330078125,24.215203857421898,77.94094243030452,0.7646505789656184,423,2.1043710708618164,63.86122894287109,-2,0.1813845485448837,13,2026-10-06 03:30:00,2026-10-01 23:00:00,0.48512776692708337
11.047390711843896,77.0660298123529,0.000649273,0.15825888541856162,0.11885648231392122,Low,10.059999803081155,11.239999789744616,11.479999782517552,39.87999898381531,0.10059999803081154,0.07493333193163076,0.038266665941725175,0.09969999745953828,0.145538330078125,24.215203857421898,77.94094243030452,0.7646505789656184,388,3.965987205505371,314.46417236328125,6,0.0645163878798484,12,2026-10-06 03:30:00,2026-10-01 23:00:00,0.48512776692708337
11.047390711843896,77.1161558052068,0.0017952935,0.225884833852388,0.169862448764291,Low,17.92999961040914,20.889999566599727,20.889999566599727,52.629999006167054,0.17929999610409142,0.13926666377733152,0.06963333188866576,0.13157499751541762,0.18707275390625,25.740594482421898,73.89112921729183,0.612190902548471,360,2.935996055603028,161.24111938476562,16,0.3095811605453491,12,2026-10-06 03:30:00,2026-10-01 23:00:00,0.6235758463541667
11.047390711843896,77.16601230347544,0.003495794,0.26353264987214164,0.19852343590410623,Low,22.02999978326261,25.389999652281404,25.389999652281404,53.11999852396548,0.2202999978326261,0.16926666434854268,0.08463333217427134,0.13279999630991368,0.2182769775390625,25.416375732421898,78.45319412376655,0.6624611764183211,357,3.965987205505371,314.46417236328125,18,0.1421948224306106,12,2026-10-06 03:30:00,2026-10-01 23:00:00,0.7275899251302084
11.047390711843896,77.21613829632929,0.00063203025,0.26353264987214164,0.19780749496660624,Low,22.02999978326261,25.389999652281404,25.389999652281404,53.11999852396548,0.2202999978326261,0.16926666434854268,0.08463333217427134,0.13279999630991368,0.2182769775390625,25.416375732421898,78.45319412376655,0.6624611764183211,368,4.203079700469971,296.1387634277344,-7,0.1321873366832733,12,2026-10-06 03:30:00,2026-10-01 23:00:00,0.7275899251302084
11.047390711843896,77.26599479459793,0.0021670917,0.22311523562595253,0.1678781996444644,Low,11.499999824911356,14.569999692961574,14.569999692961574,38.299999140203,0.11499999824911356,0.0971333312864105,0.04856666564320525,0.0957499978505075,0.23065185546875,24.680047607421898,86.14297446772129,0.814161511709487,362,2.0809080600738525,333.0038452148437,3,0.2426029443740844,10,2026-10-06 03:30:00,2026-10-01 23:00:00,0.7688395182291667
11.047390711843896,77.31612078745178,0.0010658447,0.22311523562595253,0.16760288789446443,Low,11.499999824911356,14.569999692961574,14.569999692961574,38.299999140203,0.11499999824911356,0.0971333312864105,0.04856666564320525,0.0957499978505075,0.23065185546875,24.680047607421898,86.14297446772129,0.814161511709487,336,2.980180263519287,108.11582946777344,4,0.2651853263378143,13,2026-10-06 03:30:00,2026-10-01 23:00:00,0.7688395182291667
11.047390711843896,77.36597728572042,0.00076753483,0.21979899213636916,0.16504112780977687,Low,11.499999824911356,14.569999692961574,14.569999692961574,38.299999140203,0.11499999824911356,0.0971333312864105,0.04856666564320525,0.0957499978505075,0.225677490234375,24.422235107421898,90.03130973650826,0.8978118461800684,343,2.935996055603028,198.7588806152344,-3,0.1883179694414138,12,2026-10-06 03:30:00,2026-10-01 23:00:00,0.75225830078125
11.097247210112537,75.816113926029,0.0010139897,0.21495862980019304,0.16147246977514476,Low,0.0,52.91999929398298,53.79999926313758,53.9799992647022,0.0,0.35279999529321987,0.17933333087712527,0.1349499981617555,0.132720947265625,24.736688232421898,96.42776859806864,1.268681608830157,0,0.0,0.0,0,-0.2528096437454223,17,2026-10-06 03:30:00,2026-10-01 23:00:00,0.44240315755208337
11.097247210112537,75.91609641715152,0.0057003046,0.3471003316299369,0.26175032487245264,Moderate,0.20999999344348907,58.03999935090542,65.11999923363328,65.34999923035502,0.0020999999344348905,0.3869333290060361,0.21706666411211092,0.16337499807588757,0.3025360107421875,24.146844482421898,96.86720638006526,1.2362850403327066,36,2.833179473876953,270.0,-3,0.6442633867263794,14,2026-10-06 03:30:00,2026-10-01 23:00:00,1.0
11.097247210112537,75.96622241000537,0.01106657,0.3471003316299369,0.2630918912224527,Moderate,0.20999999344348907,58.03999935090542,65.11999923363328,65.34999923035502,0.0020999999344348905,0.3869333290060361,0.21706666411211092,0.16337499807588757,0.3025360107421875,24.146844482421898,96.86720638006526,1.2362850403327066,100,2.9806365966796875,251.8870391845703,1,0.2563603222370147,14,2026-10-06 03:30:00,2026-10-01 23:00:00,1.0
11.097247210112537,76.01607890827404,0.56681305,0.4821756569779168,0.5033350052334377,High,0.7999999523162842,113.16999615170062,122.969995778054,122.969995778054,0.007999999523162842,0.7544666410113374,0.4098999859268467,0.307424989445135,0.3025360107421875,24.146844482421898,96.86720638006526,1.2362850403327066,206,17.070472717285156,212.4934234619141,27,0.3220973908901214,14,2026-10-06 03:30:00,2026-10-01 23:00:00,1.0
11.097247210112537,76.06620490112789,0.015979242,0.4821756569779168,0.3656265532334376,Moderate,0.7999999523162842,113.16999615170062,122.969995778054,122.969995778054,0.007999999523162842,0.7544666410113374,0.4098999859268467,0.307424989445135,0.3025360107421875,24.146844482421898,96.86720638006526,1.2362850403327066,42,7.738128185272217,103.7838897705078,3,0.6503267288208008,14,2026-10-06 03:30:00,2026-10-01 23:00:00,1.0
11.097247210112537,76.11606139939653,0.029747175,0.5053896590777984,0.3864790380583488,Moderate,2.1999999545514584,120.06999706849456,132.9999966379255,133.02999663725495,0.021999999545514584,0.8004666471232971,0.44333332212641835,0.33257499159313736,0.39300537109375,23.267938232421898,96.92712606960812,1.1690105319816502,46,3.359993696212769,214.1909942626953,-6,0.4694498479366302,14,2026-10-06 03:30:00,2026-10-01 23:00:00,1.0
11.097247210112537,76.16618739225038,0.01684346,0.5053896590777984,0.3832531093083488,Moderate,2.1999999545514584,120.06999706849456,132.9999966379255,133.02999663725495,0.021999999545514584,0.8004666471232971,0.44333332212641835,0.33257499159313736,0.39300537109375,23.267938232421898,96.92712606960812,1.1690105319816502,20,1.323989987373352,134.4593048095703,7,0.7587103247642517,14,2026-10-06 03:30:00,2026-10-01 23:00:00,1.0
11.097247210112537,76.21604389051902,0.058175266,0.6347589933041484,0.49061306147811135,Moderate,3.5499999076128006,175.27999568730593,205.8299949914217,205.9899949915707,0.035499999076128004,1.0,0.686099983304739,0.5149749874789268,0.4127655029296875,22.791375732421898,96.9508216475614,1.108433517220818,50,5.419403076171875,211.44297790527344,-8,0.4326310455799103,14,2026-10-06 03:30:00,2026-10-01 23:00:00,1.0
11.097247210112537,76.26616988337287,0.019170754,0.6347589933041484,0.4808619334781113,Moderate,3.5499999076128006,175.27999568730593,205.8299949914217,205.9899949915707,0.035499999076128004,1.0,0.686099983304739,0.5149749874789268,0.4127655029296875,22.791375732421898,96.9508216475614,1.108433517220818,56,5.62648344039917,9.639267921447754,-6,0.8187451362609863,8,2026-10-06 03:30:00,2026-10-01 23:00:00,1.0
11.097247210112537,76.3160263816415,0.03688082,0.5975556563120337,0.45738694723402523,Moderate,6.209999803453684,139.29999591596425,181.77999569661915,182.24999567493796,0.062099998034536835,0.9286666394397617,0.6059333189887305,0.4556249891873449,0.451812744140625,22.060906982421898,97.52661107570331,1.109969436714916,72,6.745377063751221,303.1927795410156,-1,0.7879655957221985,8,2026-10-06 03:30:00,2026-10-01 23:00:00,1.0
11.097247210112537,76.36615237449541,0.97730905,0.5737989910846576,0.6746765058134933,High,12.239999696612358,120.83999714255333,168.65999597124755,170.98999592475593,0.12239999696612358,0.8055999809503556,0.5621999865708251,0.4274749898118898,0.471832275390625,20.066766357421898,97.34768442731198,1.2415884302442295,566,20.7126407623291,349.95001220703125,-17,0.683634877204895,8,2026-10-06 03:30:00,2026-10-01 23:00:00,1.0
11.097247210112537,76.41600887276405,0.99414486,0.5737989910846576,0.6788854583134932,High,12.239999696612358,120.83999714255333,168.65999597124755,170.98999592475593,0.12239999696612358,0.8055999809503556,0.5621999865708251,0.4274749898118898,0.471832275390625,20.066766357421898,97.34768442731198,1.2415884302442295,810,44.67425155639648,182.86911010742188,41,0.8214956521987915,8,2026-10-06 03:30:00,2026-10-01 23:00:00,1.0
11.097247210112537,76.4661348656179,0.9869812,0.5737989910846576,0.6770945433134932,High,12.239999696612358,120.83999714255333,168.65999597124755,170.98999592475593,0.12239999696612358,0.8055999809503556,0.5621999865708251,0.4274749898118898,0.489105224609375,18.191766357421898,97.93413935457626,1.3667154534141286,1154,32.40583038330078,174.033203125,14,0.8823893666267395,2,2026-10-06 03:30:00,2026-10-01 23:00:00,1.0
11.097247210112537,76.51599136388654,0.95587367,0.5737989910846576,0.6693176608134932,High,12.239999696612358,120.83999714255333,168.65999597124755,170.98999592475593,0.12239999696612358,0.8055999809503556,0.5621999865708251,0.4274749898118898,0.489105224609375,18.191766357421898,97.93413935457626,1.3667154534141286,844,26.61264610290528,58.873138427734375,10,0.5564903020858765,2,2026-10-06 03:30:00,2026-10-01 23:00:00,1.0
11.097247210112537,76.56611735674039,0.88300544,0.3789043288068225,0.5049296066051169,High,12.55999962799251,46.09999908134341,78.86999789997935,83.02999775484204,0.1255999962799251,0.30733332720895606,0.26289999299993116,0.2075749943871051,0.420379638671875,19.525750732421898,96.09943021559177,1.2533472857967187,901,17.93729591369629,75.52042388916016,2,0.764129638671875,8,2026-10-06 03:30:00,2026-10-01 23:00:00,1.0
11.097247210112537,76.61597385500903,0.145565,0.3789043288068225,0.32056949660511685,Moderate,12.55999962799251,46.09999908134341,78.86999789997935,83.02999775484204,0.1255999962799251,0.30733332720895606,0.26289999299993116,0.2075749943871051,0.420379638671875,19.525750732421898,96.09943021559177,1.2533472857967187,677,13.00428867340088,270.0,-26,0.7524408102035522,14,2026-10-06 03:30:00,2026-10-01 23:00:00,1.0
11.097247210112537,76.66609984786288,0.19024529,0.716412992091477,0.5848710665686078,High,65.64999858289957,151.9099966660142,170.85999614745378,176.8499960154295,0.6564999858289957,1.0,0.5695333204915126,0.44212499003857375,0.4392852783203125,20.592156982421898,94.70938830208712,1.233965021131918,690,24.90998077392578,247.45343017578125,-15,0.7741039991378784,14,2026-10-06 03:30:00,2026-10-01 23:00:00,1.0
11.097247210112537,76.71622584071679,0.084675185,0.6127439906513319,0.48072678923849893,Moderate,57.439998706802726,118.1999973859638,128.6799970921129,137.6799967046827,0.5743999870680273,0.787999982573092,0.42893332364037634,0.3441999917617068,0.393280029296875,20.818719482421898,91.84671958999692,1.290592158938774,862,18.13444709777832,171.30914306640625,-16,0.4717539250850677,8,2026-10-06 03:30:00,2026-10-01 23:00:00,1.0
11.097247210112537,76.76608233898543,0.021815,0.6127439906513319,0.4650117429884989,Moderate,57.439998706802726,118.1999973859638,128.6799970921129,137.6799967046827,0.5743999870680273,0.787999982573092,0.42893332364037634,0.3441999917617068,0.393280029296875,20.818719482421898,91.84671958999692,1.290592158938774,656,6.532421588897705,351.71710205078125,4,0.7256800532341003,8,2026-10-06 03:30:00,2026-10-01 23:00:00,1.0
11.097247210112537,76.81620833183928,0.0833911,0.5197866586742923,0.41068776900571924,Moderate,66.879998318851,73.05999815650284,76.96999800391495,93.03999786637723,0.66879998318851,0.4870666543766856,0.25656666001304984,0.23259999466594308,0.32440185546875,21.635125732421898,88.57739660532009,1.1203583390581555,1178,47.41656112670898,132.02503967285156,28,0.3256793320178985,9,2026-10-06 03:30:00,2026-10-01 23:00:00,1.0
11.097247210112537,76.86606483010792,0.0012782807,0.5197866586742923,0.39015956418071923,Moderate,66.879998318851,73.05999815650284,76.96999800391495,93.03999786637723,0.66879998318851,0.4870666543766856,0.25656666001304984,0.23259999466594308,0.32440185546875,21.635125732421898,88.57739660532009,1.1203583390581555,551,1.854334115982056,180.0,1,0.5770342350006104,12,2026-10-06 03:30:00,2026-10-01 23:00:00,1.0
11.097247210112537,76.91619082296177,0.0016529835,0.30882766498196873,0.23203399461147653,Low,20.62999974563718,22.719999672845006,23.459999652579427,49.129998901858926,0.2062999974563718,0.15146666448563337,0.07819999884193142,0.12282499725464731,0.32440185546875,21.635125732421898,88.57739660532009,1.1203583390581555,482,0.0,0.0,-1,0.274200826883316,10,2026-10-06 03:30:00,2026-10-01 23:00:00,1.0
11.097247210112537,76.9660473212304,0.0009254264,0.30882766498196873,0.23185210533647654,Low,20.62999974563718,22.719999672845006,23.459999652579427,49.129998901858926,0.2062999974563718,0.15146666448563337,0.07819999884193142,0.12282499725464731,0.32440185546875,21.635125732421898,88.57739660532009,1.1203583390581555,433,2.0809807777404785,207.0000762939453,6,0.3474910855293274,12,2026-10-06 03:30:00,2026-10-01 23:00:00,1.0
11.097247210112537,77.01617331408426,0.001275345,0.15837078320501993,0.11909692365376494,Low,10.059999803081155,11.239999789744616,11.479999782517552,39.87999898381531,0.10059999803081154,0.07493333193163076,0.038266665941725175,0.09969999745953828,0.1457061767578125,23.574578857421898,80.61059978580828,0.8952254827063241,426,1.323989987373352,134.4593048095703,-2,0.2624471485614776,13,2026-10-06 03:30:00,2026-10-01 23:00:00,0.485687255859375
11.097247210112537,77.0660298123529,0.0006479062,0.15837078320501993,0.11894006395376494,Low,10.059999803081155,11.239999789744616,11.479999782517552,39.87999898381531,0.10059999803081154,0.07493333193163076,0.038266665941725175,0.09969999745953828,0.1457061767578125,23.574578857421898,80.61059978580828,0.8952254827063241,395,0.945077896118164,90.0,1,0.0922478437423706,12,2026-10-06 03:30:00,2026-10-01 23:00:00,0.485687255859375
11.097247210112537,77.1161558052068,0.00079238584,0.20306785794092966,0.15249898991569724,Low,17.92999961040914,20.889999566599727,20.889999566599727,52.629999006167054,0.17929999610409142,0.13926666377733152,0.06963333188866576,0.13157499751541762,0.1528472900390625,24.558953857421898,76.7223449140276,0.7250025089153489,393,1.323989987373352,45.54069900512695,-4,0.1927809119224548,12,2026-10-06 03:30:00,2026-10-01 23:00:00,0.509490966796875
11.097247210112537,77.16601230347544,0.00082475005,0.23935255547109993,0.17972060411582497,Low,22.02999978326261,25.389999652281404,25.389999652281404,53.11999852396548,0.2202999978326261,0.16926666434854268,0.08463333217427134,0.13279999630991368,0.1820068359375,24.812860107421898,79.77166588754876,0.6725002393401693,354,2.0809807777404785,332.9999084472656,-2,0.1699593812227249,12,2026-10-06 03:30:00,2026-10-01 23:00:00,0.606689453125
11.097247210112537,77.21613829632929,0.0013000799,0.23935255547109993,0.17983943657832496,Low,22.02999978326261,25.389999652281404,25.389999652281404,53.11999852396548,0.2202999978326261,0.16926666434854268,0.08463333217427134,0.13279999630991368,0.1820068359375,24.812860107421898,79.77166588754876,0.6725002393401693,334,4.715144634246826,90.0,2,0.5273192524909973,12,2026-10-06 03:30:00,2026-10-01 23:00:00,0.606689453125
11.097247210112537,77.26599479459793,0.00066430075,0.1852124035947025,0.1390753778835269,Low,11.499999824911356,14.569999692961574,14.569999692961574,38.299999140203,0.11499999824911356,0.0971333312864105,0.04856666564320525,0.0957499978505075,0.173797607421875,25.101922607421898,83.5530614330215,0.6900995566235607,322,2.104658842086792,116.13492584228516,-1,0.2137070745229721,12,2026-10-06 03:30:00,2026-10-01 23:00:00,0.5793253580729167
11.097247210112537,77.31612078745178,0.00076798955,0.1852124035947025,0.1391013000835269,Low,11.499999824911356,14.569999692961574,14.569999692961574,38.299999140203,0.11499999824911356,0.0971333312864105,0.04856666564320525,0.0957499978505075,0.173797607421875,25.101922607421898,83.5530614330215,0.6900995566235607,309,2.9806365966796875,108.11295318603516,-6,0.0519090890884399,13,2026-10-06 03:30:00,2026-10-01 23:00:00,0.5793253580729167
11.097247210112537,77.36597728572042,0.0019521455,0.18647379682386916,0.14034338399290186,Low,11.499999824911356,14.569999692961574,14.569999692961574,38.299999140203,0.11499999824911356,0.0971333312864105,0.04856666564320525,0.0957499978505075,0.175689697265625,25.060906982421898,86.40470006802673,0.7265829399021775,295,0.945077896118164,270.0,-2,0.314187616109848,13,2026-10-06 03:30:00,2026-10-01 23:00:00,0.58563232421875
11.1473732029664,75.816113926029,0.0031760552,0.2198609726076946,0.16568974325577096,Low,0.0,51.44999888539314,51.709998873993754,51.709998873993754,0.0,0.3429999925692876,0.1723666629133125,0.1292749971849844,0.146636962890625,24.646844482421898,94.69743669046493,1.2384489771825145,11,1.3241063356399536,225.545639038086,7,0.3940717577934265,8,2026-10-06 03:30:00,2026-10-01 23:00:00,0.48878987630208337
11.1473732029664,75.91609641715152,0.021183867,0.34241933339306463,0.26211046679479844,Moderate,0.07000000029802322,58.19000011309981,61.69999995268881,61.69999995268881,0.0007000000029802323,0.3879333340873321,0.2056666665089627,0.15424999988172203,0.3446044921875,23.797235107421898,96.84768836941606,1.2101704769491897,51,3.887418270111084,283.7816162109375,-2,0.4387222826480865,14,2026-10-06 03:30:00,2026-10-01 23:00:00,1.0
11.1473732029664,75.96622241000537,0.40453628,0.34241933339306463,0.35794857004479846,Moderate,0.07000000029802322,58.19000011309981,61.69999995268881,61.69999995268881,0.0007000000029802323,0.3879333340873321,0.2056666665089627,0.15424999988172203,0.3446044921875,23.797235107421898,96.84768836941606,1.2101704769491897,46,14.693339347839355,202.18032836914065,-5,0.4868768751621246,14,2026-10-06 03:30:00,2026-10-01 23:00:00,1.0
11.1473732029664,76.01607890827404,0.015403603,0.4764316590783497,0.3611746450587623,Moderate,0.27999999932944775,113.43999679759145,119.12999679148197,119.12999679148197,0.0027999999932944775,0.7562666453172763,0.3970999893049399,0.29782499197870493,0.3446044921875,23.797235107421898,96.84768836941606,1.2101704769491897,49,1.889967560768128,270.0,3,0.5275436639785767,14,2026-10-06 03:30:00,2026-10-01 23:00:00,1.0
11.1473732029664,76.06620490112789,0.008681639,0.4764316590783497,0.3594941540587623,Moderate,0.27999999932944775,113.43999679759145,119.12999679148197,119.12999679148197,0.0027999999932944775,0.7562666453172763,0.3970999893049399,0.29782499197870493,0.3446044921875,23.797235107421898,96.84768836941606,1.2101704769491897,42,3.822825193405152,194.29519653320312,-6,0.6565975546836853,14,2026-10-06 03:30:00,2026-10-01 23:00:00,1.0
11.1473732029664,76.11606139939653,0.10027417,0.285343664376686,0.23907629078251452,Low,1.529999976977706,31.089999176561832,37.36999896168709,38.449998930096626,0.01529999976977706,0.20726666117707887,0.12456666320562362,0.09612499732524156,0.397674560546875,22.974969482421898,96.6102968914422,1.1473388511321685,52,8.28909969329834,180.0,8,0.6480082869529724,14,2026-10-06 03:30:00,2026-10-01 23:00:00,1.0
11.1473732029664,76.16618739225038,0.06883535,0.285343664376686,0.2312165857825145,Low,1.529999976977706,31.089999176561832,37.36999896168709,38.449998930096626,0.01529999976977706,0.20726666117707887,0.12456666320562362,0.09612499732524156,0.397674560546875,22.974969482421898,96.6102968914422,1.1473388511321685,73,11.593816757202148,18.76485252380371,6,0.7857383489608765,8,2026-10-06 03:30:00,2026-10-01 23:00:00,1.0
11.1473732029664,76.21604389051902,0.026407769,0.4409126623480892,0.33728643901106686,Moderate,1.8499999344348907,86.82999857142568,110.67999796755612,112.09999792464077,0.018499999344348907,0.5788666571428378,0.3689333265585204,0.28024999481160195,0.413482666015625,22.787469482421898,97.14679343997037,1.112017128173797,38,2.0810546875,332.99591064453125,4,0.7390311360359192,8,2026-10-06 03:30:00,2026-10-01 23:00:00,1.0
11.1473732029664,76.26616988337287,0.026320081,0.4409126623480892,0.33726451701106686,Moderate,1.8499999344348907,86.82999857142568,110.67999796755612,112.09999792464077,0.018499999344348907,0.5788666571428378,0.3689333265585204,0.28024999481160195,0.413482666015625,22.787469482421898,97.14679343997037,1.112017128173797,42,1.3241063356399536,45.54563903808594,10,0.7394892573356628,8,2026-10-06 03:30:00,2026-10-01 23:00:00,1.0
11.1473732029664,76.3160263816415,0.031613402,0.45982899446108694,0.3527750963458152,Moderate,5.259999858215451,87.62999830581248,118.98999735154212,121.2899973411113,0.052599998582154514,0.5841999887054166,0.3966333245051404,0.30322499335277825,0.47137451171875,21.683953857421898,97.9057059051936,0.9988199366269152,64,6.839692115783691,74.34056091308594,-4,0.8538565635681152,8,2026-10-06 03:30:00,2026-10-01 23:00:00,1.0
11.1473732029664,76.36615237449541,0.073790595,0.5439943255913755,0.4264433929435316,Moderate,29.53999932669103,95.32999767921865,138.67999704182148,144.56999689340591,0.2953999932669103,0.6355333178614576,0.4622666568060716,0.36142499223351476,0.4702606201171875,18.994500732421898,97.79121853333127,1.0956513331583293,97,5.468154430389404,300.4844665527344,4,0.7795227766036987,8,2026-10-06 03:30:00,2026-10-01 23:00:00,1.0
11.1473732029664,76.41600887276405,0.4842114,0.5439943255913755,0.5290485941935317,High,29.53999932669103,95.32999767921865,138.67999704182148,144.56999689340591,0.2953999932669103,0.6355333178614576,0.4622666568060716,0.36142499223351476,0.4702606201171875,18.994500732421898,97.79121853333127,1.0956513331583293,973,8.4960298538208,12.761919021606444,-3,0.8419904112815857,2,2026-10-06 03:30:00,2026-10-01 23:00:00,1.0
11.1473732029664,76.4661348656179,0.87522244,0.5439943255913755,0.6268013541935317,High,29.53999932669103,95.32999767921865,138.67999704182148,144.56999689340591,0.2953999932669103,0.6355333178614576,0.4622666568060716,0.36142499223351476,0.41766357421875,15.506219482421898,97.47457427694836,1.1897293908609334,1768,8.801363945007324,301.5169677734375,18,0.8340003490447998,2,2026-10-06 03:30:00,2026-10-01 23:00:00,1.0
11.1473732029664,76.51599136388654,0.9831766,0.5439943255913755,0.6537898941935316,High,29.53999932669103,95.32999767921865,138.67999704182148,144.56999689340591,0.2953999932669103,0.6355333178614576,0.4622666568060716,0.36142499223351476,0.41766357421875,15.506219482421898,97.47457427694836,1.1897293908609334,1399,39.712379455566406,116.63229370117188,-40,0.3645983636379242,8,2026-10-06 03:30:00,2026-10-01 23:00:00,1.0
11.1473732029664,76.56611735674039,0.98583513,0.46523232618700716,0.5953830271402554,High,16.909999426454306,75.10999800637364,112.99999707005918,121.78999694250524,0.16909999426454306,0.5007333200424909,0.3766666569001973,0.3044749923562631,0.396392822265625,17.043328857421898,96.2291211970246,1.0423933115317523,1658,29.22400665283203,113.89775848388672,-22,0.6125595569610596,8,2026-10-06 03:30:00,2026-10-01 23:00:00,1.0
11.1473732029664,76.61597385500903,0.36592826,0.46523232618700716,0.4404063096402554,Moderate,16.909999426454306,75.10999800637364,112.99999707005918,121.78999694250524,0.16909999426454306,0.5007333200424909,0.3766666569001973,0.3044749923562631,0.396392822265625,17.043328857421898,96.2291211970246,1.0423933115317523,693,15.710535049438477,110.19982147216795,36,0.5371590256690979,8,2026-10-06 03:30:00,2026-10-01 23:00:00,1.0
11.1473732029664,76.66609984786288,0.11620085,0.6477129902529841,0.5148349551897381,High,55.31999872624874,128.0699974745512,149.74999668449163,161.32999629341066,0.5531999872624874,0.8537999831636747,0.4991666556149721,0.4033249907335266,0.3853912353515625,20.445672607421898,94.54292323231218,0.9256518915604104,520,28.25519371032715,307.04248046875,18,0.5995749235153198,14,2026-10-06 03:30:00,2026-10-01 23:00:00,1.0
11.1473732029664,76.71622584071679,0.0051377076,0.6842199873602639,0.5144494174201979,High,67.81999839656055,139.8599961232394,148.76999605447054,160.75999571755528,0.6781999839656055,0.9323999741549294,0.4958999868482351,0.4018999892938882,0.409149169921875,22.326531982421898,91.82520054421455,1.0629472336671653,514,5.0643696784973145,68.57231903076172,-3,0.6565590500831604,12,2026-10-06 03:30:00,2026-10-01 23:00:00,1.0
11.1473732029664,76.76608233898543,0.004580467,0.6842199873602639,0.5143101072701979,High,67.81999839656055,139.8599961232394,148.76999605447054,160.75999571755528,0.6781999839656055,0.9323999741549294,0.4958999868482351,0.4018999892938882,0.409149169921875,22.326531982421898,91.82520054421455,1.0629472336671653,579,1.3241063356399536,225.545639038086,5,0.637362539768219,10,2026-10-06 03:30:00,2026-10-01 23:00:00,1.0
11.1473732029664,76.81620833183928,0.0028379099,0.4959196582747623,0.37264922118107174,Moderate,60.359998224303126,69.21999806910753,70.24999802559614,90.32999759726226,0.6035999822430312,0.4614666537940502,0.23416666008532047,0.22582499399315567,0.3431549072265625,23.781610107421898,86.73829159159705,1.1129607527499743,481,8.341341018676758,6.461092948913574,-4,0.3549762070178985,12,2026-10-06 03:30:00,2026-10-01 23:00:00,1.0
11.1473732029664,76.86606483010792,0.009410056,0.4959196582747623,0.3742922577060718,Moderate,60.359998224303126,69.21999806910753,70.24999802559614,90.32999759726226,0.6035999822430312,0.4614666537940502,0.23416666008532047,0.22582499399315567,0.3431549072265625,23.781610107421898,86.73829159159705,1.1129607527499743,683,28.110973358154297,0.0,6,0.7399260401725769,8,2026-10-06 03:30:00,2026-10-01 23:00:00,1.0
11.1473732029664,76.91619082296177,0.0013407028,0.26348133143416297,0.19794617427562222,Low,11.389999633654952,11.749999633058906,11.959999626502395,37.19999904744327,0.11389999633654951,0.07833333088705938,0.03986666542167465,0.09299999761860818,0.3431549072265625,23.781610107421898,86.73829159159705,1.1129607527499743,455,1.889967560768128,90.0,8,0.5105911493301392,14,2026-10-06 03:30:00,2026-10-01 23:00:00,1.0
11.1473732029664,76.9660473212304,0.0007052016,0.26348133143416297,0.19778729897562222,Low,11.389999633654952,11.749999633058906,11.959999626502395,37.19999904744327,0.11389999633654951,0.07833333088705938,0.03986666542167465,0.09299999761860818,0.3431549072265625,23.781610107421898,86.73829159159705,1.1129607527499743,420,0.9274099469184875,0.0,1,0.4553619921207428,12,2026-10-06 03:30:00,2026-10-01 23:00:00,1.0
11.1473732029664,77.01617331408426,0.00080120517,0.22114419371057306,0.1660584465754298,Low,10.23999971523881,11.379999678581953,11.389999678358436,31.759999135509133,0.1023999971523881,0.07586666452387969,0.03796666559452812,0.07939999783877283,0.24530029296875,24.668328857421898,80.30912212185925,0.950329942781413,405,2.0810546875,332.99591064453125,-8,0.4195863604545593,12,2026-10-06 03:30:00,2026-10-01 23:00:00,0.8176676432291667
11.1473732029664,77.0660298123529,0.00078572024,0.22114419371057306,0.1660545753429298,Low,10.23999971523881,11.379999678581953,11.389999678358436,31.759999135509133,0.1023999971523881,0.07586666452387969,0.03796666559452812,0.07939999783877283,0.24530029296875,24.668328857421898,80.30912212185925,0.950329942781413,376,1.3241063356399536,314.4543762207031,0,0.2130740880966186,12,2026-10-06 03:30:00,2026-10-01 23:00:00,0.8176676432291667
11.1473732029664,77.1161558052068,0.0007178659,0.2510538573132207,0.18846985945991554,Low,14.619999587535858,16.28999954275787,16.28999954275787,39.54999923333526,0.1461999958753586,0.10859999695171912,0.05429999847585956,0.09887499808333815,0.2574462890625,24.555047607421898,77.94367249027572,0.7845106224920992,364,2.646799802780152,314.4543762207031,-3,0.2753744125366211,12,2026-10-06 03:30:00,2026-10-01 23:00:00,0.858154296875
11.1473732029664,77.16601230347544,0.0011826183,0.23333710766502969,0.17529848532377226,Low,25.08999933488667,25.159999331459403,25.159999331459403,43.98999913223088,0.2508999933488667,0.16773332887639603,0.08386666443819801,0.1099749978305772,0.171295166015625,23.898797607421898,80.17777553278583,0.6476677010952413,348,4.204235553741455,63.86898422241211,9,0.2849071621894836,12,2026-10-06 03:30:00,2026-10-01 23:00:00,0.57098388671875
11.1473732029664,77.21613829632929,0.0011208907,0.23333710766502969,0.17528305342377226,Low,25.08999933488667,25.159999331459403,25.159999331459403,43.98999913223088,0.2508999933488667,0.16773332887639603,0.08386666443819801,0.1099749978305772,0.171295166015625,23.898797607421898,80.17777553278583,0.6476677010952413,336,5.468154430389404,239.5155487060547,-3,0.1807385236024856,12,2026-10-06 03:30:00,2026-10-01 23:00:00,0.57098388671875
11.1473732029664,77.26599479459793,0.00091045804,0.14994631679753462,0.11268735210815096,Low,6.769999835640192,7.51999980583787,7.51999980583787,22.569999560713768,0.06769999835640192,0.05013333203891913,0.025066666019459564,0.05642499890178442,0.1666259765625,24.607781982421898,80.87146969680687,0.5431720953561394,349,2.833667516708374,90.0,-3,0.2880928516387939,12,2026-10-06 03:30:00,2026-10-01 23:00:00,0.555419921875
11.1473732029664,77.31612078745178,0.0010738827,0.14994631679753462,0.11272820827315096,Low,6.769999835640192,7.51999980583787,7.51999980583787,22.569999560713768,0.06769999835640192,0.05013333203891913,0.025066666019459564,0.05642499890178442,0.1666259765625,24.607781982421898,80.87146969680687,0.5431720953561394,310,2.0810546875,207.0040740966797,4,0.2008788734674453,13,2026-10-06 03:30:00,2026-10-01 23:00:00,0.555419921875
11.1473732029664,77.36597728572042,0.0007256354,0.1468131787767013,0.11029129293252597,Low,6.769999835640192,7.51999980583787,7.51999980583787,22.569999560713768,0.06769999835640192,0.05013333203891913,0.025066666019459564,0.05642499890178442,0.16192626953125,25.213250732421898,81.22037993911611,0.5450050232811602,298,1.889967560768128,90.0,9,0.0895786806941032,12,2026-10-06 03:30:00,2026-10-01 23:00:00,0.5397542317708334
11.197229701235033,75.76598793317515,0.00066683034,0.2198609726076946,0.16506243704077098,Low,0.0,51.44999888539314,51.709998873993754,51.709998873993754,0.0,0.3429999925692876,0.1723666629133125,0.1292749971849844,0.146636962890625,24.646844482421898,94.69743669046493,1.2384489771825145,0,0.0,0.0,0,-0.2718446552753448,17,2026-10-06 03:30:00,2026-10-01 23:00:00,0.48878987630208337
11.197229701235033,75.816113926029,0.0026079947,0.2198609726076946,0.16554772813077095,Low,0.0,51.44999888539314,51.709998873993754,51.709998873993754,0.0,0.3429999925692876,0.1723666629133125,0.1292749971849844,0.146636962890625,24.646844482421898,94.69743669046493,1.2384489771825145,13,0.9454029202461244,90.0,-1,0.5409722328186035,14,2026-10-06 03:30:00,2026-10-01 23:00:00,0.48878987630208337
11.197229701235033,75.91609641715152,0.030499693,0.34241933339306463,0.26443942329479847,Moderate,0.07000000029802322,58.19000011309981,61.69999995268881,61.69999995268881,0.0007000000029802323,0.3879333340873321,0.2056666665089627,0.15424999988172203,0.3446044921875,23.797235107421898,96.84768836941606,1.2101704769491897,36,8.496952056884766,83.779541015625,20,0.367749273777008,14,2026-10-06 03:30:00,2026-10-01 23:00:00,1.0
11.197229701235033,75.96622241000537,0.33466792,0.34241933339306463,0.34048148004479845,Moderate,0.07000000029802322,58.19000011309981,61.69999995268881,61.69999995268881,0.0007000000029802323,0.3879333340873321,0.2056666665089627,0.15424999988172203,0.3446044921875,23.797235107421898,96.84768836941606,1.2101704769491897,115,14.299281120300291,40.3480339050293,-13,0.7253078818321228,14,2026-10-06 03:30:00,2026-10-01 23:00:00,1.0
11.197229701235033,76.01607890827404,0.030462544,0.4764316590783497,0.3649393803087623,Moderate,0.27999999932944775,113.43999679759145,119.12999679148197,119.12999679148197,0.0027999999932944775,0.7562666453172763,0.3970999893049399,0.29782499197870493,0.3446044921875,23.797235107421898,96.84768836941606,1.2101704769491897,37,11.147236824035645,48.91259765625,-3,0.3934784233570099,14,2026-10-06 03:30:00,2026-10-01 23:00:00,1.0
11.197229701235033,76.06620490112789,0.01418297,0.4764316590783497,0.3608694868087623,Moderate,0.27999999932944775,113.43999679759145,119.12999679148197,119.12999679148197,0.0027999999932944775,0.7562666453172763,0.3970999893049399,0.29782499197870493,0.3446044921875,23.797235107421898,96.84768836941606,1.2101704769491897,49,2.7802884578704834,180.0,-2,0.6179547309875488,14,2026-10-06 03:30:00,2026-10-01 23:00:00,1.0
11.197229701235033,76.11606139939653,0.010916266,0.285343664376686,0.2167368147825145,Low,1.529999976977706,31.089999176561832,37.36999896168709,38.449998930096626,0.01529999976977706,0.20726666117707887,0.12456666320562362,0.09612499732524156,0.397674560546875,22.974969482421898,96.6102968914422,1.1473388511321685,30,6.293139934539795,243.87286376953125,9,0.5303876996040344,14,2026-10-06 03:30:00,2026-10-01 23:00:00,1.0
11.197229701235033,76.16618739225038,0.12042763,0.285343664376686,0.2441146557825145,Low,1.529999976977706,31.089999176561832,37.36999896168709,38.449998930096626,0.01529999976977706,0.20726666117707887,0.12456666320562362,0.09612499732524156,0.397674560546875,22.974969482421898,96.6102968914422,1.1473388511321685,60,10.471199989318848,164.46302795410156,4,0.812199056148529,14,2026-10-06 03:30:00,2026-10-01 23:00:00,1.0
11.197229701235033,76.21604389051902,0.030132309,0.4409126623480892,0.3382175740110669,Moderate,1.8499999344348907,86.82999857142568,110.67999796755612,112.09999792464077,0.018499999344348907,0.5788666571428378,0.3689333265585204,0.28024999481160195,0.413482666015625,22.787469482421898,97.14679343997037,1.112017128173797,35,4.204814434051514,296.12713623046875,10,0.4830397665500641,14,2026-10-06 03:30:00,2026-10-01 23:00:00,1.0
11.197229701235033,76.26616988337287,0.0060769664,0.4409126623480892,0.33220373836106687,Moderate,1.8499999344348907,86.82999857142568,110.67999796755612,112.09999792464077,0.018499999344348907,0.5788666571428378,0.3689333265585204,0.28024999481160195,0.413482666015625,22.787469482421898,97.14679343997037,1.112017128173797,37,1.854334115982056,0.0,1,0.727395236492157,8,2026-10-06 03:30:00,2026-10-01 23:00:00,1.0
11.197229701235033,76.3160263816415,0.06768712,0.45982899446108694,0.3617935258458152,Moderate,5.259999858215451,87.62999830581248,118.98999735154212,121.2899973411113,0.052599998582154514,0.5841999887054166,0.3966333245051404,0.30322499335277825,0.47137451171875,21.683953857421898,97.9057059051936,0.9988199366269152,71,10.3283052444458,264.9039306640625,-6,0.794013500213623,8,2026-10-06 03:30:00,2026-10-01 23:00:00,1.0
11.197229701235033,76.36615237449541,0.9662604,0.5439943255913755,0.6495608441935317,High,29.53999932669103,95.32999767921865,138.67999704182148,144.56999689340591,0.2953999932669103,0.6355333178614576,0.4622666568060716,0.36142499223351476,0.4702606201171875,18.994500732421898,97.79121853333127,1.0956513331583293,578,35.04507827758789,306.8753662109375,17,0.7394746541976929,2,2026-10-06 03:30:00,2026-10-01 23:00:00,1.0
11.197229701235033,76.41600887276405,0.95311964,0.5439943255913755,0.6462756541935316,High,29.53999932669103,95.32999767921865,138.67999704182148,144.56999689340591,0.2953999932669103,0.6355333178614576,0.4622666568060716,0.36142499223351476,0.4702606201171875,18.994500732421898,97.79121853333127,1.0956513331583293,1467,14.443770408630373,144.78778076171875,-7,0.834540605545044,2,2026-10-06 03:30:00,2026-10-01 23:00:00,1.0
11.197229701235033,76.4661348656179,0.77456266,0.5439943255913755,0.6016364091935316,High,29.53999932669103,95.32999767921865,138.67999704182148,144.56999689340591,0.2953999932669103,0.6355333178614576,0.4622666568060716,0.36142499223351476,0.41766357421875,15.506219482421898,97.47457427694836,1.1897293908609334,2058,22.172801971435547,37.39984893798828,7,0.8750413060188293,2,2026-10-06 03:30:00,2026-10-01 23:00:00,1.0
11.197229701235033,76.51599136388654,0.74968326,0.5439943255913755,0.5954165591935316,High,29.53999932669103,95.32999767921865,138.67999704182148,144.56999689340591,0.2953999932669103,0.6355333178614576,0.4622666568060716,0.36142499223351476,0.41766357421875,15.506219482421898,97.47457427694836,1.1897293908609334,2082,16.617874145507812,202.7704620361328,-37,0.8779069781303406,8,2026-10-06 03:30:00,2026-10-01 23:00:00,1.0
11.197229701235033,76.56611735674039,0.45696416,0.46523232618700716,0.4631652846402554,Moderate,16.909999426454306,75.10999800637364,112.99999707005918,121.78999694250524,0.16909999426454306,0.5007333200424909,0.3766666569001973,0.3044749923562631,0.396392822265625,17.043328857421898,96.2291211970246,1.0423933115317523,2201,28.08626365661621,160.11370849609375,1,0.3313634395599365,8,2026-10-06 03:30:00,2026-10-01 23:00:00,1.0
11.197229701235033,76.61597385500903,0.5556826,0.46523232618700716,0.4878448946402554,Moderate,16.909999426454306,75.10999800637364,112.99999707005918,121.78999694250524,0.16909999426454306,0.5007333200424909,0.3766666569001973,0.3044749923562631,0.396392822265625,17.043328857421898,96.2291211970246,1.0423933115317523,1593,17.466182708740234,308.1238098144531,-20,0.844946026802063,8,2026-10-06 03:30:00,2026-10-01 23:00:00,1.0
11.197229701235033,76.66609984786288,0.01732439,0.6477129902529841,0.4901158401897381,Moderate,55.31999872624874,128.0699974745512,149.74999668449163,161.32999629341066,0.5531999872624874,0.8537999831636747,0.4991666556149721,0.4033249907335266,0.3853912353515625,20.445672607421898,94.54292323231218,0.9256518915604104,1051,12.852137565612791,119.77945709228516,40,0.7702736854553223,8,2026-10-06 03:30:00,2026-10-01 23:00:00,1.0
11.197229701235033,76.71622584071679,0.028342806,0.6842199873602639,0.5202506920201979,High,67.81999839656055,139.8599961232394,148.76999605447054,160.75999571755528,0.6781999839656055,0.9323999741549294,0.4958999868482351,0.4018999892938882,0.409149169921875,22.326531982421898,91.82520054421455,1.0629472336671653,727,31.229686737060547,307.8831481933594,-46,0.776512086391449,8,2026-10-06 03:30:00,2026-10-01 23:00:00,1.0
11.197229701235033,76.76608233898543,0.020635294,0.6842199873602639,0.5183238140201979,High,67.81999839656055,139.8599961232394,148.76999605447054,160.75999571755528,0.6781999839656055,0.9323999741549294,0.4958999868482351,0.4018999892938882,0.409149169921875,22.326531982421898,91.82520054421455,1.0629472336671653,821,26.9041748046875,298.5895080566406,-33,0.6150234937667847,8,2026-10-06 03:30:00,2026-10-01 23:00:00,1.0
11.197229701235033,76.81620833183928,0.0022355705,0.4959196582747623,0.3724986363310717,Moderate,60.359998224303126,69.21999806910753,70.24999802559614,90.32999759726226,0.6035999822430312,0.4614666537940502,0.23416666008532047,0.22582499399315567,0.3431549072265625,23.781610107421898,86.73829159159705,1.1129607527499743,416,0.9454029202461244,270.0,9,0.5266337394714355,14,2026-10-06 03:30:00,2026-10-01 23:00:00,1.0
11.197229701235033,76.86606483010792,0.0015802229,0.4959196582747623,0.37233479943107173,Moderate,60.359998224303126,69.21999806910753,70.24999802559614,90.32999759726226,0.6035999822430312,0.4614666537940502,0.23416666008532047,0.22582499399315567,0.3431549072265625,23.781610107421898,86.73829159159705,1.1129607527499743,390,1.890291333198548,90.0,-8,0.4362203776836395,14,2026-10-06 03:30:00,2026-10-01 23:00:00,1.0
11.197229701235033,76.91619082296177,0.0011064096,0.26348133143416297,0.19788760097562222,Low,11.389999633654952,11.749999633058906,11.959999626502395,37.19999904744327,0.11389999633654951,0.07833333088705938,0.03986666542167465,0.09299999761860818,0.3431549072265625,23.781610107421898,86.73829159159705,1.1129607527499743,451,2.981561183929444,71.89286804199219,4,0.7203544974327087,12,2026-10-06 03:30:00,2026-10-01 23:00:00,1.0
11.197229701235033,76.9660473212304,0.00067814783,0.26348133143416297,0.19778053553312222,Low,11.389999633654952,11.749999633058906,11.959999626502395,37.19999904744327,0.11389999633654951,0.07833333088705938,0.03986666542167465,0.09299999761860818,0.3431549072265625,23.781610107421898,86.73829159159705,1.1129607527499743,396,1.854334115982056,0.0,-1,0.2399120181798935,12,2026-10-06 03:30:00,2026-10-01 23:00:00,1.0
11.197229701235033,77.01617331408426,0.0009686605,0.22114419371057306,0.1661003104079298,Low,10.23999971523881,11.379999678581953,11.389999678358436,31.759999135509133,0.1023999971523881,0.07586666452387969,0.03796666559452812,0.07939999783877283,0.24530029296875,24.668328857421898,80.30912212185925,0.950329942781413,408,0.9454029202461244,90.0,11,0.5870130658149719,12,2026-10-06 03:30:00,2026-10-01 23:00:00,0.8176676432291667
11.197229701235033,77.0660298123529,0.0008299426,0.22114419371057306,0.1660656309329298,Low,10.23999971523881,11.379999678581953,11.389999678358436,31.759999135509133,0.1023999971523881,0.07586666452387969,0.03796666559452812,0.07939999783877283,0.24530029296875,24.668328857421898,80.30912212185925,0.950329942781413,393,2.105241775512696,63.87286758422852,-2,0.3511770665645599,12,2026-10-06 03:30:00,2026-10-01 23:00:00,0.8176676432291667
11.197229701235033,77.1161558052068,0.00094652537,0.2510538573132207,0.18852702432741553,Low,14.619999587535858,16.28999954275787,16.28999954275787,39.54999923333526,0.1461999958753586,0.10859999695171912,0.05429999847585956,0.09887499808333815,0.2574462890625,24.555047607421898,77.94367249027572,0.7845106224920992,392,3.967021942138672,134.44944763183594,-4,0.2935775518417358,12,2026-10-06 03:30:00,2026-10-01 23:00:00,0.858154296875
11.197229701235033,77.16601230347544,0.0008907133,0.23333710766502969,0.17522550907377227,Low,25.08999933488667,25.159999331459403,25.159999331459403,43.98999913223088,0.2508999933488667,0.16773332887639603,0.08386666443819801,0.1099749978305772,0.171295166015625,23.898797607421898,80.17777553278583,0.6476677010952413,363,2.93615198135376,18.76784324645996,3,0.2989487051963806,12,2026-10-06 03:30:00,2026-10-01 23:00:00,0.57098388671875
11.197229701235033,77.21613829632929,0.0007199435,0.23333710766502969,0.17518281662377228,Low,25.08999933488667,25.159999331459403,25.159999331459403,43.98999913223088,0.2508999933488667,0.16773332887639603,0.08386666443819801,0.1099749978305772,0.171295166015625,23.898797607421898,80.17777553278583,0.6476677010952413,346,0.9454029202461244,90.0,-3,0.1654613763093948,12,2026-10-06 03:30:00,2026-10-01 23:00:00,0.57098388671875
11.197229701235033,77.26599479459793,0.0012469717,0.14994631679753462,0.11277148052315096,Low,6.769999835640192,7.51999980583787,7.51999980583787,22.569999560713768,0.06769999835640192,0.05013333203891913,0.025066666019459564,0.05642499890178442,0.1666259765625,24.607781982421898,80.87146969680687,0.5431720953561394,336,0.9274099469184875,180.0,-5,0.2210453748703003,13,2026-10-06 03:30:00,2026-10-01 23:00:00,0.555419921875
11.197229701235033,77.31612078745178,0.0034413843,0.14994631679753462,0.11332008367315097,Low,6.769999835640192,7.51999980583787,7.51999980583787,22.569999560713768,0.06769999835640192,0.05013333203891913,0.025066666019459564,0.05642499890178442,0.1666259765625,24.607781982421898,80.87146969680687,0.5431720953561394,328,0.9274099469184875,180.0,27,0.2047040164470672,12,2026-10-06 03:30:00,2026-10-01 23:00:00,0.555419921875
11.197229701235033,77.36597728572042,0.0010718568,0.1468131787767013,0.11037784828252598,Low,6.769999835640192,7.51999980583787,7.51999980583787,22.569999560713768,0.06769999835640192,0.05013333203891913,0.025066666019459564,0.05642499890178442,0.16192626953125,25.213250732421898,81.22037993911611,0.5450050232811602,314,3.776476621627808,90.0,8,0.2919554114341736,12,2026-10-06 03:30:00,2026-10-01 23:00:00,0.5397542317708334
11.247355694088904,75.76598793317515,0.0007199339,0.21521135575740288,0.16158850029305216,Low,0.0,22.579999575391412,22.7899995688349,22.7899995688349,0.0,0.15053333050260942,0.07596666522944967,0.05697499892208725,0.24224853515625,25.240594482421898,92.35218825605898,1.2323635122417136,0,0.0,0.0,0,-0.3549132943153381,17,2026-10-06 03:30:00,2026-10-01 23:00:00,0.8074951171875
11.247355694088904,75.816113926029,0.005359078,0.21521135575740288,0.16274828631805216,Low,0.0,22.579999575391412,22.7899995688349,22.7899995688349,0.0,0.15053333050260942,0.07596666522944967,0.05697499892208725,0.24224853515625,25.240594482421898,92.35218825605898,1.2323635122417136,11,2.081202507019043,332.9879455566406,0,0.7608189582824707,14,2026-10-06 03:30:00,2026-10-01 23:00:00,0.8074951171875
11.247355694088904,75.91609641715152,0.008246929,0.243190332512185,0.18445448163413874,Low,0.3099999874830246,17.329999677836895,18.449999656528234,18.649999644607306,0.003099999874830246,0.1155333311855793,0.061499998855094114,0.04662499911151827,0.3597412109375,23.418328857421898,96.48426162691348,1.1798893429177326,13,5.283273220062256,314.4444885253906,8,0.6002044081687927,14,2026-10-06 03:30:00,2026-10-01 23:00:00,1.0
11.247355694088904,75.96622241000537,0.006151983,0.243190332512185,0.18393074513413873,Low,0.3099999874830246,17.329999677836895,18.449999656528234,18.649999644607306,0.003099999874830246,0.1155333311855793,0.061499998855094114,0.04662499911151827,0.3597412109375,23.418328857421898,96.48426162691348,1.1798893429177326,10,6.294011116027832,296.1231994628906,-6,0.681270182132721,14,2026-10-06 03:30:00,2026-10-01 23:00:00,1.0
11.247355694088904,76.01607890827404,0.009560162,0.248883331667011,0.18905253925025825,Low,1.4099999107420444,18.589999394491315,19.979999359697104,20.499999340623617,0.014099999107420444,0.12393332929660876,0.06659999786565701,0.051249998351559044,0.3597412109375,23.418328857421898,96.48426162691348,1.1798893429177326,56,2.1055352687835693,296.1231994628906,6,0.4223039746284485,14,2026-10-06 03:30:00,2026-10-01 23:00:00,1.0
11.247355694088904,76.06620490112789,0.10240727,0.248883331667011,0.21226431625025827,Low,1.4099999107420444,18.589999394491315,19.979999359697104,20.499999340623617,0.014099999107420444,0.12393332929660876,0.06659999786565701,0.051249998351559044,0.3597412109375,23.418328857421898,96.48426162691348,1.1798893429177326,32,12.19890308380127,346.75982666015625,-36,0.7176673412322998,14,2026-10-06 03:30:00,2026-10-01 23:00:00,1.0
11.247355694088904,76.11606139939653,0.035282,0.3145713306800773,0.244748998010058,Low,5.719999756664038,34.57999916002154,49.669999059289694,53.01999896392226,0.057199997566640376,0.23053332773347696,0.16556666353096564,0.13254999740980566,0.4251708984375,22.057000732421898,96.51789485193608,1.1558207654521055,33,5.857067584991455,341.2291259765625,-8,0.7448837161064148,8,2026-10-06 03:30:00,2026-10-01 23:00:00,1.0
11.247355694088904,76.16618739225038,0.29975435,0.3145713306800773,0.310867085510058,Moderate,5.719999756664038,34.57999916002154,49.669999059289694,53.01999896392226,0.057199997566640376,0.23053332773347696,0.16556666353096564,0.13254999740980566,0.4251708984375,22.057000732421898,96.51789485193608,1.1558207654521055,30,13.769003868103027,172.2584228515625,21,0.7553008794784546,8,2026-10-06 03:30:00,2026-10-01 23:00:00,1.0
11.247355694088904,76.21604389051902,0.038319867,0.4237639929528658,0.32740296146464937,Moderate,2.219999933615327,81.68999728746712,99.80999696813524,104.67999680899084,0.02219999933615327,0.5445999819164474,0.33269998989378413,0.26169999202247707,0.455047607421875,22.230828857421898,97.44835032956836,1.1577010813318631,34,5.988118171691895,308.1189880371094,-4,0.6445783972740173,8,2026-10-06 03:30:00,2026-10-01 23:00:00,1.0
11.247355694088904,76.26616988337287,0.062470272,0.4237639929528658,0.3334405627146494,Moderate,2.219999933615327,81.68999728746712,99.80999696813524,104.67999680899084,0.02219999933615327,0.5445999819164474,0.33269998989378413,0.26169999202247707,0.455047607421875,22.230828857421898,97.44835032956836,1.1577010813318631,45,9.381043434143066,191.5255279541016,8,0.3592149615287781,8,2026-10-06 03:30:00,2026-10-01 23:00:00,1.0
11.247355694088904,76.3160263816415,0.056852177,0.45784499406423423,0.35759678979817566,Moderate,3.9399998746812344,88.94999773800373,116.79999750852585,123.28999744169414,0.03939999874681235,0.5929999849200249,0.3893333250284195,0.30822499360423533,0.47113037109375,21.668328857421898,99.49897354657293,1.0628676586732313,49,11.919429779052734,175.5155029296875,11,0.8115928173065186,8,2026-10-06 03:30:00,2026-10-01 23:00:00,1.0
11.247355694088904,76.36615237449541,0.40746027,0.5271156579232464,0.4972018109424349,Moderate,36.08999901264906,90.69999741390347,117.87999696657062,127.76999683305621,0.3608999901264906,0.6046666494260232,0.39293332322190205,0.3194249920826405,0.490814208984375,18.930047607421898,99.70713024767022,1.0377860620507928,144,8.882319450378418,251.8957977294922,8,0.6059706807136536,8,2026-10-06 03:30:00,2026-10-01 23:00:00,1.0
11.247355694088904,76.41600887276405,0.9607245,0.5271156579232464,0.6355178684424349,High,36.08999901264906,90.69999741390347,117.87999696657062,127.76999683305621,0.3608999901264906,0.6046666494260232,0.39293332322190205,0.3194249920826405,0.490814208984375,18.930047607421898,99.70713024767022,1.0377860620507928,857,29.886919021606445,246.77593994140625,26,0.8326237201690674,2,2026-10-06 03:30:00,2026-10-01 23:00:00,1.0
11.247355694088904,76.4661348656179,0.6287238,0.5271156579232464,0.5525176934424348,High,36.08999901264906,90.69999741390347,117.87999696657062,127.76999683305621,0.3608999901264906,0.6046666494260232,0.39293332322190205,0.3194249920826405,0.438751220703125,14.765985107421898,97.74362919241078,1.0722041088280174,2273,21.476213455200195,329.774169921875,-28,0.4836289286613464,8,2026-10-06 03:30:00,2026-10-01 23:00:00,1.0
11.247355694088904,76.51599136388654,0.49179187,0.5271156579232464,0.5182847109424349,High,36.08999901264906,90.69999741390347,117.87999696657062,127.76999683305621,0.3608999901264906,0.6046666494260232,0.39293332322190205,0.3194249920826405,0.438751220703125,14.765985107421898,97.74362919241078,1.0722041088280174,2320,15.83354377746582,24.04006576538086,-19,0.5109851360321045,10,2026-10-06 03:30:00,2026-10-01 23:00:00,1.0
11.247355694088904,76.56611735674039,0.06802706,0.49753732832912356,0.39015976124684265,Moderate,32.61999947950244,84.34999867714942,105.22999826073647,116.27999767847359,0.3261999947950244,0.5623333245143294,0.35076666086912156,0.290699994196184,0.40594482421875,14.129266357421898,95.24420959667528,0.7566364840391524,2423,11.525945663452148,103.77703857421876,-5,0.3864696621894836,8,2026-10-06 03:30:00,2026-10-01 23:00:00,1.0
11.247355694088904,76.61597385500903,0.082549326,0.49753732832912356,0.3937903277468427,Moderate,32.61999947950244,84.34999867714942,105.22999826073647,116.27999767847359,0.3261999947950244,0.5623333245143294,0.35076666086912156,0.290699994196184,0.40594482421875,14.129266357421898,95.24420959667528,0.7566364840391524,2048,26.030555725097656,281.47088623046875,-37,0.8425983786582947,2,2026-10-06 03:30:00,2026-10-01 23:00:00,1.0
11.247355694088904,76.66609984786288,0.0054087825,0.616695992246084,0.46387418980956296,Moderate,44.609999211505055,129.65999762155116,139.3399973474443,155.39999696426094,0.4460999921150506,0.8643999841436744,0.46446665782481433,0.38849999241065236,0.400146484375,16.887078857421898,93.91497562984844,0.4612738550355237,942,11.148305892944336,131.08248901367188,2,0.5248819589614868,8,2026-10-06 03:30:00,2026-10-01 23:00:00,1.0
11.247355694088904,76.71622584071679,0.15122285,0.5725406547170753,0.46721120353780643,Moderate,29.249999010935426,124.41999601759017,132.81999581493437,150.13999524898827,0.29249999010935424,0.8294666401172678,0.44273331938311455,0.37534998812247067,0.372467041015625,19.353875732421898,92.70987019270116,0.7743439254420691,1074,46.08671569824219,260.1286926269531,44,0.7981651425361633,8,2026-10-06 03:30:00,2026-10-01 23:00:00,1.0
11.247355694088904,76.76608233898543,0.023061374,0.5725406547170753,0.4351708345378065,Moderate,29.249999010935426,124.41999601759017,132.81999581493437,150.13999524898827,0.29249999010935424,0.8294666401172678,0.44273331938311455,0.37534998812247067,0.372467041015625,19.353875732421898,92.70987019270116,0.7743439254420691,565,19.77638053894043,172.08468627929688,65,0.7107613682746887,8,2026-10-06 03:30:00,2026-10-01 23:00:00,1.0
11.247355694088904,76.81620833183928,0.00393281,0.45819099586041023,0.3446264493953077,Moderate,21.299999510869384,85.22999877296388,87.57999870739877,109.22999836318195,0.21299999510869383,0.5681999918197592,0.29193332902466257,0.27307499590795486,0.3184051513671875,22.043328857421898,88.11919330893207,0.9432526366351216,773,10.416131019592283,243.8767852783203,-7,0.711847722530365,8,2026-10-06 03:30:00,2026-10-01 23:00:00,1.0
11.247355694088904,76.86606483010792,0.0009438405,0.45819099586041023,0.34387920702030766,Moderate,21.299999510869384,85.22999877296388,87.57999870739877,109.22999836318195,0.21299999510869383,0.5681999918197592,0.29193332902466257,0.27307499590795486,0.3184051513671875,22.043328857421898,88.11919330893207,0.9432526366351216,349,2.8346424102783203,90.0,-2,0.6541363596916199,12,2026-10-06 03:30:00,2026-10-01 23:00:00,1.0
11.247355694088904,76.91619082296177,0.00069626846,0.2572306650564696,0.1930970659073522,Low,10.149999732151628,10.869999701157212,11.069999689236283,32.95999898575246,0.10149999732151628,0.07246666467438141,0.036899998964120946,0.08239999746438116,0.3184051513671875,22.043328857421898,88.11919330893207,0.9432526366351216,375,2.647264003753662,225.5555114746093,-4,0.2151490598917007,12,2026-10-06 03:30:00,2026-10-01 23:00:00,1.0
11.247355694088904,76.9660473212304,0.0008726989,0.2572306650564696,0.1931411735173522,Low,10.149999732151628,10.869999701157212,11.069999689236283,32.95999898575246,0.10149999732151628,0.07246666467438141,0.036899998964120946,0.08239999746438116,0.3184051513671875,22.043328857421898,88.11919330893207,0.9432526366351216,358,1.3243387937545776,314.4444885253906,-5,0.3518347442150116,12,2026-10-06 03:30:00,2026-10-01 23:00:00,1.0
11.247355694088904,77.01617331408426,0.00097424624,0.24852400882150982,0.18663656817613236,Low,10.219999834895134,11.019999826326966,11.019999826326966,27.839999420568347,0.10219999834895134,0.07346666550884644,0.03673333275442322,0.06959999855142086,0.2903900146484375,24.515985107421898,81.4045594272183,1.0275890255359656,352,3.7771286964416495,270.0,8,0.2177290916442871,12,2026-10-06 03:30:00,2026-10-01 23:00:00,0.9679667154947917
11.247355694088904,77.0660298123529,0.0013710232,0.24852400882150982,0.18673576241613238,Low,10.219999834895134,11.019999826326966,11.019999826326966,27.839999420568347,0.10219999834895134,0.07346666550884644,0.03673333275442322,0.06959999855142086,0.2903900146484375,24.515985107421898,81.4045594272183,1.0275890255359656,381,4.717572212219238,270.0,0,0.2155437618494033,12,2026-10-06 03:30:00,2026-10-01 23:00:00,0.9679667154947917
11.247355694088904,77.1161558052068,0.0010227009,0.2436695705362285,0.18300785312717138,Low,8.619999811053276,9.559999793767929,9.559999793767929,23.97999936901033,0.08619999811053276,0.06373333195845286,0.03186666597922643,0.059949998422525824,0.294891357421875,25.185906982421898,77.820699276775,0.9031943343913124,374,2.936204433441162,198.77085876464844,-2,0.3225144445896148,12,2026-10-06 03:30:00,2026-10-01 23:00:00,0.98297119140625
11.247355694088904,77.16601230347544,0.000736345,0.20152785185594113,0.15132997514195584,Low,5.869999937713146,5.879999937489629,5.879999937489629,21.909999767318368,0.05869999937713146,0.03919999958326419,0.019599999791632097,0.05477499941829592,0.2517852783203125,24.299188232421898,78.61446866655261,0.5964685560074618,368,0.9274099469184875,0.0,4,0.2732925415039062,12,2026-10-06 03:30:00,2026-10-01 23:00:00,0.8392842610677084
11.247355694088904,77.21613829632929,0.0010232003,0.20152785185594113,0.15140168896695586,Low,5.869999937713146,5.879999937489629,5.879999937489629,21.909999767318368,0.05869999937713146,0.03919999958326419,0.019599999791632097,0.05477499941829592,0.2517852783203125,24.299188232421898,78.61446866655261,0.5964685560074618,364,5.94798469543457,108.1042022705078,-4,0.1481285095214843,12,2026-10-06 03:30:00,2026-10-01 23:00:00,0.8392842610677084
11.247355694088904,77.26599479459793,0.00070895423,0.12897442267350856,0.09690805556263142,Low,1.9399999547749758,2.0199999529868364,2.0199999529868364,30.52999934926629,0.019399999547749756,0.013466666353245576,0.006733333176622788,0.07632499837316573,0.159088134765625,24.619500732421898,78.33888133837871,0.3597111172464035,349,0.9274099469184875,0.0,-1,0.2493557035923004,12,2026-10-06 03:30:00,2026-10-01 23:00:00,0.5302937825520834
11.247355694088904,77.31612078745178,0.0012181828,0.12897442267350856,0.09703536270513143,Low,1.9399999547749758,2.0199999529868364,2.0199999529868364,30.52999934926629,0.019399999547749756,0.013466666353245576,0.006733333176622788,0.07632499837316573,0.159088134765625,24.619500732421898,78.33888133837871,0.3597111172464035,347,3.360541343688965,214.2047576904297,11,0.1769769638776779,12,2026-10-06 03:30:00,2026-10-01 23:00:00,0.5302937825520834
11.247355694088904,77.36597728572042,0.00067722745,0.11237286017350855,0.0844489519926314,Low,1.9399999547749758,2.0199999529868364,2.0199999529868364,30.52999934926629,0.019399999547749756,0.013466666353245576,0.006733333176622788,0.07632499837316573,0.134185791015625,25.166375732421898,78.52088509757328,0.3641042416834431,327,1.854334115982056,0.0,3,0.1939799338579177,12,2026-10-06 03:30:00,2026-10-01 23:00:00,0.44728597005208337
11.347338185211406,75.71613143490652,0.0007401113,0.286406330779319,0.21498977590948923,Low,0.0,74.28999837115407,74.32999837026,74.32999837026,0.0,0.4952666558076938,0.2477666612342,0.18582499592565,0.165802001953125,25.265985107421898,94.49982507637286,1.2808003190511967,0,0.0,0.0,0,-0.3218045532703399,17,2026-10-06 03:30:00,2026-10-01 23:00:00,0.55267333984375
11.347338185211406,75.76598793317515,0.012983622,0.3343896629118671,0.25403815268390034,Moderate,0.0,56.67999841272831,56.869998414069414,56.869998414069414,0.0,0.3778666560848554,0.18956666138023137,0.14217499603517353,0.3977508544921875,25.394891357421898,93.83298317829984,1.21010450524405,25,3.889953374862671,256.2275695800781,0,0.6627334356307983,2,2026-10-06 03:30:00,2026-10-01 23:00:00,1.0
11.347338185211406,75.816113926029,0.00817692,0.3343896629118671,0.25283647718390034,Moderate,0.0,56.67999841272831,56.869998414069414,56.869998414069414,0.0,0.3778666560848554,0.18956666138023137,0.14217499603517353,0.3977508544921875,25.394891357421898,93.83298317829984,1.21010450524405,24,1.3245741128921509,225.56549072265625,-6,0.7653160691261292,8,2026-10-06 03:30:00,2026-10-01 23:00:00,1.0
11.347338185211406,75.91609641715152,0.0047091013,0.28905033062553653,0.2179650232941524,Low,1.4999999329447746,35.08999895490706,36.66999890841544,38.569998828694224,0.014999999329447747,0.23393332636604705,0.12223332969471812,0.09642499707173556,0.4076080322265625,22.756219482421898,96.44407066110529,1.1050737556702035,18,2.8356292247772217,270.0,9,0.6358380913734436,8,2026-10-06 03:30:00,2026-10-01 23:00:00,1.0
11.347338185211406,75.96622241000537,0.024193252,0.28905033062553653,0.2228360609691524,Low,1.4999999329447746,35.08999895490706,36.66999890841544,38.569998828694224,0.014999999329447747,0.23393332636604705,0.12223332969471812,0.09642499707173556,0.4076080322265625,22.756219482421898,96.44407066110529,1.1050737556702035,41,7.744372844696045,283.7724304199219,12,0.4553486406803131,8,2026-10-06 03:30:00,2026-10-01 23:00:00,1.0
11.347338185211406,76.01607890827404,0.05425845,0.2824143311304972,0.22537536084787288,Low,3.379999876022339,29.959999211132526,32.53999917395413,35.32999909482896,0.03379999876022339,0.19973332807421684,0.10846666391318042,0.0883249977370724,0.4076080322265625,22.756219482421898,96.44407066110529,1.1050737556702035,63,9.91685962677002,337.8057861328125,-5,0.8040750026702881,8,2026-10-06 03:30:00,2026-10-01 23:00:00,1.0
11.347338185211406,76.06620490112789,0.9167265,0.2824143311304972,0.4409923733478729,Moderate,3.379999876022339,29.959999211132526,32.53999917395413,35.32999909482896,0.03379999876022339,0.19973332807421684,0.10846666391318042,0.0883249977370724,0.4076080322265625,22.756219482421898,96.44407066110529,1.1050737556702035,263,19.910524368286133,169.49423217773438,-8,0.7624149918556213,8,2026-10-06 03:30:00,2026-10-01 23:00:00,1.0
11.347338185211406,76.11606139939653,0.98194546,0.29466166431307794,0.46648261323480844,Moderate,7.169999739155173,22.809999397024512,41.41999910026789,45.709999062120914,0.07169999739155174,0.15206666264683008,0.13806666366755962,0.11427499765530229,0.35308837890625,20.961297607421898,96.40800854720692,1.1070345904636252,540,22.578039169311523,211.0769500732422,49,0.3785004615783691,8,2026-10-06 03:30:00,2026-10-01 23:00:00,1.0
11.347338185211406,76.16618739225038,0.60599524,0.29466166431307794,0.37249505823480844,Moderate,7.169999739155173,22.809999397024512,41.41999910026789,45.709999062120914,0.07169999739155174,0.15206666264683008,0.13806666366755962,0.11427499765530229,0.35308837890625,20.961297607421898,96.40800854720692,1.1070345904636252,298,0.9458962678909302,270.0,19,0.6117965579032898,8,2026-10-06 03:30:00,2026-10-01 23:00:00,1.0
11.347338185211406,76.21604389051902,0.032334737,0.2841433314730103,0.22119118285475772,Low,3.279999941587448,18.64999956265092,41.449999146163464,49.059998812153935,0.032799999415874484,0.12433333041767279,0.13816666382054488,0.12264999703038484,0.4579010009765625,20.656610107421898,97.93676376799765,1.1168460726206413,43,3.889953374862671,76.22757720947266,-8,0.4583678245544433,8,2026-10-06 03:30:00,2026-10-01 23:00:00,1.0
11.347338185211406,76.26616988337287,0.004205466,0.2841433314730103,0.21415886510475773,Low,3.279999941587448,18.64999956265092,41.449999146163464,49.059998812153935,0.032799999415874484,0.12433333041767279,0.13816666382054488,0.12264999703038484,0.4579010009765625,20.656610107421898,97.93676376799765,1.1168460726206413,32,0.9274099469184875,0.0,3,0.7293445467948914,8,2026-10-06 03:30:00,2026-10-01 23:00:00,1.0
11.347338185211406,76.3160263816415,0.053086124,0.37835999609331294,0.29704152806998474,Moderate,2.779999937862158,52.49999876320362,85.74999813735485,96.39999805390835,0.027799999378621577,0.3499999917546908,0.28583332712451615,0.24099999513477088,0.4742279052734375,21.387078857421898,99.21236558275484,1.0228655252571714,57,9.26041316986084,142.58572387695312,-20,0.8422164916992188,8,2026-10-06 03:30:00,2026-10-01 23:00:00,1.0
11.347338185211406,76.36615237449541,0.05766616,0.3412066637411093,0.27032153780583196,Moderate,12.89999981969595,32.1699992287904,58.53999865241349,68.51999867148697,0.1289999981969595,0.21446666152526936,0.1951333288413783,0.17129999667871743,0.496185302734375,19.072625732421898,99.9628073659404,1.0124101708411275,60,3.3609108924865723,325.78594970703125,-8,0.6696187853813171,8,2026-10-06 03:30:00,2026-10-01 23:00:00,1.0
11.347338185211406,76.41600887276405,0.32392,0.3412066637411093,0.336884997805832,Moderate,12.89999981969595,32.1699992287904,58.53999865241349,68.51999867148697,0.1289999981969595,0.21446666152526936,0.1951333288413783,0.17129999667871743,0.496185302734375,19.072625732421898,99.9628073659404,1.0124101708411275,419,6.749431133270264,236.8299560546875,-17,0.7704447507858276,2,2026-10-06 03:30:00,2026-10-01 23:00:00,1.0
11.347338185211406,76.4661348656179,0.8758852,0.3412066637411093,0.47487629780583196,Moderate,12.89999981969595,32.1699992287904,58.53999865241349,68.51999867148697,0.1289999981969595,0.21446666152526936,0.1951333288413783,0.17129999667871743,0.432403564453125,15.664422607421898,98.95411061268707,1.1289438718419706,770,33.51845169067383,321.4512634277344,12,0.8029100298881531,2,2026-10-06 03:30:00,2026-10-01 23:00:00,1.0
11.347338185211406,76.51599136388654,0.77828395,0.3412066637411093,0.450475985305832,Moderate,12.89999981969595,32.1699992287904,58.53999865241349,68.51999867148697,0.1289999981969595,0.21446666152526936,0.1951333288413783,0.17129999667871743,0.432403564453125,15.664422607421898,98.95411061268707,1.1289438718419706,1282,36.668418884277344,309.08953857421875,94,0.7948224544525146,2,2026-10-06 03:30:00,2026-10-01 23:00:00,1.0
11.347338185211406,76.56611735674039,0.2775106,0.4680403281256557,0.4204078960942418,Moderate,26.86999946832657,79.2799985781312,95.09999813884497,107.30999772250652,0.26869999468326566,0.528533323854208,0.3169999937961499,0.26827499430626633,0.4068756103515625,13.064813232421898,96.45868836515058,0.6824354252028196,2371,27.246551513671875,12.969541549682615,-12,0.8224637508392334,8,2026-10-06 03:30:00,2026-10-01 23:00:00,1.0
11.347338185211406,76.61597385500903,0.02503823,0.4680403281256557,0.3572898035942418,Moderate,26.86999946832657,79.2799985781312,95.09999813884497,107.30999772250652,0.26869999468326566,0.528533323854208,0.3169999937961499,0.26827499430626633,0.4068756103515625,13.064813232421898,96.45868836515058,0.6824354252028196,1997,12.443071365356444,296.1153259277344,-6,0.4054679870605469,8,2026-10-06 03:30:00,2026-10-01 23:00:00,1.0
11.347338185211406,76.66609984786288,0.13406205,0.4683616615776594,0.3847867586832446,Moderate,26.599999330937862,79.05999880284071,89.1199984755367,119.06999749131501,0.2659999933093786,0.5270666586856048,0.29706666158512235,0.29767499372828754,0.3922882080078125,13.660516357421898,95.05709503464686,0.0365749378705855,2119,33.126670837402344,165.3441162109375,-26,0.7824097871780396,8,2026-10-06 03:30:00,2026-10-01 23:00:00,1.0
11.347338185211406,76.71622584071679,0.004661858,0.3226989978613332,0.2431897128959999,Low,13.13999979197979,29.669999465346336,39.369999254122376,66.5499988887459,0.1313999979197979,0.19779999643564225,0.1312333308470746,0.16637499722186477,0.375244140625,15.379266357421898,94.59486895368634,0.5533307235442271,1986,19.776500701904297,187.91802978515625,6,0.8817118406295776,9,2026-10-06 03:30:00,2026-10-01 23:00:00,1.0
11.347338185211406,76.76608233898543,0.0153549425,0.3226989978613332,0.2458629840209999,Low,13.13999979197979,29.669999465346336,39.369999254122376,66.5499988887459,0.1313999979197979,0.19779999643564225,0.1312333308470746,0.16637499722186477,0.375244140625,15.379266357421898,94.59486895368634,0.5533307235442271,1854,12.393092155456545,222.5501708984375,14,0.6256068348884583,9,2026-10-06 03:30:00,2026-10-01 23:00:00,1.0
11.347338185211406,76.81620833183928,0.034967642,0.31780766418961187,0.2470976586422089,Low,13.709999710321426,28.659999430179596,32.28999935463071,67.96999845281243,0.13709999710321427,0.19106666286786397,0.10763333118210236,0.16992499613203108,0.3632659912109375,18.748406982421898,90.67535106497768,0.7369834430223313,1776,8.496313095092773,192.77047729492188,-4,0.7708520889282227,8,2026-10-06 03:30:00,2026-10-01 23:00:00,1.0
11.347338185211406,76.86606483010792,0.06997341,0.31780766418961187,0.2558491006422089,Moderate,13.709999710321426,28.659999430179596,32.28999935463071,67.96999845281243,0.13709999710321427,0.19106666286786397,0.10763333118210236,0.16992499613203108,0.3632659912109375,18.748406982421898,90.67535106497768,0.7369834430223313,895,37.50335693359375,67.6856689453125,-61,0.7848894596099854,8,2026-10-06 03:30:00,2026-10-01 23:00:00,1.0
11.347338185211406,76.91619082296177,0.056342073,0.2603356653108572,0.20933726723314292,Low,8.85999983176589,10.929999753832817,13.489999696612358,40.32999897189438,0.0885999983176589,0.07286666502555211,0.04496666565537453,0.10082499742973595,0.3632659912109375,18.748406982421898,90.67535106497768,0.7369834430223313,618,37.36159896850586,155.7403564453125,4,0.6844640970230103,8,2026-10-06 03:30:00,2026-10-01 23:00:00,1.0
11.347338185211406,76.9660473212304,0.0018981998,0.2603356653108572,0.19572629893314292,Low,8.85999983176589,10.929999753832817,13.489999696612358,40.32999897189438,0.0885999983176589,0.07286666502555211,0.04496666565537453,0.10082499742973595,0.3632659912109375,18.748406982421898,90.67535106497768,0.7369834430223313,322,1.3245741128921509,134.43450927734375,-7,0.4088363349437713,10,2026-10-06 03:30:00,2026-10-01 23:00:00,1.0
11.347338185211406,77.01617331408426,0.0015832417,0.21937629432187727,0.16492803116640795,Low,8.91999976336956,9.369999749585986,10.089999733492732,27.94999940507114,0.0891999976336956,0.06246666499723991,0.03363333244497577,0.06987499851267785,0.254241943359375,23.150750732421898,82.90947173226645,0.894999259037271,279,0.9458962678909302,90.0,-4,0.4024068117141723,10,2026-10-06 03:30:00,2026-10-01 23:00:00,0.84747314453125
11.347338185211406,77.0660298123529,0.0010761489,0.21937629432187727,0.16480125796640793,Low,8.91999976336956,9.369999749585986,10.089999733492732,27.94999940507114,0.0891999976336956,0.06246666499723991,0.03363333244497577,0.06987499851267785,0.254241943359375,23.150750732421898,82.90947173226645,0.894999259037271,345,4.660643100738525,322.5857238769531,3,0.2937399744987488,12,2026-10-06 03:30:00,2026-10-01 23:00:00,0.84747314453125
11.347338185211406,77.1161558052068,0.000773232,0.21476835249289872,0.16126957236967404,Low,3.7199999522417784,4.3999999444931746,4.3999999444931746,19.689999654889107,0.03719999952241779,0.02933333296328783,0.014666666481643916,0.049224999137222766,0.283905029296875,25.187860107421898,79.59359382783822,0.9694781126511148,326,4.206577301025391,296.1153259277344,-2,0.172222226858139,12,2026-10-06 03:30:00,2026-10-01 23:00:00,0.94635009765625
11.347338185211406,77.16601230347544,0.0014442351,0.17648604838823279,0.1327255950661746,Low,1.3399999774992466,1.5899999663233757,1.7999999597668648,19.98999934643507,0.013399999774992465,0.010599999775489172,0.005999999865889549,0.049974998366087674,0.2410125732421875,25.474969482421898,78.6682404893696,0.5909646105837402,303,0.9274099469184875,180.0,8,0.2428405135869979,13,2026-10-06 03:30:00,2026-10-01 23:00:00,0.803375244140625
11.347338185211406,77.21613829632929,0.00081104477,0.17648604838823279,0.1325672974836746,Low,1.3399999774992466,1.5899999663233757,1.7999999597668648,19.98999934643507,0.013399999774992465,0.010599999775489172,0.005999999865889549,0.049974998366087674,0.2410125732421875,25.474969482421898,78.6682404893696,0.5909646105837402,306,3.3864638805389404,123.1700439453125,6,0.1636296063661575,12,2026-10-06 03:30:00,2026-10-01 23:00:00,0.803375244140625
11.347338185211406,77.26599479459793,0.00090694806,0.10264470754060895,0.07721026767045672,Low,0.0,0.2299999911338091,0.42999997921288013,11.259999768808484,0.0,0.001533333274225394,0.0014333332640429337,0.02814999942202121,0.1446380615234375,25.652703857421898,78.4119707069253,0.2905546807665554,287,1.3245741128921509,225.56549072265625,-6,0.273947536945343,12,2026-10-06 03:30:00,2026-10-01 23:00:00,0.4821268717447917
11.347338185211406,77.31612078745178,0.00085515884,0.10264470754060895,0.0771973203654567,Low,0.0,0.2299999911338091,0.42999997921288013,11.259999768808484,0.0,0.001533333274225394,0.0014333332640429337,0.02814999942202121,0.1446380615234375,25.652703857421898,78.4119707069253,0.2905546807665554,296,3.704791784286499,180.0,-4,0.2000880539417266,12,2026-10-06 03:30:00,2026-10-01 23:00:00,0.4821268717447917
11.347338185211406,77.36597728572042,0.0007089998,0.0878538546760256,0.06606764095701921,Low,0.0,0.2299999911338091,0.42999997921288013,11.259999768808484,0.0,0.001533333274225394,0.0014333332640429337,0.02814999942202121,0.1224517822265625,25.883172607421898,78.62279441376788,0.283203309883528,318,0.9274099469184875,0.0,-3,0.2435695528984069,12,2026-10-06 03:30:00,2026-10-01 23:00:00,0.408172607421875
11.44732067633391,75.66600544205264,0.00066683034,0.21342029158634446,0.16023192627475835,Low,0.4699999839067459,40.169998329132795,40.169998329132795,40.169998329132795,0.0046999998390674595,0.2677999888608853,0.13389999443044265,0.10042499582283199,0.176116943359375,25.021844482421898,96.3225030267595,1.160938819596912,0,0.0,0.0,0,-0.2546755671501159,17,2026-10-06 03:30:00,2026-10-01 23:00:00,0.5870564778645834
11.44732067633391,75.71613143490652,0.0034898887,0.21342029158634446,0.16093769086475834,Low,0.4699999839067459,40.169998329132795,40.169998329132795,40.169998329132795,0.0046999998390674595,0.2677999888608853,0.13389999443044265,0.10042499582283199,0.176116943359375,25.021844482421898,96.3225030267595,1.160938819596912,14,2.10672378540039,296.1073608398437,1,0.6914684772491455,8,2026-10-06 03:30:00,2026-10-01 23:00:00,0.5870564778645834
11.44732067633391,75.76598793317515,0.004806821,0.26241633198875935,0.1980139542415695,Low,0.5099999830126762,25.93999944627285,25.93999944627285,25.949999446049333,0.0050999998301267625,0.172933329641819,0.0864666648209095,0.06487499861512333,0.4046783447265625,24.598016357421898,96.88896424261657,1.1053336757025178,14,3.968783617019653,225.57557678222656,-2,0.7186238765716553,8,2026-10-06 03:30:00,2026-10-01 23:00:00,1.0
11.44732067633391,75.816113926029,0.005094474,0.26241633198875935,0.1980858674915695,Low,0.5099999830126762,25.93999944627285,25.93999944627285,25.949999446049333,0.0050999998301267625,0.172933329641819,0.0864666648209095,0.06487499861512333,0.4046783447265625,24.598016357421898,96.88896424261657,1.1053336757025178,26,1.3248116970062256,45.5755729675293,6,0.6695089936256409,8,2026-10-06 03:30:00,2026-10-01 23:00:00,1.0
11.44732067633391,75.91609641715152,0.01194789,0.28019566458395373,0.2131337209379653,Low,1.7699999455362558,30.819999188184738,32.819999158382416,35.04999913088977,0.017699999455362558,0.20546666125456492,0.10939999719460805,0.08762499782722444,0.3709869384765625,21.642938232421898,97.42546750326882,0.9439316767143412,37,7.050196647644043,23.618297576904297,12,0.7161152362823486,8,2026-10-06 03:30:00,2026-10-01 23:00:00,1.0
11.44732067633391,75.96622241000537,0.44821888,0.28019566458395373,0.32220146843796527,Moderate,1.7699999455362558,30.819999188184738,32.819999158382416,35.04999913088977,0.017699999455362558,0.20546666125456492,0.10939999719460805,0.08762499782722444,0.3709869384765625,21.642938232421898,97.42546750326882,0.9439316767143412,49,13.220829963684082,214.2234344482422,22,0.5522131323814392,8,2026-10-06 03:30:00,2026-10-01 23:00:00,1.0
11.44732067633391,76.01607890827404,0.13407545,0.32844033087802427,0.2798491106585182,Moderate,14.43999976478517,37.96999931894243,44.07999906502664,47.58999897912145,0.14439999764785172,0.25313332879294953,0.14693333021675548,0.11897499744780361,0.3709869384765625,21.642938232421898,97.42546750326882,0.9439316767143412,91,8.887852668762207,251.9076538085937,15,0.5839670896530151,8,2026-10-06 03:30:00,2026-10-01 23:00:00,1.0
11.44732067633391,76.06620490112789,0.74235994,0.32844033087802427,0.43192023315851824,Moderate,14.43999976478517,37.96999931894243,44.07999906502664,47.58999897912145,0.14439999764785172,0.25313332879294953,0.14693333021675548,0.11897499744780361,0.3709869384765625,21.642938232421898,97.42546750326882,0.9439316767143412,360,11.146867752075195,170.34921264648438,12,0.7920287847518921,8,2026-10-06 03:30:00,2026-10-01 23:00:00,1.0
11.44732067633391,76.11606139939653,0.81510663,0.3619363278977573,0.47522890342331797,Moderate,22.389999106526375,35.86999884992838,58.79999816417694,63.70999809354544,0.22389999106526376,0.2391333256661892,0.1959999938805898,0.1592749952338636,0.3330535888671875,19.834344482421898,97.1894403532414,0.8838914972246127,1361,9.378484725952148,270.0,-58,0.8849501013755798,2,2026-10-06 03:30:00,2026-10-01 23:00:00,1.0
11.44732067633391,76.16618739225038,0.6723586,0.3619363278977573,0.43954189592331794,Moderate,22.389999106526375,35.86999884992838,58.79999816417694,63.70999809354544,0.22389999106526376,0.2391333256661892,0.1959999938805898,0.1592749952338636,0.3330535888671875,19.834344482421898,97.1894403532414,0.8838914972246127,1238,13.142205238342283,97.97047424316406,38,0.8661064505577087,2,2026-10-06 03:30:00,2026-10-01 23:00:00,1.0
11.44732067633391,76.21604389051902,0.89150125,0.27621666409522294,0.4300378105714172,Moderate,6.2899997513741255,11.16999962925911,35.58999878168106,46.49999859184027,0.06289999751374126,0.07446666419506073,0.1186333292722702,0.11624999647960067,0.442596435546875,19.140985107421898,98.500067710598,0.8723371725603782,238,23.646528244018555,109.43482208251952,-31,0.7006802558898926,2,2026-10-06 03:30:00,2026-10-01 23:00:00,1.0
11.44732067633391,76.26616988337287,0.06206208,0.27621666409522294,0.2226780180714172,Low,6.2899997513741255,11.16999962925911,35.58999878168106,46.49999859184027,0.06289999751374126,0.07446666419506073,0.1186333292722702,0.11624999647960067,0.442596435546875,19.140985107421898,98.500067710598,0.8723371725603782,73,6.699589252471924,145.7765655517578,10,0.6887009739875793,8,2026-10-06 03:30:00,2026-10-01 23:00:00,1.0
11.44732067633391,76.3160263816415,0.8897321,0.31065133207738405,0.45542152405803804,Moderate,6.059999968856573,12.79999984614551,57.10999943315983,78.37999884784222,0.060599999688565734,0.08533333230763673,0.19036666477719943,0.19594999711960553,0.476409912109375,19.894891357421898,99.14336529492824,0.7330321709405948,429,19.205799102783203,84.6672592163086,1,0.7633175849914551,2,2026-10-06 03:30:00,2026-10-01 23:00:00,1.0
11.44732067633391,76.36615237449541,0.94313145,0.29989233092839523,0.4607021106962964,Moderate,10.639999805018306,16.03999968804419,42.40999883413315,55.149998500943184,0.10639999805018306,0.10693333125362793,0.14136666278044382,0.13787499625235797,0.4867706298828125,18.195672607421898,99.72994178041412,0.7075709293626318,880,22.43611526489257,90.0,-2,0.8220024704933167,8,2026-10-06 03:30:00,2026-10-01 23:00:00,1.0
11.44732067633391,76.41600887276405,0.5851581,0.29989233092839523,0.3712087731962964,Moderate,10.639999805018306,16.03999968804419,42.40999883413315,55.149998500943184,0.10639999805018306,0.10693333125362793,0.14136666278044382,0.13787499625235797,0.4867706298828125,18.195672607421898,99.72994178041412,0.7075709293626318,665,16.21234893798828,152.97169494628906,12,0.8452997803688049,2,2026-10-06 03:30:00,2026-10-01 23:00:00,1.0
11.44732067633391,76.4661348656179,0.024713665,0.29989233092839523,0.23109766444629645,Low,10.639999805018306,16.03999968804419,42.40999883413315,55.149998500943184,0.10639999805018306,0.10693333125362793,0.14136666278044382,0.13787499625235797,0.4161834716796875,16.123406982421898,99.75046660056694,0.9977862212013844,950,1.3248116970062256,314.4244384765625,-10,0.6227295398712158,8,2026-10-06 03:30:00,2026-10-01 23:00:00,1.0
11.44732067633391,76.51599136388654,0.29345506,0.29989233092839523,0.29828301319629646,Moderate,10.639999805018306,16.03999968804419,42.40999883413315,55.149998500943184,0.10639999805018306,0.10693333125362793,0.14136666278044382,0.13787499625235797,0.4161834716796875,16.123406982421898,99.75046660056694,0.9977862212013844,1391,23.21390151977539,334.9375305175781,-20,0.8495198488235474,2,2026-10-06 03:30:00,2026-10-01 23:00:00,1.0
11.44732067633391,76.56611735674039,0.2881752,0.32086866365795336,0.312695297743465,Moderate,13.87999969907105,25.779999377205968,46.84999871253967,56.25999857485294,0.1387999969907105,0.17186666251470645,0.15616666237513224,0.14064999643713236,0.4027862548828125,16.031610107421898,97.78983093145123,1.0766982214296643,2342,23.606460571289062,236.24696350097656,-10,0.5625662803649902,8,2026-10-06 03:30:00,2026-10-01 23:00:00,1.0
11.44732067633391,76.61597385500903,0.005826046,0.32086866365795336,0.242108009243465,Low,13.87999969907105,25.779999377205968,46.84999871253967,56.25999857485294,0.1387999969907105,0.17186666251470645,0.15616666237513224,0.14064999643713236,0.4027862548828125,16.031610107421898,97.78983093145123,1.0766982214296643,2228,14.12484073638916,164.7794647216797,5,0.8378740549087524,8,2026-10-06 03:30:00,2026-10-01 23:00:00,1.0
11.44732067633391,76.66609984786288,0.015756635,0.31880966334460925,0.24304640625845694,Low,14.599999597296119,28.239999195560813,34.489998983219266,63.78999830968678,0.14599999597296118,0.18826666130373876,0.11496666327739756,0.15947499577421695,0.370849609375,15.851922607421898,97.26175058490006,0.6965507430515969,2208,4.996094703674316,157.79873657226562,10,0.348449558019638,8,2026-10-06 03:30:00,2026-10-01 23:00:00,1.0
11.44732067633391,76.71622584071679,0.0023832652,0.3506296636732916,0.26356806405496874,Moderate,20.28999958001077,34.809999188408256,40.37999910488725,81.22999885678291,0.20289999580010773,0.23206666125605505,0.13459999701629083,0.2030749971419573,0.32598876953125,16.549188232421898,93.8173899229638,0.5874157096577285,2064,9.608566284179688,17.01875877380371,-24,0.7665551900863647,14,2026-10-06 03:30:00,2026-10-01 23:00:00,1.0
11.44732067633391,76.76608233898543,0.008720151,0.3506296636732916,0.2651522855049687,Moderate,20.28999958001077,34.809999188408256,40.37999910488725,81.22999885678291,0.20289999580010773,0.23206666125605505,0.13459999701629083,0.2030749971419573,0.32598876953125,16.549188232421898,93.8173899229638,0.5874157096577285,1928,10.139018058776855,354.70074462890625,7,0.1645772159099578,10,2026-10-06 03:30:00,2026-10-01 23:00:00,1.0
11.44732067633391,76.81620833183928,0.05868319,0.35488099671620876,0.28083154503715657,Moderate,19.37999964877963,31.46999922953546,38.559999072924256,103.40999796427786,0.1937999964877963,0.20979999486356973,0.12853333024308086,0.25852499491069464,0.3047637939453125,19.197625732421898,89.0881952865077,0.6076377598789291,1899,26.790084838867188,281.090576171875,-9,0.7952877283096313,8,2026-10-06 03:30:00,2026-10-01 23:00:00,1.0
11.44732067633391,76.86606483010792,0.01677933,0.35488099671620876,0.2703555800371566,Moderate,19.37999964877963,31.46999922953546,38.559999072924256,103.40999796427786,0.1937999964877963,0.20979999486356973,0.12853333024308086,0.25852499491069464,0.3047637939453125,19.197625732421898,89.0881952865077,0.6076377598789291,1826,22.61908721923828,13.759326934814451,2,0.846375584602356,8,2026-10-06 03:30:00,2026-10-01 23:00:00,1.0
11.44732067633391,76.91619082296177,0.018466072,0.32831466283071786,0.2508525151230384,Moderate,15.929999405518174,20.22999930381775,30.4199989605695,101.0799978543073,0.15929999405518175,0.13486666202545167,0.10139999653523167,0.25269999463576825,0.3047637939453125,19.197625732421898,89.0881952865077,0.6076377598789291,1884,14.965147018432615,165.6904754638672,-7,0.7543244361877441,8,2026-10-06 03:30:00,2026-10-01 23:00:00,1.0
11.44732067633391,76.9660473212304,0.061955206,0.32831466283071786,0.2617247986230384,Moderate,15.929999405518174,20.22999930381775,30.4199989605695,101.0799978543073,0.15929999405518175,0.13486666202545167,0.10139999653523167,0.25269999463576825,0.3047637939453125,19.197625732421898,89.0881952865077,0.6076377598789291,1486,2.836625337600708,90.0,18,0.7993258833885193,8,2026-10-06 03:30:00,2026-10-01 23:00:00,1.0
11.44732067633391,77.01617331408426,0.0036405968,0.25263711909806974,0.1903879885235523,Low,8.809999892488122,9.259999878704548,13.909999705851078,72.85999847017229,0.08809999892488123,0.06173333252469699,0.04636666568617026,0.1821499961754307,0.2663726806640625,22.840203857421898,84.24802108040448,0.5634693201824427,927,6.658681392669678,277.9704895019531,-18,0.7771903276443481,8,2026-10-06 03:30:00,2026-10-01 23:00:00,0.887908935546875
11.44732067633391,77.0660298123529,0.0015473268,0.25263711909806974,0.1898646710235523,Low,8.809999892488122,9.259999878704548,13.909999705851078,72.85999847017229,0.08809999892488123,0.06173333252469699,0.04636666568617026,0.1821499961754307,0.2663726806640625,22.840203857421898,84.24802108040448,0.5634693201824427,267,0.0,0.0,0,0.2445244491100311,10,2026-10-06 03:30:00,2026-10-01 23:00:00,0.887908935546875
11.44732067633391,77.1161558052068,0.0026323285,0.26016333205631625,0.19578058116723718,Low,9.919999757781625,9.919999757781625,10.089999759569764,43.33999931626022,0.09919999757781625,0.06613333171854417,0.033633332531899214,0.10834999829065055,0.3894805908203125,23.951531982421898,84.77407465424136,0.7086298955174004,280,5.285150051116943,134.42442321777344,3,0.2003348171710968,10,2026-10-06 03:30:00,2026-10-01 23:00:00,1.0
11.44732067633391,77.16601230347544,0.00077745534,0.22064623582549395,0.16567904070412046,Low,2.259999955072999,2.2999999541789293,2.9799999315291643,27.659999381750822,0.02259999955072999,0.015333333027859528,0.009933333105097215,0.06914999845437705,0.2961883544921875,24.234735107421898,84.8444495623917,0.7275258929970638,285,3.361284017562866,145.7765655517578,1,0.2366656064987182,12,2026-10-06 03:30:00,2026-10-01 23:00:00,0.9872945149739584
11.44732067633391,77.21613829632929,0.0012569053,0.22064623582549395,0.16579890319412047,Low,2.259999955072999,2.2999999541789293,2.9799999315291643,27.659999381750822,0.02259999955072999,0.015333333027859528,0.009933333105097215,0.06914999845437705,0.2961883544921875,24.234735107421898,84.8444495623917,0.7275258929970638,266,5.472375392913818,120.45828247070312,-1,0.5529981851577759,12,2026-10-06 03:30:00,2026-10-01 23:00:00,0.9872945149739584
11.44732067633391,77.26599479459793,0.0011761127,0.15403485472400985,0.11582016921800739,Low,0.0,0.11999999731779099,1.2299999818205833,7.159999847412109,0.0,0.0007999999821186065,0.004099999939401944,0.017899999618530272,0.2240142822265625,24.754266357421898,84.123571610119,0.4959849445179419,234,0.9274099469184875,0.0,2,0.7537490129470825,14,2026-10-06 03:30:00,2026-10-01 23:00:00,0.7467142740885417
11.44732067633391,77.31612078745178,0.001390599,0.15403485472400985,0.11587379079300739,Low,0.0,0.11999999731779099,1.2299999818205833,7.159999847412109,0.0,0.0007999999821186065,0.004099999939401944,0.017899999618530272,0.2240142822265625,24.754266357421898,84.123571610119,0.4959849445179419,244,1.891942262649536,270.0,-10,0.6989381909370422,12,2026-10-06 03:30:00,2026-10-01 23:00:00,0.7467142740885417
11.44732067633391,77.36597728572042,0.0013596598,0.1292749263385932,0.09729610970394491,Low,0.0,0.11999999731779099,1.2299999818205833,7.159999847412109,0.0,0.0007999999821186065,0.004099999939401944,0.017899999618530272,0.1868743896484375,24.816766357421898,84.7639564480013,0.4635067437233908,233,0.9462290406227112,270.0,-1,0.2888540029525757,12,2026-10-06 03:30:00,2026-10-01 23:00:00,0.6229146321614584
11.547303167456413,75.56602295093015,0.00066683034,0.17758718750985963,0.13335709821739475,Low,0.0,35.62999917939305,35.66999917849898,35.66999917849898,0.0,0.23753332786262035,0.11889999726166328,0.08917499794624746,0.1398162841796875,25.215203857421898,95.87855451117773,1.2806326235142824,0,0.0,0.0,0,-0.2493752092123031,17,2026-10-06 03:30:00,2026-10-01 23:00:00,0.46605428059895837
11.547303167456413,75.616148943784,0.013144545,0.17758718750985963,0.13647652688239473,Low,0.0,35.62999917939305,35.66999917849898,35.66999917849898,0.0,0.23753332786262035,0.11889999726166328,0.08917499794624746,0.1398162841796875,25.215203857421898,95.87855451117773,1.2806326235142824,21,7.149688720703125,247.2226104736328,3,0.6406967043876648,2,2026-10-06 03:30:00,2026-10-01 23:00:00,0.46605428059895837
11.547303167456413,75.66600544205264,0.005151616,0.23850162772008532,0.180164124790064,Low,0.0,51.1099995020777,51.209999496117234,51.209999496117234,0.0,0.3407333300138513,0.1706999983203908,0.12802499874029308,0.176116943359375,25.021844482421898,96.3225030267595,1.160938819596912,5,1.3250515460968018,314.41424560546875,1,0.6779747605323792,10,2026-10-06 03:30:00,2026-10-01 23:00:00,0.5870564778645834
11.547303167456413,75.71613143490652,0.0027980357,0.23850162772008532,0.179575729715064,Low,0.0,51.1099995020777,51.209999496117234,51.209999496117234,0.0,0.3407333300138513,0.1706999983203908,0.12802499874029308,0.176116943359375,25.021844482421898,96.3225030267595,1.160938819596912,27,2.7802884578704834,0.0,1,0.7329396605491638,8,2026-10-06 03:30:00,2026-10-01 23:00:00,0.5870564778645834
11.547303167456413,75.76598793317515,0.01031557,0.30129799741978447,0.22855239056483836,Low,0.07999999634921551,42.68999891541898,42.68999891541898,42.899998903274536,0.0007999999634921551,0.2845999927694599,0.14229999638472995,0.10724999725818635,0.4046783447265625,24.598016357421898,96.88896424261657,1.1053336757025178,32,6.7003350257873535,34.232887268066406,2,0.6907419562339783,8,2026-10-06 03:30:00,2026-10-01 23:00:00,1.0
11.547303167456413,75.816113926029,0.020285923,0.30129799741978447,0.23104497881483835,Low,0.07999999634921551,42.68999891541898,42.68999891541898,42.899998903274536,0.0007999999634921551,0.2845999927694599,0.14229999638472995,0.10724999725818635,0.4046783447265625,24.598016357421898,96.88896424261657,1.1053336757025178,18,6.597246646881104,90.0,26,0.782463014125824,8,2026-10-06 03:30:00,2026-10-01 23:00:00,1.0
11.547303167456413,75.91609641715152,0.9851237,0.3356323304774861,0.4980051728581145,Moderate,7.149999745190144,48.199999053031206,51.82999898865819,56.90999894589186,0.07149999745190144,0.32133332702020806,0.1727666632955273,0.14227499736472965,0.3709869384765625,21.642938232421898,97.42546750326882,0.9439316767143412,677,34.30222702026367,213.85047912597656,8,0.8693440556526184,2,2026-10-06 03:30:00,2026-10-01 23:00:00,1.0
11.547303167456413,75.96622241000537,0.78426427,0.3356323304774861,0.44779031535811453,Moderate,7.149999745190144,48.199999053031206,51.82999898865819,56.90999894589186,0.07149999745190144,0.32133332702020806,0.1727666632955273,0.14227499736472965,0.3709869384765625,21.642938232421898,97.42546750326882,0.9439316767143412,1135,14.357010841369627,230.76950073242188,22,0.8200339674949646,2,2026-10-06 03:30:00,2026-10-01 23:00:00,1.0
11.547303167456413,76.01607890827404,0.9730568,0.3745723306456581,0.5241934479842436,High,27.009999714791775,44.77999931015074,52.9399990234524,60.86999879963696,0.27009999714791777,0.2985333287343383,0.176466663411508,0.1521749969990924,0.3709869384765625,21.642938232421898,97.42546750326882,0.9439316767143412,814,20.32160758972168,42.00558853149414,-19,0.6459993720054626,8,2026-10-06 03:30:00,2026-10-01 23:00:00,1.0
11.547303167456413,76.06620490112789,0.9823171,0.3745723306456581,0.5265085229842436,High,27.009999714791775,44.77999931015074,52.9399990234524,60.86999879963696,0.27009999714791777,0.2985333287343383,0.176466663411508,0.1521749969990924,0.3709869384765625,21.642938232421898,97.42546750326882,0.9439316767143412,972,31.985897064208984,314.41424560546875,-10,0.6636887192726135,2,2026-10-06 03:30:00,2026-10-01 23:00:00,1.0
11.547303167456413,76.11606139939653,0.99010706,0.3776676635315642,0.5307775126486732,High,30.929999394342303,43.629999266937375,50.92999919503927,57.0499990042299,0.30929999394342306,0.2908666617795825,0.16976666398346424,0.14262499751057475,0.3330535888671875,19.834344482421898,97.1894403532414,0.8838914972246127,918,32.30055236816406,357.0037841796875,17,0.8031268119812012,8,2026-10-06 03:30:00,2026-10-01 23:00:00,1.0
11.547303167456413,76.16618739225038,0.8309482,0.3776676635315642,0.4909877976486732,Moderate,30.929999394342303,43.629999266937375,50.92999919503927,57.0499990042299,0.30929999394342306,0.2908666617795825,0.16976666398346424,0.14262499751057475,0.3330535888671875,19.834344482421898,97.1894403532414,0.8838914972246127,886,16.12605094909668,316.7062683105469,-22,0.7698048949241638,8,2026-10-06 03:30:00,2026-10-01 23:00:00,1.0
11.547303167456413,76.21604389051902,0.26641008,0.3675909983638054,0.34229576877285406,Moderate,31.609999801963568,37.079999670386314,45.52999948710203,56.78999904356897,0.3160999980196357,0.24719999780257543,0.15176666495700677,0.14197499760892243,0.442596435546875,19.140985107421898,98.500067710598,0.8723371725603782,883,3.781105995178223,90.0,-15,0.8103480935096741,8,2026-10-06 03:30:00,2026-10-01 23:00:00,1.0
11.547303167456413,76.26616988337287,0.7539482,0.3675909983638054,0.46418029877285405,Moderate,31.609999801963568,37.079999670386314,45.52999948710203,56.78999904356897,0.3160999980196357,0.24719999780257543,0.15176666495700677,0.14197499760892243,0.442596435546875,19.140985107421898,98.500067710598,0.8723371725603782,847,7.149688720703125,112.77739715576172,17,0.8570652008056641,8,2026-10-06 03:30:00,2026-10-01 23:00:00,1.0
11.547303167456413,76.3160263816415,0.72419757,0.39695932966923964,0.47876888975192966,Moderate,30.689999474212527,50.479999052360654,57.479998813942075,71.49999869428575,0.30689999474212526,0.3365333270157377,0.19159999604647357,0.17874999673571437,0.476409912109375,19.894891357421898,99.14336529492824,0.7330321709405948,965,12.199559211730955,166.74632263183594,0,0.6069231033325195,8,2026-10-06 03:30:00,2026-10-01 23:00:00,1.0
11.547303167456413,76.36615237449541,0.309193,0.3587219952275977,0.34633974642069826,Moderate,28.909999053925276,33.599998930469155,47.38999871350825,54.29999857954681,0.2890999905392528,0.22399999286979436,0.15796666237836082,0.135749996448867,0.4867706298828125,18.195672607421898,99.72994178041412,0.7075709293626318,920,6.223128318786621,27.036540985107425,30,0.7836644649505615,8,2026-10-06 03:30:00,2026-10-01 23:00:00,1.0
11.547303167456413,76.41600887276405,0.6196115,0.3587219952275977,0.42394437142069824,Moderate,28.909999053925276,33.599998930469155,47.38999871350825,54.29999857954681,0.2890999905392528,0.22399999286979436,0.15796666237836082,0.135749996448867,0.4867706298828125,18.195672607421898,99.72994178041412,0.7075709293626318,1050,22.033912658691406,136.05145263671875,-19,0.7967454791069031,8,2026-10-06 03:30:00,2026-10-01 23:00:00,1.0
11.547303167456413,76.4661348656179,0.04580172,0.3587219952275977,0.28049192642069826,Moderate,28.909999053925276,33.599998930469155,47.38999871350825,54.29999857954681,0.2890999905392528,0.22399999286979436,0.15796666237836082,0.135749996448867,0.4161834716796875,16.123406982421898,99.75046660056694,0.9977862212013844,964,9.84999656677246,41.76726913452149,1,0.763588011264801,9,2026-10-06 03:30:00,2026-10-01 23:00:00,1.0
11.547303167456413,76.51599136388654,0.07118346,0.3587219952275977,0.28683736142069827,Moderate,28.909999053925276,33.599998930469155,47.38999871350825,54.29999857954681,0.2890999905392528,0.22399999286979436,0.15796666237836082,0.135749996448867,0.4161834716796875,16.123406982421898,99.75046660056694,0.9977862212013844,936,15.666781425476074,36.09360122680664,-18,0.7579596638679504,5,2026-10-06 03:30:00,2026-10-01 23:00:00,1.0
11.547303167456413,76.56611735674039,0.0033250374,0.4085346609620378,0.30723225507152835,Moderate,37.79999893531203,44.88999874703586,61.939998380839825,70.99999811314046,0.37799998935312035,0.2992666583135724,0.20646666126946608,0.17749999528285115,0.4027862548828125,16.031610107421898,97.78983093145123,1.0766982214296643,922,2.10732650756836,243.90069580078125,-6,0.7203208208084106,4,2026-10-06 03:30:00,2026-10-01 23:00:00,1.0
11.547303167456413,76.61597385500903,0.002278036,0.4085346609620378,0.30697050472152837,Moderate,37.79999893531203,44.88999874703586,61.939998380839825,70.99999811314046,0.37799998935312035,0.2992666583135724,0.20646666126946608,0.17749999528285115,0.4027862548828125,16.031610107421898,97.78983093145123,1.0766982214296643,969,1.3250515460968018,314.41424560546875,10,0.5249266624450684,4,2026-10-06 03:30:00,2026-10-01 23:00:00,1.0
11.547303167456413,76.66609984786288,0.002868308,0.3293526645269866,0.24773157539523993,Low,20.619999649003148,26.349999517202377,32.31999940611422,68.29999910481274,0.20619999649003148,0.17566666344801585,0.10773333135371407,0.17074999776203184,0.370849609375,15.851922607421898,97.26175058490006,0.6965507430515969,925,4.688499450683594,233.69081115722656,-1,0.331106424331665,10,2026-10-06 03:30:00,2026-10-01 23:00:00,1.0
11.547303167456413,76.71622584071679,0.0015272094,0.31719333040192726,0.23827680015144545,Low,19.369999589398503,25.159999396651983,27.519999319687486,59.199998155236244,0.19369999589398504,0.16773332931101323,0.09173333106562495,0.1479999953880906,0.32598876953125,16.549188232421898,93.8173899229638,0.5874157096577285,920,2.7802884578704834,180.0,5,0.4284896552562713,10,2026-10-06 03:30:00,2026-10-01 23:00:00,1.0
11.547303167456413,76.76608233898543,0.0015232329,0.31719333040192726,0.23827580602644546,Low,19.369999589398503,25.159999396651983,27.519999319687486,59.199998155236244,0.19369999589398504,0.16773332931101323,0.09173333106562495,0.1479999953880906,0.32598876953125,16.549188232421898,93.8173899229638,0.5874157096577285,807,1.3250515460968018,314.41424560546875,-5,0.2824858725070953,10,2026-10-06 03:30:00,2026-10-01 23:00:00,1.0
11.547303167456413,76.81620833183928,0.0050116656,0.311310331197083,0.23473566479781224,Low,10.70999981276691,17.869999699294567,29.329999513924122,94.72999789565802,0.1070999981276691,0.11913333132863045,0.09776666504641374,0.23682499473914503,0.3047637939453125,19.197625732421898,89.0881952865077,0.6076377598789291,729,17.34052085876465,43.46348190307617,1,0.3143528401851654,9,2026-10-06 03:30:00,2026-10-01 23:00:00,1.0
11.547303167456413,76.86606483010792,0.007100159,0.311310331197083,0.23525778814781226,Low,10.70999981276691,17.869999699294567,29.329999513924122,94.72999789565802,0.1070999981276691,0.11913333132863045,0.09776666504641374,0.23682499473914503,0.3047637939453125,19.197625732421898,89.0881952865077,0.6076377598789291,954,21.792770385742188,332.9634704589844,6,0.7179864645004272,8,2026-10-06 03:30:00,2026-10-01 23:00:00,1.0
11.547303167456413,76.91619082296177,0.016282272,0.30015366488757234,0.22918581666567925,Low,10.399999821558595,12.759999753907323,24.809999438002706,91.78999857977033,0.10399999821558595,0.08506666502604882,0.08269999812667568,0.22947499644942582,0.3047637939453125,19.197625732421898,89.0881952865077,0.6076377598789291,573,20.038724899291992,338.7528076171875,-11,0.708984375,8,2026-10-06 03:30:00,2026-10-01 23:00:00,1.0
11.547303167456413,76.9660473212304,0.0031332984,0.30015366488757234,0.22589857326567925,Low,10.399999821558595,12.759999753907323,24.809999438002706,91.78999857977033,0.10399999821558595,0.08506666502604882,0.08269999812667568,0.22947499644942582,0.3047637939453125,19.197625732421898,89.0881952865077,0.6076377598789291,389,9.262788772583008,322.566162109375,-17,0.3783663809299469,10,2026-10-06 03:30:00,2026-10-01 23:00:00,1.0
11.547303167456413,77.01617331408426,0.0026182751,0.25565345235851905,0.1923946580438893,Low,2.689999980852008,3.279999975115061,13.109999794512987,117.4099976234138,0.026899999808520078,0.021866666500767074,0.04369999931504329,0.2935249940585345,0.2663726806640625,22.840203857421898,84.24802108040448,0.5634693201824427,333,2.10732650756836,243.90069580078125,12,0.3068088293075561,10,2026-10-06 03:30:00,2026-10-01 23:00:00,0.887908935546875
11.547303167456413,77.0660298123529,0.00563383,0.25565345235851905,0.1931485467688893,Low,2.689999980852008,3.279999975115061,13.109999794512987,117.4099976234138,0.026899999808520078,0.021866666500767074,0.04369999931504329,0.2935249940585345,0.2663726806640625,22.840203857421898,84.24802108040448,0.5634693201824427,680,16.850143432617188,291.9706420898437,-41,0.5312716364860535,10,2026-10-06 03:30:00,2026-10-01 23:00:00,0.887908935546875
11.547303167456413,77.1161558052068,0.0007574557,0.2697729982837414,0.20251911263780606,Low,4.219999900087714,4.979999873787165,14.969999624416232,88.08999783731997,0.04219999900087714,0.0331999991585811,0.049899998748054106,0.22022499459329992,0.3894805908203125,23.951531982421898,84.77407465424136,0.7086298955174004,361,3.3616607189178467,325.7671203613281,-7,0.3904305696487427,12,2026-10-06 03:30:00,2026-10-01 23:00:00,1.0
11.547303167456413,77.16601230347544,0.00073745917,0.2547712350747859,0.1912627910985894,Low,3.109999928623438,10.819999787956476,17.119999600574374,51.709998870268464,0.03109999928623438,0.07213333191970984,0.057066665335247915,0.12927499717567115,0.2961883544921875,24.234735107421898,84.8444495623917,0.7275258929970638,310,2.9365251064300537,198.789291381836,5,0.4017094075679779,12,2026-10-06 03:30:00,2026-10-01 23:00:00,0.9872945149739584
11.547303167456413,77.21613829632929,0.0012546924,0.2547712350747859,0.1913920994060894,Low,3.109999928623438,10.819999787956476,17.119999600574374,51.709998870268464,0.03109999928623438,0.07213333191970984,0.057066665335247915,0.12927499717567115,0.2961883544921875,24.234735107421898,84.8444495623917,0.7275258929970638,294,5.473810195922852,120.44940185546876,-1,0.2886122763156891,12,2026-10-06 03:30:00,2026-10-01 23:00:00,0.9872945149739584
11.547303167456413,77.26599479459793,0.0057942937,0.18612718753839536,0.1410439640787965,Low,1.949999937787652,8.68999987281859,14.949999772012234,23.30999965965748,0.01949999937787652,0.05793333248545726,0.04983333257337411,0.0582749991491437,0.2240142822265625,24.754266357421898,84.123571610119,0.4959849445179419,323,20.406742095947266,141.5558624267578,-6,0.242067813873291,12,2026-10-06 03:30:00,2026-10-01 23:00:00,0.7467142740885417
11.547303167456413,77.31612078745178,0.0018592727,0.18612718753839536,0.1400602088287965,Low,1.949999937787652,8.68999987281859,14.949999772012234,23.30999965965748,0.01949999937787652,0.05793333248545726,0.04983333257337411,0.0582749991491437,0.2240142822265625,24.754266357421898,84.123571610119,0.4959849445179419,316,17.47866439819336,308.0896301269531,4,0.4419088363647461,12,2026-10-06 03:30:00,2026-10-01 23:00:00,0.7467142740885417
11.547303167456413,77.36597728572042,0.002179568,0.16136725915297867,0.12157033636473401,Low,1.949999937787652,8.68999987281859,14.949999772012234,23.30999965965748,0.01949999937787652,0.05793333248545726,0.04983333257337411,0.0582749991491437,0.1868743896484375,24.816766357421898,84.7639564480013,0.4635067437233908,269,0.9465649724006652,270.0,-2,0.2517857253551483,9,2026-10-06 03:30:00,2026-10-01 23:00:00,0.6229146321614584
11.597429160310284,75.56602295093015,0.0007401113,0.25106366536132996,0.18848277684599746,Low,0.029999999329447746,21.33999945782125,21.719999441877007,21.72999944165349,0.00029999999329447744,0.14226666305214167,0.07239999813959003,0.05432499860413373,0.31842041015625,24.906610107421898,97.50985667921354,1.2023410288188638,0,0.0,0.0,0,-0.2823511660099029,17,2026-10-06 03:30:00,2026-10-01 23:00:00,1.0
11.597429160310284,75.616148943784,0.030466974,0.25106366536132996,0.19591449252099746,Low,0.029999999329447746,21.33999945782125,21.719999441877007,21.72999944165349,0.00029999999329447744,0.14226666305214167,0.07239999813959003,0.05432499860413373,0.31842041015625,24.906610107421898,97.50985667921354,1.2023410288188638,32,12.089173316955566,67.79668426513672,6,0.6010210514068604,14,2026-10-06 03:30:00,2026-10-01 23:00:00,1.0
11.597429160310284,75.66600544205264,0.015137892,0.35295932932272556,0.2685039699920442,Moderate,0.0,63.52999833226204,65.47999828308821,65.61999828368425,0.0,0.4235333222150803,0.21826666094362734,0.16404999570921064,0.3776092529296875,24.715203857421898,98.21629942153064,1.0511345501796283,8,10.064309120178224,248.60308837890625,2,0.4832301139831543,8,2026-10-06 03:30:00,2026-10-01 23:00:00,1.0
11.597429160310284,75.71613143490652,0.0063614664,0.35295932932272556,0.26630986359204417,Moderate,0.0,63.52999833226204,65.47999828308821,65.61999828368425,0.0,0.4235333222150803,0.21826666094362734,0.16404999570921064,0.3776092529296875,24.715203857421898,98.21629942153064,1.0511345501796283,14,2.7802884578704834,180.0,-3,0.766478955745697,8,2026-10-06 03:30:00,2026-10-01 23:00:00,1.0
11.597429160310284,75.76598793317515,0.018009631,0.30222899678225323,0.23117415533668992,Low,0.3299999888986349,42.11999866552651,43.36999864131212,43.88999862968922,0.003299999888986349,0.28079999110351006,0.14456666213770708,0.10972499657422304,0.3725738525390625,23.506219482421898,98.60660589733624,1.0143811754336318,27,7.901971340179443,225.59088134765625,13,0.7119173407554626,8,2026-10-06 03:30:00,2026-10-01 23:00:00,1.0
11.597429160310284,75.816113926029,0.031637277,0.30222899678225323,0.23458106683668992,Low,0.3299999888986349,42.11999866552651,43.36999864131212,43.88999862968922,0.003299999888986349,0.28079999110351006,0.14456666213770708,0.10972499657422304,0.3725738525390625,23.506219482421898,98.60660589733624,1.0143811754336318,45,6.849623203277588,105.63593292236328,8,0.6244865655899048,8,2026-10-06 03:30:00,2026-10-01 23:00:00,1.0
11.597429160310284,75.91609641715152,0.26989824,0.3082473307678476,0.2986600580758857,Moderate,10.829999707639217,33.61999921314418,35.969999155029655,43.899999069049954,0.10829999707639218,0.2241333280876279,0.11989999718343218,0.10974999767262489,0.44415283203125,20.404656982421898,98.8121544302424,0.8314764768150245,804,7.612639904022217,194.31686401367188,-12,0.8236914873123169,8,2026-10-06 03:30:00,2026-10-01 23:00:00,1.0
11.597429160310284,75.96622241000537,0.93793005,0.3082473307678476,0.4656680105758857,Moderate,10.829999707639217,33.61999921314418,35.969999155029655,43.899999069049954,0.10829999707639218,0.2241333280876279,0.11989999718343218,0.10974999767262489,0.44415283203125,20.404656982421898,98.8121544302424,0.8314764768150245,1341,18.612812042236328,78.91519165039062,16,0.7964250445365906,2,2026-10-06 03:30:00,2026-10-01 23:00:00,1.0
11.597429160310284,76.01607890827404,0.15812102,0.4303726626476273,0.3623097519857205,Moderate,42.59999934211373,57.819998955354095,60.20999891124666,70.6599985640496,0.4259999934211373,0.3854666597023606,0.2006999963708222,0.176649996410124,0.44415283203125,20.404656982421898,98.8121544302424,0.8314764768150245,731,2.081732749938965,332.95928955078125,9,0.6692361831665039,8,2026-10-06 03:30:00,2026-10-01 23:00:00,1.0
11.597429160310284,76.06620490112789,0.18141547,0.4303726626476273,0.3681333644857205,Moderate,42.59999934211373,57.819998955354095,60.20999891124666,70.6599985640496,0.4259999934211373,0.3854666597023606,0.2006999963708222,0.176649996410124,0.44415283203125,20.404656982421898,98.8121544302424,0.8314764768150245,759,1.8929533958435056,270.0,0,0.5259697437286377,8,2026-10-06 03:30:00,2026-10-01 23:00:00,1.0
11.597429160310284,76.11606139939653,0.7935154,0.44147765940520917,0.5294870945539069,High,45.36999864503741,58.8399981725961,63.94999806210399,73.62999789603055,0.4536999864503741,0.39226665448397396,0.21316666020701328,0.18407499474007635,0.417388916015625,19.750360107421898,98.85422709004152,0.7360304124619094,1391,7.612639904022217,194.31686401367188,-42,0.3045910000801086,8,2026-10-06 03:30:00,2026-10-01 23:00:00,1.0
11.597429160310284,76.16618739225038,0.460536,0.44147765940520917,0.4462422445539069,Moderate,45.36999864503741,58.8399981725961,63.94999806210399,73.62999789603055,0.4536999864503741,0.39226665448397396,0.21316666020701328,0.18407499474007635,0.417388916015625,19.750360107421898,98.85422709004152,0.7360304124619094,759,1.325173020362854,134.40911865234375,8,0.5917816758155823,2,2026-10-06 03:30:00,2026-10-01 23:00:00,1.0
11.597429160310284,76.21604389051902,0.45657358,0.5677003276677182,0.5399186407507887,High,75.92999893054366,86.11999860033393,91.67999850586057,101.26999832317233,0.7592999893054366,0.5741333240022262,0.3055999950195352,0.25317499580793085,0.4056396484375,18.894891357421898,99.25792025513512,0.7040756451241436,896,8.589301109313965,229.98171997070312,3,0.7550925016403198,8,2026-10-06 03:30:00,2026-10-01 23:00:00,1.0
11.597429160310284,76.26616988337287,0.018808017,0.5677003276677182,0.4304772500007886,Moderate,75.92999893054366,86.11999860033393,91.67999850586057,101.26999832317233,0.7592999893054366,0.5741333240022262,0.3055999950195352,0.25317499580793085,0.4056396484375,18.894891357421898,99.25792025513512,0.7040756451241436,863,3.704791784286499,180.0,1,0.2959285080432892,12,2026-10-06 03:30:00,2026-10-01 23:00:00,1.0
11.597429160310284,76.3160263816415,0.74954987,0.5247726553519567,0.5809669590139676,High,59.96999769285321,80.79999729804695,87.4199971538037,97.41999691724777,0.5996999769285322,0.5386666486536463,0.291399990512679,0.24354999229311944,0.41064453125,18.812860107421898,98.72533680991434,0.4201656392990792,907,15.05556297302246,233.0010223388672,1,0.8247835040092468,8,2026-10-06 03:30:00,2026-10-01 23:00:00,1.0
11.597429160310284,76.36615237449541,0.34434518,0.5055893277730793,0.4652782908298094,Moderate,56.79999900236726,77.29999862238765,80.31999857351184,90.55999809131026,0.5679999900236726,0.515333324149251,0.2677333285783728,0.22639999522827567,0.4404144287109375,18.291375732421898,97.88759623917444,0.462340628183607,963,10.139062881469728,354.69793701171875,-16,0.5890522599220276,2,2026-10-06 03:30:00,2026-10-01 23:00:00,1.0
11.597429160310284,76.41600887276405,0.037269596,0.5055893277730793,0.38850939482980945,Moderate,56.79999900236726,77.29999862238765,80.31999857351184,90.55999809131026,0.5679999900236726,0.515333324149251,0.2677333285783728,0.22639999522827567,0.4404144287109375,18.291375732421898,97.88759623917444,0.462340628183607,985,11.336349487304688,345.6831359863281,-7,0.7078477144241333,2,2026-10-06 03:30:00,2026-10-01 23:00:00,1.0
11.597429160310284,76.4661348656179,0.026266087,0.5055893277730793,0.38575851757980945,Moderate,56.79999900236726,77.29999862238765,80.31999857351184,90.55999809131026,0.5679999900236726,0.515333324149251,0.2677333285783728,0.22639999522827567,0.390838623046875,17.680047607421898,97.55214101353192,0.9772254946067168,1036,3.893197774887085,103.76068115234376,-1,0.7815960049629211,5,2026-10-06 03:30:00,2026-10-01 23:00:00,1.0
11.597429160310284,76.51599136388654,0.009739608,0.5055893277730793,0.38162689782980946,Moderate,56.79999900236726,77.29999862238765,80.31999857351184,90.55999809131026,0.5679999900236726,0.515333324149251,0.2677333285783728,0.22639999522827567,0.390838623046875,17.680047607421898,97.55214101353192,0.9772254946067168,966,10.850900650024414,239.5550994873047,-6,0.5558534264564514,4,2026-10-06 03:30:00,2026-10-01 23:00:00,1.0
11.597429160310284,76.56611735674039,0.0020472559,0.4027459945557018,0.3025713098917764,Moderate,37.06999898701906,50.96999862790108,52.00999861955643,65.25999829918146,0.3706999898701906,0.33979999085267387,0.17336666206518808,0.16314999574795366,0.3860626220703125,18.037469482421898,97.9558255144494,1.1310784009377883,914,2.936579704284668,161.2075653076172,0,0.4837430715560913,4,2026-10-06 03:30:00,2026-10-01 23:00:00,1.0
11.597429160310284,76.61597385500903,0.004913953,0.4027459945557018,0.3032879841667764,Moderate,37.06999898701906,50.96999862790108,52.00999861955643,65.25999829918146,0.3706999898701906,0.33979999085267387,0.17336666206518808,0.16314999574795366,0.3860626220703125,18.037469482421898,97.9558255144494,1.1310784009377883,847,9.610397338867188,298.5556335449219,-36,0.3172633945941925,4,2026-10-06 03:30:00,2026-10-01 23:00:00,1.0
11.597429160310284,76.66609984786288,0.0015326893,0.4123443292260791,0.30964141924455935,Moderate,40.629999255761504,46.75999910198152,46.989999091252685,87.22999813221395,0.40629999255761506,0.31173332734654347,0.15663333030417562,0.21807499533053487,0.3703460693359375,18.574578857421898,97.79618305629334,1.2829652796776525,926,4.209574699401856,296.0952453613281,4,0.2703694999217987,9,2026-10-06 03:30:00,2026-10-01 23:00:00,1.0
11.597429160310284,76.71622584071679,0.00508443,0.3566656767742088,0.2687703650806566,Moderate,26.50999953597784,28.57999946922064,28.9899994507432,112.15999804064631,0.2650999953597784,0.19053332979480425,0.09663333150247733,0.2803999951016158,0.29083251953125,19.285516357421898,95.35529884454904,1.161344945329558,812,15.767651557922363,55.01940536499024,-7,0.2863415479660034,12,2026-10-06 03:30:00,2026-10-01 23:00:00,0.9694417317708334
11.597429160310284,76.76608233898543,0.0011753058,0.3566656767742088,0.2677930840306566,Moderate,26.50999953597784,28.57999946922064,28.9899994507432,112.15999804064631,0.2650999953597784,0.19053332979480425,0.09663333150247733,0.2803999951016158,0.29083251953125,19.285516357421898,95.35529884454904,1.161344945329558,863,6.70071268081665,325.7623291015625,-4,0.2959608435630798,12,2026-10-06 03:30:00,2026-10-01 23:00:00,0.9694417317708334
11.597429160310284,76.81620833183928,0.002472709,0.28280871305484323,0.2127247120411324,Low,8.169999703764915,12.759999588131905,13.159999573603272,132.0599978659302,0.08169999703764916,0.08506666392087936,0.043866665245344244,0.3301499946648255,0.2644500732421875,20.523797607421898,91.6839955610812,0.8279334784993784,713,25.34622001647949,303.14678955078125,-9,0.342085599899292,12,2026-10-06 03:30:00,2026-10-01 23:00:00,0.881500244140625
11.597429160310284,76.86606483010792,0.0011169518,0.28280871305484323,0.21238577274113243,Low,8.169999703764915,12.759999588131905,13.159999573603272,132.0599978659302,0.08169999703764916,0.08506666392087936,0.043866665245344244,0.3301499946648255,0.2644500732421875,20.523797607421898,91.6839955610812,0.8279334784993784,436,2.83814001083374,270.0,-1,0.3170467019081116,12,2026-10-06 03:30:00,2026-10-01 23:00:00,0.881500244140625
11.597429160310284,76.91619082296177,0.0057162126,0.2708797130873427,0.20458883796550703,Low,9.239999767392874,10.749999728053808,17.20999958179891,101.72999736480415,0.09239999767392874,0.07166666485369205,0.057366665272663035,0.25432499341201037,0.2644500732421875,20.523797607421898,91.6839955610812,0.8279334784993784,714,12.646193504333496,106.77335357666016,27,0.4207589328289032,10,2026-10-06 03:30:00,2026-10-01 23:00:00,0.881500244140625
11.597429160310284,76.9660473212304,0.0047504385,0.2708797130873427,0.20434739444050704,Low,9.239999767392874,10.749999728053808,17.20999958179891,101.72999736480415,0.09239999767392874,0.07166666485369205,0.057366665272663035,0.25432499341201037,0.2644500732421875,20.523797607421898,91.6839955610812,0.8279334784993784,791,17.964214324951172,240.04833984375,-33,0.3533396422863006,12,2026-10-06 03:30:00,2026-10-01 23:00:00,0.881500244140625
11.597429160310284,77.01617331408426,0.012216422,0.27099266506104425,0.20629860429578317,Low,6.149999821558595,6.429999805986881,15.129999659955502,79.45999846048653,0.061499998215585945,0.04286666537324588,0.050433332199851674,0.19864999615121634,0.314788818359375,21.156610107421898,91.64444066702094,0.3626314479327083,606,26.66811180114746,143.68389892578125,-8,0.5296757221221924,9,2026-10-06 03:30:00,2026-10-01 23:00:00,1.0
11.597429160310284,77.0660298123529,0.029082812,0.27099266506104425,0.21051520179578317,Low,6.149999821558595,6.429999805986881,15.129999659955502,79.45999846048653,0.061499998215585945,0.04286666537324588,0.050433332199851674,0.19864999615121634,0.314788818359375,21.156610107421898,91.64444066702094,0.3626314479327083,1235,19.13821029663086,270.0,12,0.6934453845024109,8,2026-10-06 03:30:00,2026-10-01 23:00:00,1.0
11.597429160310284,77.1161558052068,0.015337146,0.3464549941929678,0.2636755321447259,Moderate,25.12999890744686,25.829998895525932,34.15999861061573,82.62999733537436,0.2512999890744686,0.17219999263683955,0.11386666203538577,0.20657499333843587,0.364959716796875,21.297235107421898,92.16446838869436,0.293160776850249,962,29.862598419189453,126.30427551269533,25,0.5678876638412476,8,2026-10-06 03:30:00,2026-10-01 23:00:00,1.0
11.597429160310284,77.16601230347544,0.0047425996,0.34574632998562105,0.26049539738921573,Moderate,23.689999505877495,31.09999941289425,34.05999932438135,75.88999761454761,0.23689999505877496,0.207333329419295,0.11353333108127117,0.18972499403636903,0.36309814453125,21.010125732421898,93.23707131064587,0.5395743459340466,524,17.370214462280273,151.61119079589844,4,0.5338281989097595,9,2026-10-06 03:30:00,2026-10-01 23:00:00,1.0
11.597429160310284,77.21613829632929,0.0041572843,0.34574632998562105,0.26034906856421575,Moderate,23.689999505877495,31.09999941289425,34.05999932438135,75.88999761454761,0.23689999505877496,0.207333329419295,0.11353333108127117,0.18972499403636903,0.36309814453125,21.010125732421898,93.23707131064587,0.5395743459340466,399,12.50442600250244,323.40869140625,15,0.6398343443870544,9,2026-10-06 03:30:00,2026-10-01 23:00:00,1.0
11.597429160310284,77.26599479459793,0.03464046,0.25980699815222374,0.2035153636141678,Low,9.57999967597425,12.05999962054193,15.409999528899789,30.90999916382134,0.0957999967597425,0.08039999747027954,0.05136666509633263,0.07727499790955335,0.3431396484375,21.092156982421898,93.76120247844506,0.693856013394284,1325,31.579599380493164,48.82612991333008,-22,0.8423455953598022,2,2026-10-06 03:30:00,2026-10-01 23:00:00,1.0
11.597429160310284,77.31612078745178,0.01371027,0.25980699815222374,0.19828281611416781,Low,9.57999967597425,12.05999962054193,15.409999528899789,30.90999916382134,0.0957999967597425,0.08039999747027954,0.05136666509633263,0.07727499790955335,0.3431396484375,21.092156982421898,93.76120247844506,0.693856013394284,538,24.045425415039062,90.0,33,0.5575970411300659,4,2026-10-06 03:30:00,2026-10-01 23:00:00,1.0
11.597429160310284,77.36597728572042,0.004657154,0.25980699815222374,0.1960195371141678,Low,9.57999967597425,12.05999962054193,15.409999528899789,30.90999916382134,0.0957999967597425,0.08039999747027954,0.05136666509633263,0.07727499790955335,0.3507232666015625,21.539422607421898,93.5897646917547,0.6865084474491258,437,24.616260528564453,332.0389709472656,-42,0.678105354309082,9,2026-10-06 03:30:00,2026-10-01 23:00:00,1.0
11.647285658578916,75.56602295093015,0.020545037,0.25106366536132996,0.19343400827099747,Low,0.029999999329447746,21.33999945782125,21.719999441877007,21.72999944165349,0.00029999999329447744,0.14226666305214167,0.07239999813959003,0.05432499860413373,0.31842041015625,24.906610107421898,97.50985667921354,1.2023410288188638,33,6.663299083709717,82.0351333618164,13,0.6517015099525452,8,2026-10-06 03:30:00,2026-10-01 23:00:00,1.0
11.647285658578916,75.616148943784,0.0042379596,0.25106366536132996,0.18935723892099746,Low,0.029999999329447746,21.33999945782125,21.719999441877007,21.72999944165349,0.00029999999329447744,0.14226666305214167,0.07239999813959003,0.05432499860413373,0.31842041015625,24.906610107421898,97.50985667921354,1.2023410288188638,33,3.893851518630981,103.75831604003906,2,0.7216541171073914,8,2026-10-06 03:30:00,2026-10-01 23:00:00,1.0
11.647285658578916,75.66600544205264,0.006598561,0.35295932932272556,0.26636913724204414,Moderate,0.0,63.52999833226204,65.47999828308821,65.61999828368425,0.0,0.4235333222150803,0.21826666094362734,0.16404999570921064,0.3776092529296875,24.715203857421898,98.21629942153064,1.0511345501796283,24,2.936634063720703,161.20443725585938,-5,0.6288414001464844,8,2026-10-06 03:30:00,2026-10-01 23:00:00,1.0
11.647285658578916,75.71613143490652,0.0049467627,0.35295932932272556,0.26595618766704415,Moderate,0.0,63.52999833226204,65.47999828308821,65.61999828368425,0.0,0.4235333222150803,0.21826666094362734,0.16404999570921064,0.3776092529296875,24.715203857421898,98.21629942153064,1.0511345501796283,33,4.210178375244141,243.90879821777344,4,0.6099096536636353,8,2026-10-06 03:30:00,2026-10-01 23:00:00,1.0
11.647285658578916,75.76598793317515,0.004157926,0.30222899678225323,0.22771122908668992,Low,0.3299999888986349,42.11999866552651,43.36999864131212,43.88999862968922,0.003299999888986349,0.28079999110351006,0.14456666213770708,0.10972499657422304,0.3725738525390625,23.506219482421898,98.60660589733624,1.0143811754336318,21,2.1079347133636475,296.0912170410156,1,0.7315924763679504,8,2026-10-06 03:30:00,2026-10-01 23:00:00,1.0
11.647285658578916,75.816113926029,0.03350764,0.30222899678225323,0.2350486575866899,Low,0.3299999888986349,42.11999866552651,43.36999864131212,43.88999862968922,0.003299999888986349,0.28079999110351006,0.14456666213770708,0.10972499657422304,0.3725738525390625,23.506219482421898,98.60660589733624,1.0143811754336318,50,5.422237873077393,31.49222755432129,-6,0.8132964968681335,2,2026-10-06 03:30:00,2026-10-01 23:00:00,1.0
11.647285658578916,75.91609641715152,0.95370066,0.3082473307678476,0.4696106630758857,Moderate,10.829999707639217,33.61999921314418,35.969999155029655,43.899999069049954,0.10829999707639218,0.2241333280876279,0.11989999718343218,0.10974999767262489,0.44415283203125,20.404656982421898,98.8121544302424,0.8314764768150245,969,24.88742446899414,85.99822998046875,-20,0.8387254476547241,8,2026-10-06 03:30:00,2026-10-01 23:00:00,1.0
11.647285658578916,75.96622241000537,0.9309456,0.3082473307678476,0.4639218980758857,Moderate,10.829999707639217,33.61999921314418,35.969999155029655,43.899999069049954,0.10829999707639218,0.2241333280876279,0.11989999718343218,0.10974999767262489,0.44415283203125,20.404656982421898,98.8121544302424,0.8314764768150245,750,18.166105270385746,233.7006072998047,-1,0.4866572916507721,8,2026-10-06 03:30:00,2026-10-01 23:00:00,1.0
11.647285658578916,76.01607890827404,0.34634194,0.4303726626476273,0.4093649819857205,Moderate,42.59999934211373,57.819998955354095,60.20999891124666,70.6599985640496,0.4259999934211373,0.3854666597023606,0.2006999963708222,0.176649996410124,0.44415283203125,20.404656982421898,98.8121544302424,0.8314764768150245,753,6.663299083709717,97.9648666381836,-2,0.7166066765785217,8,2026-10-06 03:30:00,2026-10-01 23:00:00,1.0
11.647285658578916,76.06620490112789,0.109184645,0.4303726626476273,0.3500756582357205,Moderate,42.59999934211373,57.819998955354095,60.20999891124666,70.6599985640496,0.4259999934211373,0.3854666597023606,0.2006999963708222,0.176649996410124,0.44415283203125,20.404656982421898,98.8121544302424,0.8314764768150245,779,2.936634063720703,198.79556274414065,-5,0.728038489818573,8,2026-10-06 03:30:00,2026-10-01 23:00:00,1.0
11.647285658578916,76.11606139939653,0.0919272,0.44147765940520917,0.35409004455390686,Moderate,45.36999864503741,58.8399981725961,63.94999806210399,73.62999789603055,0.4536999864503741,0.39226665448397396,0.21316666020701328,0.18407499474007635,0.417388916015625,19.750360107421898,98.85422709004152,0.7360304124619094,737,2.7802884578704834,0.0,-2,0.7864999771118164,14,2026-10-06 03:30:00,2026-10-01 23:00:00,1.0
11.647285658578916,76.16618739225038,0.05311458,0.44147765940520917,0.34438688955390684,Moderate,45.36999864503741,58.8399981725961,63.94999806210399,73.62999789603055,0.4536999864503741,0.39226665448397396,0.21316666020701328,0.18407499474007635,0.417388916015625,19.750360107421898,98.85422709004152,0.7360304124619094,775,2.9858312606811523,108.08029174804688,-1,0.661461591720581,14,2026-10-06 03:30:00,2026-10-01 23:00:00,1.0
11.647285658578916,76.21604389051902,0.0199529,0.5677003276677182,0.43076347075078864,Moderate,75.92999893054366,86.11999860033393,91.67999850586057,101.26999832317233,0.7592999893054366,0.5741333240022262,0.3055999950195352,0.25317499580793085,0.4056396484375,18.894891357421898,99.25792025513512,0.7040756451241436,785,2.9858312606811523,108.08029174804688,-8,0.2941828370094299,8,2026-10-06 03:30:00,2026-10-01 23:00:00,1.0
11.647285658578916,76.26616988337287,0.20094262,0.5677003276677182,0.4760109007507886,Moderate,75.92999893054366,86.11999860033393,91.67999850586057,101.26999832317233,0.7592999893054366,0.5741333240022262,0.3055999950195352,0.25317499580793085,0.4056396484375,18.894891357421898,99.25792025513512,0.7040756451241436,883,11.157044410705566,311.0423583984375,-6,0.6757405996322632,14,2026-10-06 03:30:00,2026-10-01 23:00:00,1.0
11.647285658578916,76.3160263816415,0.023282668,0.5247726553519567,0.39940015851396754,Moderate,59.96999769285321,80.79999729804695,87.4199971538037,97.41999691724777,0.5996999769285322,0.5386666486536463,0.291399990512679,0.24354999229311944,0.41064453125,18.812860107421898,98.72533680991434,0.4201656392990792,881,3.3620409965515137,214.242431640625,-16,0.7447757720947266,14,2026-10-06 03:30:00,2026-10-01 23:00:00,1.0
11.647285658578916,76.36615237449541,0.024392433,0.5055893277730793,0.38529010407980946,Moderate,56.79999900236726,77.29999862238765,80.31999857351184,90.55999809131026,0.5679999900236726,0.515333324149251,0.2677333285783728,0.22639999522827567,0.4404144287109375,18.291375732421898,97.88759623917444,0.462340628183607,873,2.9858312606811523,108.08029174804688,12,0.6041666865348816,8,2026-10-06 03:30:00,2026-10-01 23:00:00,1.0
11.647285658578916,76.41600887276405,0.011899061,0.5055893277730793,0.38216676107980946,Moderate,56.79999900236726,77.29999862238765,80.31999857351184,90.55999809131026,0.5679999900236726,0.515333324149251,0.2677333285783728,0.22639999522827567,0.4404144287109375,18.291375732421898,97.88759623917444,0.462340628183607,898,6.3011322021484375,243.90879821777344,10,0.4945332109928131,5,2026-10-06 03:30:00,2026-10-01 23:00:00,1.0
11.647285658578916,76.4661348656179,0.003860267,0.5055893277730793,0.38015706257980947,Moderate,56.79999900236726,77.29999862238765,80.31999857351184,90.55999809131026,0.5679999900236726,0.515333324149251,0.2677333285783728,0.22639999522827567,0.390838623046875,17.680047607421898,97.55214101353192,0.9772254946067168,961,10.749056816101074,31.49222755432129,-3,0.5730948448181152,4,2026-10-06 03:30:00,2026-10-01 23:00:00,1.0
11.647285658578916,76.51599136388654,0.0022318487,0.5055893277730793,0.37974995800480943,Moderate,56.79999900236726,77.29999862238765,80.31999857351184,90.55999809131026,0.5679999900236726,0.515333324149251,0.2677333285783728,0.22639999522827567,0.390838623046875,17.680047607421898,97.55214101353192,0.9772254946067168,945,2.0818095207214355,332.95513916015625,3,0.493446946144104,5,2026-10-06 03:30:00,2026-10-01 23:00:00,1.0
11.647285658578916,76.56611735674039,0.0019823564,0.4027459945557018,0.3025550850167764,Moderate,37.06999898701906,50.96999862790108,52.00999861955643,65.25999829918146,0.3706999898701906,0.33979999085267387,0.17336666206518808,0.16314999574795366,0.3860626220703125,18.037469482421898,97.9558255144494,1.1310784009377883,963,2.936634063720703,198.79556274414065,-6,0.5669142007827759,4,2026-10-06 03:30:00,2026-10-01 23:00:00,1.0
11.647285658578916,76.61597385500903,0.0018060679,0.4027459945557018,0.3025110128917764,Moderate,37.06999898701906,50.96999862790108,52.00999861955643,65.25999829918146,0.3706999898701906,0.33979999085267387,0.17336666206518808,0.16314999574795366,0.3860626220703125,18.037469482421898,97.9558255144494,1.1310784009377883,997,3.893851518630981,76.24168395996094,0,0.2726399600505829,4,2026-10-06 03:30:00,2026-10-01 23:00:00,1.0
11.647285658578916,76.66609984786288,0.001095548,0.4123443292260791,0.3095321339195593,Moderate,40.629999255761504,46.75999910198152,46.989999091252685,87.22999813221395,0.40629999255761506,0.31173332734654347,0.15663333030417562,0.21807499533053487,0.3703460693359375,18.574578857421898,97.79618305629334,1.2829652796776525,936,5.422237873077393,148.5077667236328,3,0.2047344893217086,12,2026-10-06 03:30:00,2026-10-01 23:00:00,1.0
11.647285658578916,76.71622584071679,0.0012980464,0.3566656767742088,0.26782376918065665,Moderate,26.50999953597784,28.57999946922064,28.9899994507432,112.15999804064631,0.2650999953597784,0.19053332979480425,0.09663333150247733,0.2803999951016158,0.29083251953125,19.285516357421898,95.35529884454904,1.161344945329558,964,8.812445640563965,121.47208404541016,1,0.3398821353912353,12,2026-10-06 03:30:00,2026-10-01 23:00:00,0.9694417317708334
11.647285658578916,76.76608233898543,0.0058475873,0.3566656767742088,0.2689611544056566,Moderate,26.50999953597784,28.57999946922064,28.9899994507432,112.15999804064631,0.2650999953597784,0.19053332979480425,0.09663333150247733,0.2803999951016158,0.29083251953125,19.285516357421898,95.35529884454904,1.161344945329558,910,8.73371410369873,327.4564208984375,22,0.3798647820949554,12,2026-10-06 03:30:00,2026-10-01 23:00:00,0.9694417317708334
11.647285658578916,76.81620833183928,0.003438695,0.28280871305484323,0.21296620854113243,Low,8.169999703764915,12.759999588131905,13.159999573603272,132.0599978659302,0.08169999703764916,0.08506666392087936,0.043866665245344244,0.3301499946648255,0.2644500732421875,20.523797607421898,91.6839955610812,0.8279334784993784,958,13.302416801452637,281.85284423828125,2,0.3988331258296966,10,2026-10-06 03:30:00,2026-10-01 23:00:00,0.881500244140625
11.647285658578916,76.86606483010792,0.0016208058,0.28280871305484323,0.21251173624113243,Low,8.169999703764915,12.759999588131905,13.159999573603272,132.0599978659302,0.08169999703764916,0.08506666392087936,0.043866665245344244,0.3301499946648255,0.2644500732421875,20.523797607421898,91.6839955610812,0.8279334784993784,934,4.210178375244141,116.09120178222656,-2,0.4986293017864227,10,2026-10-06 03:30:00,2026-10-01 23:00:00,0.881500244140625
11.647285658578916,76.91619082296177,0.0016370799,0.2708797130873427,0.20356905479050702,Low,9.239999767392874,10.749999728053808,17.20999958179891,101.72999736480415,0.09239999767392874,0.07166666485369205,0.057366665272663035,0.25432499341201037,0.2644500732421875,20.523797607421898,91.6839955610812,0.8279334784993784,912,3.8232345581054688,194.3193206787109,6,0.6365088820457458,10,2026-10-06 03:30:00,2026-10-01 23:00:00,0.881500244140625
11.647285658578916,76.9660473212304,0.0017468135,0.2708797130873427,0.20359648819050705,Low,9.239999767392874,10.749999728053808,17.20999958179891,101.72999736480415,0.09239999767392874,0.07166666485369205,0.057366665272663035,0.25432499341201037,0.2644500732421875,20.523797607421898,91.6839955610812,0.8279334784993784,913,4.813578605651856,101.08287811279295,-5,0.5784773230552673,9,2026-10-06 03:30:00,2026-10-01 23:00:00,0.881500244140625
11.647285658578916,77.01617331408426,0.00095152244,0.27099266506104425,0.20348237940578318,Low,6.149999821558595,6.429999805986881,15.129999659955502,79.45999846048653,0.061499998215585945,0.04286666537324588,0.050433332199851674,0.19864999615121634,0.314788818359375,21.156610107421898,91.64444066702094,0.3626314479327083,886,3.893851518630981,283.7583312988281,6,0.6053670048713684,9,2026-10-06 03:30:00,2026-10-01 23:00:00,1.0
11.647285658578916,77.0660298123529,0.0026688476,0.27099266506104425,0.20391171069578318,Low,6.149999821558595,6.429999805986881,15.129999659955502,79.45999846048653,0.061499998215585945,0.04286666537324588,0.050433332199851674,0.19864999615121634,0.314788818359375,21.156610107421898,91.64444066702094,0.3626314479327083,1062,7.267507553100586,319.6070861816406,11,0.4325804114341736,9,2026-10-06 03:30:00,2026-10-01 23:00:00,1.0
11.647285658578916,77.1161558052068,0.009244907,0.3464549941929678,0.2621524723947259,Moderate,25.12999890744686,25.829998895525932,34.15999861061573,82.62999733537436,0.2512999890744686,0.17219999263683955,0.11386666203538577,0.20657499333843587,0.364959716796875,21.297235107421898,92.16446838869436,0.293160776850249,1007,26.95907020568848,102.8726806640625,-3,0.6489604711532593,8,2026-10-06 03:30:00,2026-10-01 23:00:00,1.0
11.647285658578916,77.16601230347544,0.00976601,0.34574632998562105,0.2617512499892158,Moderate,23.689999505877495,31.09999941289425,34.05999932438135,75.88999761454761,0.23689999505877496,0.207333329419295,0.11353333108127117,0.18972499403636903,0.36309814453125,21.010125732421898,93.23707131064587,0.5395743459340466,1188,12.583051681518556,305.4621887207031,11,0.791287362575531,2,2026-10-06 03:30:00,2026-10-01 23:00:00,1.0
11.647285658578916,77.21613829632929,0.008082601,0.34574632998562105,0.26133039773921574,Moderate,23.689999505877495,31.09999941289425,34.05999932438135,75.88999761454761,0.23689999505877496,0.207333329419295,0.11353333108127117,0.18972499403636903,0.36309814453125,21.010125732421898,93.23707131064587,0.5395743459340466,1025,20.57970428466797,118.31024169921876,-8,0.7193628549575806,8,2026-10-06 03:30:00,2026-10-01 23:00:00,1.0
11.647285658578916,77.26599479459793,0.0015316622,0.25980699815222374,0.1952381641641678,Low,9.57999967597425,12.05999962054193,15.409999528899789,30.90999916382134,0.0957999967597425,0.08039999747027954,0.05136666509633263,0.07727499790955335,0.3431396484375,21.092156982421898,93.76120247844506,0.693856013394284,806,5.072052955627441,68.60655975341797,11,0.743659257888794,12,2026-10-06 03:30:00,2026-10-01 23:00:00,1.0
11.647285658578916,77.31612078745178,0.002463894,0.25980699815222374,0.19547122211416781,Low,9.57999967597425,12.05999962054193,15.409999528899789,30.90999916382134,0.0957999967597425,0.08039999747027954,0.05136666509633263,0.07727499790955335,0.3431396484375,21.092156982421898,93.76120247844506,0.693856013394284,803,19.27552604675293,337.784423828125,-10,0.6066811680793762,12,2026-10-06 03:30:00,2026-10-01 23:00:00,1.0
11.647285658578916,77.36597728572042,0.0027924932,0.25980699815222374,0.1955533719141678,Low,9.57999967597425,12.05999962054193,15.409999528899789,30.90999916382134,0.0957999967597425,0.08039999747027954,0.05136666509633263,0.07727499790955335,0.3507232666015625,21.539422607421898,93.5897646917547,0.6865084474491258,833,8.341525077819824,173.5276336669922,-11,0.6688382625579834,4,2026-10-06 03:30:00,2026-10-01 23:00:00,1.0
11.697411651432787,75.56602295093015,0.0103045935,0.2767829972824082,0.21016339633680614,Low,0.12999999523162842,30.44999891705811,33.809998808428645,33.98999880068004,0.0012999999523162842,0.2029999927803874,0.11269999602809548,0.08497499700170011,0.4019317626953125,24.767938232421898,98.4814144811548,1.1377815624997436,26,8.019245147705078,290.1638488769531,-18,0.665706992149353,14,2026-10-06 03:30:00,2026-10-01 23:00:00,1.0
11.697411651432787,75.616148943784,0.0024433357,0.2767829972824082,0.20819808188680614,Low,0.12999999523162842,30.44999891705811,33.809998808428645,33.98999880068004,0.0012999999523162842,0.2029999927803874,0.11269999602809548,0.08497499700170011,0.4019317626953125,24.767938232421898,98.4814144811548,1.1377815624997436,16,2.6494154930114746,225.6011962890625,1,0.4128205180168152,8,2026-10-06 03:30:00,2026-10-01 23:00:00,1.0
11.697411651432787,75.66600544205264,0.015278229,0.345085998263148,0.262634055947361,Moderate,0.18999999202787876,58.19999937154353,63.46999919600785,63.69999918527901,0.0018999999202787875,0.38799999581029015,0.21156666398669283,0.15924999796319753,0.416412353515625,23.517938232421898,99.5176108987714,1.039257133708689,30,5.738890647888184,279.2692565917969,9,0.7005521059036255,8,2026-10-06 03:30:00,2026-10-01 23:00:00,1.0
11.697411651432787,75.71613143490652,0.4907772,0.345085998263148,0.381508798697361,Moderate,0.18999999202787876,58.19999937154353,63.46999919600785,63.69999918527901,0.0018999999202787875,0.38799999581029015,0.21156666398669283,0.15924999796319753,0.416412353515625,23.517938232421898,99.5176108987714,1.039257133708689,54,11.883977890014648,180.0,33,0.5324069261550903,8,2026-10-06 03:30:00,2026-10-01 23:00:00,1.0
11.697411651432787,75.76598793317515,0.10706296,0.2733363313337788,0.23176798850033412,Low,1.9899999480694532,27.199999256059527,30.809999158605933,31.389999141916633,0.01989999948069453,0.18133332837373017,0.10269999719535311,0.07847499785479158,0.42425537109375,22.107781982421898,99.6903601071502,0.9738734092664212,204,9.242144584655762,185.8308868408203,7,0.7592582106590271,2,2026-10-06 03:30:00,2026-10-01 23:00:00,1.0
11.697411651432787,75.816113926029,0.48300886,0.2733363313337788,0.3257544635003341,Moderate,1.9899999480694532,27.199999256059527,30.809999158605933,31.389999141916633,0.01989999948069453,0.18133332837373017,0.10269999719535311,0.07847499785479158,0.42425537109375,22.107781982421898,99.6903601071502,0.9738734092664212,336,8.341544151306152,186.47352600097656,8,0.6891472935676575,8,2026-10-06 03:30:00,2026-10-01 23:00:00,1.0
11.697411651432787,75.91609641715152,0.9688146,0.2841569976886734,0.4553213982665051,Moderate,7.4499997198581696,26.969999318942428,29.67999924533069,33.48999915830791,0.07449999719858169,0.1797999954596162,0.09893333081776898,0.08372499789576977,0.442779541015625,19.937860107421898,99.73350364994876,0.7747398165409057,1395,28.27850914001465,25.48079299926757,38,0.8433560729026794,8,2026-10-06 03:30:00,2026-10-01 23:00:00,1.0
11.697411651432787,75.96622241000537,0.30969903,0.2841569976886734,0.2905425057665051,Moderate,7.4499997198581696,26.969999318942428,29.67999924533069,33.48999915830791,0.07449999719858169,0.1797999954596162,0.09893333081776898,0.08372499789576977,0.442779541015625,19.937860107421898,99.73350364994876,0.7747398165409057,736,11.031745910644531,4.864192962646484,1,0.7055292129516602,14,2026-10-06 03:30:00,2026-10-01 23:00:00,1.0
11.697411651432787,76.01607890827404,0.4542701,0.4183099965043987,0.427300022378299,Moderate,41.40999931655824,54.92999914474785,56.20999909564853,63.85999901406467,0.41409999316558244,0.366199994298319,0.18736666365216176,0.15964999753516168,0.442779541015625,19.937860107421898,99.73350364994876,0.7747398165409057,741,10.5929536819458,127.29379272460938,-14,0.6747027635574341,14,2026-10-06 03:30:00,2026-10-01 23:00:00,1.0
11.697411651432787,76.06620490112789,0.069520764,0.4183099965043987,0.331112688378299,Moderate,41.40999931655824,54.92999914474785,56.20999909564853,63.85999901406467,0.41409999316558244,0.366199994298319,0.18736666365216176,0.15964999753516168,0.442779541015625,19.937860107421898,99.73350364994876,0.7747398165409057,728,0.9470756649971008,270.0,-16,0.6223511099815369,12,2026-10-06 03:30:00,2026-10-01 23:00:00,1.0
11.697411651432787,76.11606139939653,0.035842344,0.438258995169277,0.33765483237695776,Moderate,46.439999241381884,59.54999866709113,59.879998659715056,67.90999836102128,0.46439999241381885,0.39699999111394085,0.19959999553238353,0.1697749959025532,0.4129638671875,20.402703857421898,99.66230392373056,0.6658382042706099,750,3.704791784286499,0.0,-6,0.5914900898933411,14,2026-10-06 03:30:00,2026-10-01 23:00:00,1.0
11.697411651432787,76.16618739225038,0.12082866,0.438258995169277,0.35890141137695775,Moderate,46.439999241381884,59.54999866709113,59.879998659715056,67.90999836102128,0.46439999241381885,0.39699999111394085,0.19959999553238353,0.1697749959025532,0.4129638671875,20.402703857421898,99.66230392373056,0.6658382042706099,755,6.731998920440674,196.265869140625,-9,0.5645602345466614,14,2026-10-06 03:30:00,2026-10-01 23:00:00,1.0
11.697411651432787,76.21604389051902,0.44341105,0.6934769865551342,0.6309605024163507,High,94.5799972191453,127.07999670878053,127.59999668970704,133.36999655142426,0.945799972191453,0.8471999780585369,0.4253333222990235,0.3334249913785607,0.3886871337890625,19.838250732421898,99.66085447566508,0.6864367090044121,813,9.918590545654297,337.7807922363281,6,0.6635702848434448,8,2026-10-06 03:30:00,2026-10-01 23:00:00,1.0
11.697411651432787,76.26616988337287,0.0743854,0.6934769865551342,0.5387040899163508,High,94.5799972191453,127.07999670878053,127.59999668970704,133.36999655142426,0.945799972191453,0.8471999780585369,0.4253333222990235,0.3334249913785607,0.3886871337890625,19.838250732421898,99.66085447566508,0.6864367090044121,927,5.956501483917236,71.92276763916016,15,0.5213747024536133,8,2026-10-06 03:30:00,2026-10-01 23:00:00,1.0
11.697411651432787,76.3160263816415,0.04233992,0.812109560709571,0.6196671505321782,High,144.51999718137085,191.1899947281927,192.46999468281865,199.61999450996518,1.0,1.0,0.6415666489427289,0.4990499862749129,0.2974853515625,19.297235107421898,98.14251498867708,0.4641837319344656,920,4.72506856918335,270.0,-6,0.6327314376831055,8,2026-10-06 03:30:00,2026-10-01 23:00:00,0.9916178385416667
11.697411651432787,76.36615237449541,0.0060821124,0.6811326542838787,0.5123700188129091,High,88.00999758765101,125.88999684900045,126.84999682754278,138.69999668188393,0.8800999758765101,0.839266645660003,0.42283332275847596,0.3467499917047098,0.365020751953125,19.045281982421898,96.39158483156535,0.2109886399755927,877,5.287549018859863,134.3988037109375,-3,0.5340288281440735,5,2026-10-06 03:30:00,2026-10-01 23:00:00,1.0
11.697411651432787,76.41600887276405,0.0050172205,0.6811326542838787,0.5121037958379091,High,88.00999758765101,125.88999684900045,126.84999682754278,138.69999668188393,0.8800999758765101,0.839266645660003,0.42283332275847596,0.3467499917047098,0.365020751953125,19.045281982421898,96.39158483156535,0.2109886399755927,852,1.854334115982056,180.0,16,0.454130083322525,5,2026-10-06 03:30:00,2026-10-01 23:00:00,1.0
11.697411651432787,76.4661348656179,0.0016808745,0.6811326542838787,0.511269709337909,High,88.00999758765101,125.88999684900045,126.84999682754278,138.69999668188393,0.8800999758765101,0.839266645660003,0.42283332275847596,0.3467499917047098,0.320556640625,18.101922607421898,96.59179234914882,0.7189925839427723,895,3.704791784286499,180.0,0,0.4788489639759063,5,2026-10-06 03:30:00,2026-10-01 23:00:00,1.0
11.697411651432787,76.51599136388654,0.030233162,0.6811326542838787,0.5184077812129091,High,88.00999758765101,125.88999684900045,126.84999682754278,138.69999668188393,0.8800999758765101,0.839266645660003,0.42283332275847596,0.3467499917047098,0.320556640625,18.101922607421898,96.59179234914882,0.7189925839427723,1071,13.096579551696776,154.76422119140625,-4,0.5410047173500061,5,2026-10-06 03:30:00,2026-10-01 23:00:00,1.0
11.697411651432787,76.56611735674039,0.008948935,0.5789415935246895,0.43644342889351717,Moderate,74.92999827302992,96.10999763011932,96.10999763011932,112.99999707564712,0.7492999827302992,0.6407333175341289,0.32036665876706444,0.2824999926891178,0.289764404296875,18.375360107421898,96.87229613238976,0.9630272095442252,1038,15.0551118850708,25.48079299926757,-10,0.4979270994663238,5,2026-10-06 03:30:00,2026-10-01 23:00:00,0.96588134765625
11.697411651432787,76.61597385500903,0.015749287,0.5789415935246895,0.43814351689351716,Moderate,74.92999827302992,96.10999763011932,96.10999763011932,112.99999707564712,0.7492999827302992,0.6407333175341289,0.32036665876706444,0.2824999926891178,0.289764404296875,18.375360107421898,96.87229613238976,0.9630272095442252,983,5.956501483917236,108.07723236083984,21,0.2981366515159607,9,2026-10-06 03:30:00,2026-10-01 23:00:00,0.96588134765625
11.697411651432787,76.66609984786288,0.0009983848,0.4692653249149521,0.35219858988621405,Moderate,52.4799982663244,61.87999805808067,62.09999805688858,97.23999734967947,0.524799982663244,0.41253332038720447,0.20699999352296194,0.2430999933741987,0.3201446533203125,18.844110107421898,97.03766283308369,1.1637485677845767,920,7.295313358306885,309.2153625488281,9,0.2755409777164459,12,2026-10-06 03:30:00,2026-10-01 23:00:00,1.0
11.697411651432787,76.71622584071679,0.00058330543,0.3605199949650094,0.270535822581257,Moderate,26.00999910198152,31.10999896377325,31.31999895721674,100.51999740116298,0.2600999910198152,0.20739999309182167,0.1043999965240558,0.25129999350290744,0.34271240234375,19.031610107421898,97.16054958351012,1.3816743548791373,885,0.9274099469184875,0.0,-2,0.3132635354995727,12,2026-10-06 03:30:00,2026-10-01 23:00:00,1.0
11.697411651432787,76.76608233898543,0.001010696,0.3605199949650094,0.27064267022375704,Moderate,26.00999910198152,31.10999896377325,31.31999895721674,100.51999740116298,0.2600999910198152,0.20739999309182167,0.1043999965240558,0.25129999350290744,0.34271240234375,19.031610107421898,97.16054958351012,1.3816743548791373,884,3.783140182495117,90.0,0,0.1669185906648636,12,2026-10-06 03:30:00,2026-10-01 23:00:00,1.0
11.697411651432787,76.81620833183928,0.00068509096,0.3136139973981927,0.23538177078864453,Low,14.609999498352408,17.159999452531338,17.349999450147152,104.41999885067344,0.14609999498352408,0.11439999635020892,0.057833331500490505,0.2610499971266836,0.3759613037109375,19.176141357421898,97.1873683875092,1.0410819293951423,944,3.8945155143737793,76.24407958984375,1,0.4534955620765686,12,2026-10-06 03:30:00,2026-10-01 23:00:00,1.0
11.697411651432787,76.86606483010792,0.0008679251,0.3136139973981927,0.23542747932364452,Low,14.609999498352408,17.159999452531338,17.349999450147152,104.41999885067344,0.14609999498352408,0.11439999635020892,0.057833331500490505,0.2610499971266836,0.3759613037109375,19.176141357421898,97.1873683875092,1.0410819293951423,957,3.8945155143737793,103.75592041015624,-7,0.4816736876964569,12,2026-10-06 03:30:00,2026-10-01 23:00:00,1.0
11.697411651432787,76.91619082296177,0.0008622076,0.31677966447714717,0.23780030025786036,Low,15.92999978736043,16.359999775886536,17.729999773204327,106.56999731250107,0.1592999978736043,0.1090666651725769,0.05909999924401442,0.2664249932812527,0.3759613037109375,19.176141357421898,97.1873683875092,1.0410819293951423,846,0.9470756649971008,270.0,1,0.4147608578205108,12,2026-10-06 03:30:00,2026-10-01 23:00:00,1.0
11.697411651432787,76.9660473212304,0.0005222497,0.31677966447714717,0.23771531078286037,Low,15.92999978736043,16.359999775886536,17.729999773204327,106.56999731250107,0.1592999978736043,0.1090666651725769,0.05909999924401442,0.2664249932812527,0.3759613037109375,19.176141357421898,97.1873683875092,1.0410819293951423,876,2.0818874835968018,152.95094299316406,3,0.4228228330612182,12,2026-10-06 03:30:00,2026-10-01 23:00:00,1.0
11.697411651432787,77.01617331408426,0.0012023099,0.2564796650979047,0.19266032629842855,Low,4.959999809041619,5.019999807700515,8.349999791011214,69.04999837093055,0.049599998090416195,0.0334666653846701,0.027833332636704046,0.17262499592732639,0.3908538818359375,19.418328857421898,96.61356421934538,0.513195295809674,854,1.854334115982056,0.0,1,0.4201975166797638,10,2026-10-06 03:30:00,2026-10-01 23:00:00,1.0
11.697411651432787,77.0660298123529,0.018316746,0.2564796650979047,0.19693893532342854,Low,4.959999809041619,5.019999807700515,8.349999791011214,69.04999837093055,0.049599998090416195,0.0334666653846701,0.027833332636704046,0.17262499592732639,0.3908538818359375,19.418328857421898,96.61356421934538,0.513195295809674,1082,31.46099090576172,271.5160217285156,20,0.6022495031356812,9,2026-10-06 03:30:00,2026-10-01 23:00:00,1.0
11.697411651432787,77.1161558052068,0.0020681461,0.25909933161797627,0.1948415352384822,Low,5.109999917447567,7.459999851882458,9.48999977298081,66.65999757871032,0.05109999917447567,0.04973333234588305,0.031633332576602696,0.1666499939467758,0.3692779541015625,19.098016357421898,96.52276600220566,0.1034223768170418,937,6.664473056793213,97.96343994140624,3,0.6583506464958191,5,2026-10-06 03:30:00,2026-10-01 23:00:00,1.0
11.697411651432787,77.16601230347544,0.031220784,0.2690769979555781,0.2096129444666836,Low,8.749999694526196,12.239999674260616,13.6199996098876,55.24999845214188,0.08749999694526195,0.0815999978284041,0.045399998699625334,0.1381249961303547,0.3748779296875,19.006219482421898,96.15484344266083,0.3134755649155734,1348,15.249967575073242,245.4407958984375,-14,0.3874261081218719,8,2026-10-06 03:30:00,2026-10-01 23:00:00,1.0
11.697411651432787,77.21613829632929,0.06414678,0.2690769979555781,0.21784444346668358,Low,8.749999694526196,12.239999674260616,13.6199996098876,55.24999845214188,0.08749999694526195,0.0815999978284041,0.045399998699625334,0.1381249961303547,0.3748779296875,19.006219482421898,96.15484344266083,0.3134755649155734,1271,35.36305618286133,72.75105285644531,24,0.7532187700271606,8,2026-10-06 03:30:00,2026-10-01 23:00:00,1.0
11.697411651432787,77.26599479459793,0.00093613967,0.2708916654319192,0.2034027839914394,Low,11.169999826699495,14.619999734684825,16.63999971561134,39.289999244734645,0.11169999826699495,0.09746666489789883,0.05546666571870446,0.09822499811183662,0.3742218017578125,18.650750732421898,99.63341678436602,0.5945946968800538,794,2.0818874835968018,332.9509582519531,7,0.5521628260612488,9,2026-10-06 03:30:00,2026-10-01 23:00:00,1.0
11.697411651432787,77.31612078745178,0.0008231284,0.2708916654319192,0.20337453117393942,Low,11.169999826699495,14.619999734684825,16.63999971561134,39.289999244734645,0.11169999826699495,0.09746666489789883,0.05546666571870446,0.09822499811183662,0.3742218017578125,18.650750732421898,99.63341678436602,0.5945946968800538,829,4.690135002136231,233.7055511474609,-4,0.5047120451927185,12,2026-10-06 03:30:00,2026-10-01 23:00:00,1.0
11.697411651432787,77.36597728572042,0.0043756864,0.2708916654319192,0.2042626706739394,Low,11.169999826699495,14.619999734684825,16.63999971561134,39.289999244734645,0.11169999826699495,0.09746666489789883,0.05546666571870446,0.09822499811183662,0.369384765625,19.662469482421898,98.19534410656308,0.645675450169695,704,12.740802764892578,210.782470703125,-8,0.3773432672023773,10,2026-10-06 03:30:00,2026-10-01 23:00:00,1.0
11.74726814970142,75.46604045980763,0.0007303732,0.2767829972824082,0.20776984126180614,Low,0.12999999523162842,30.44999891705811,33.809998808428645,33.98999880068004,0.0012999999523162842,0.2029999927803874,0.11269999602809548,0.08497499700170011,0.39703369140625,24.805047607421898,98.0912788603806,1.2408441533037753,0,0.0,0.0,0,-0.2562456727027893,17,2026-10-06 03:30:00,2026-10-01 23:00:00,1.0
11.74726814970142,75.51616645266151,0.0032700517,0.2767829972824082,0.20840476088680615,Low,0.12999999523162842,30.44999891705811,33.809998808428645,33.98999880068004,0.0012999999523162842,0.2029999927803874,0.11269999602809548,0.08497499700170011,0.39703369140625,24.805047607421898,98.0912788603806,1.2408441533037753,13,2.839670181274414,270.0,6,0.7177314162254333,14,2026-10-06 03:30:00,2026-10-01 23:00:00,1.0
11.74726814970142,75.56602295093015,0.0042815087,0.2767829972824082,0.20865762513680614,Low,0.12999999523162842,30.44999891705811,33.809998808428645,33.98999880068004,0.0012999999523162842,0.2029999927803874,0.11269999602809548,0.08497499700170011,0.4019317626953125,24.767938232421898,98.4814144811548,1.1377815624997436,28,5.547544956207275,0.0,6,0.7125526070594788,14,2026-10-06 03:30:00,2026-10-01 23:00:00,1.0
11.74726814970142,75.616148943784,0.004855572,0.2767829972824082,0.20880114096180613,Low,0.12999999523162842,30.44999891705811,33.809998808428645,33.98999880068004,0.0012999999523162842,0.2029999927803874,0.11269999602809548,0.08497499700170011,0.4019317626953125,24.767938232421898,98.4814144811548,1.1377815624997436,20,2.7802884578704834,180.0,6,0.6470136046409607,14,2026-10-06 03:30:00,2026-10-01 23:00:00,1.0
11.74726814970142,75.66600544205264,0.005570638,0.345085998263148,0.260207158197361,Moderate,0.18999999202787876,58.19999937154353,63.46999919600785,63.69999918527901,0.0018999999202787875,0.38799999581029015,0.21156666398669283,0.15924999796319753,0.416412353515625,23.517938232421898,99.5176108987714,1.039257133708689,48,1.854334115982056,0.0,2,0.7143102884292603,8,2026-10-06 03:30:00,2026-10-01 23:00:00,1.0
11.74726814970142,75.71613143490652,0.019424496,0.345085998263148,0.263670622697361,Moderate,0.18999999202787876,58.19999937154353,63.46999919600785,63.69999918527901,0.0018999999202787875,0.38799999581029015,0.21156666398669283,0.15924999796319753,0.416412353515625,23.517938232421898,99.5176108987714,1.039257133708689,53,2.649658679962158,45.60634613037109,-10,0.6557138562202454,8,2026-10-06 03:30:00,2026-10-01 23:00:00,1.0
11.74726814970142,75.76598793317515,0.5775347,0.2733363313337788,0.3493859235003341,Moderate,1.9899999480694532,27.199999256059527,30.809999158605933,31.389999141916633,0.01989999948069453,0.18133332837373017,0.10269999719535311,0.07847499785479158,0.42425537109375,22.107781982421898,99.6903601071502,0.9738734092664212,401,19.50020980834961,16.268644332885742,17,0.6100667715072632,2,2026-10-06 03:30:00,2026-10-01 23:00:00,1.0
11.74726814970142,75.816113926029,0.0536238,0.2733363313337788,0.2184081985003341,Low,1.9899999480694532,27.199999256059527,30.809999158605933,31.389999141916633,0.01989999948069453,0.18133332837373017,0.10269999719535311,0.07847499785479158,0.42425537109375,22.107781982421898,99.6903601071502,0.9738734092664212,862,13.77817440032959,289.2728271484375,1,0.8628040552139282,2,2026-10-06 03:30:00,2026-10-01 23:00:00,1.0
11.74726814970142,75.91609641715152,0.16252641,0.2841569976886734,0.25374935076650507,Moderate,7.4499997198581696,26.969999318942428,29.67999924533069,33.48999915830791,0.07449999719858169,0.1797999954596162,0.09893333081776898,0.08372499789576977,0.442779541015625,19.937860107421898,99.73350364994876,0.7747398165409057,778,0.9274099469184875,0.0,7,0.8075627088546753,8,2026-10-06 03:30:00,2026-10-01 23:00:00,1.0
11.74726814970142,75.96622241000537,0.14684767,0.2841569976886734,0.24982966576650506,Low,7.4499997198581696,26.969999318942428,29.67999924533069,33.48999915830791,0.07449999719858169,0.1797999954596162,0.09893333081776898,0.08372499789576977,0.442779541015625,19.937860107421898,99.73350364994876,0.7747398165409057,761,3.362424850463867,325.7479248046875,5,0.6911719441413879,8,2026-10-06 03:30:00,2026-10-01 23:00:00,1.0
11.74726814970142,76.01607890827404,0.7294492,0.4183099965043987,0.496094797378299,Moderate,41.40999931655824,54.92999914474785,56.20999909564853,63.85999901406467,0.41409999316558244,0.366199994298319,0.18736666365216176,0.15964999753516168,0.442779541015625,19.937860107421898,99.73350364994876,0.7747398165409057,760,18.29809188842773,270.0,1,0.7388211488723755,14,2026-10-06 03:30:00,2026-10-01 23:00:00,1.0
11.74726814970142,76.06620490112789,0.65897435,0.4183099965043987,0.478476084878299,Moderate,41.40999931655824,54.92999914474785,56.20999909564853,63.85999901406467,0.41409999316558244,0.366199994298319,0.18736666365216176,0.15964999753516168,0.442779541015625,19.937860107421898,99.73350364994876,0.7747398165409057,743,10.307985305786133,90.0,-6,0.6939291954040527,14,2026-10-06 03:30:00,2026-10-01 23:00:00,1.0
11.74726814970142,76.11606139939653,0.8273347,0.438258995169277,0.5355279213769577,High,46.439999241381884,59.54999866709113,59.879998659715056,67.90999836102128,0.46439999241381885,0.39699999111394085,0.19959999553238353,0.1697749959025532,0.4129638671875,20.402703857421898,99.66230392373056,0.6658382042706099,779,9.880255699157717,49.41421508789063,-8,0.6443745493888855,8,2026-10-06 03:30:00,2026-10-01 23:00:00,1.0
11.74726814970142,76.16618739225038,0.17265746,0.438258995169277,0.37185861137695775,Moderate,46.439999241381884,59.54999866709113,59.879998659715056,67.90999836102128,0.46439999241381885,0.39699999111394085,0.19959999553238353,0.1697749959025532,0.4129638671875,20.402703857421898,99.66230392373056,0.6658382042706099,845,8.749308586120605,18.80187225341797,-7,0.7654567360877991,8,2026-10-06 03:30:00,2026-10-01 23:00:00,1.0
11.74726814970142,76.21604389051902,0.023253705,0.6934769865551342,0.5259211661663508,High,94.5799972191453,127.07999670878053,127.59999668970704,133.36999655142426,0.945799972191453,0.8471999780585369,0.4253333222990235,0.3334249913785607,0.3886871337890625,19.838250732421898,99.66085447566508,0.6864367090044121,909,8.65892219543457,257.7255554199219,1,0.6898985505104065,5,2026-10-06 03:30:00,2026-10-01 23:00:00,1.0
11.74726814970142,76.26616988337287,0.00876123,0.6934769865551342,0.5222980474163508,High,94.5799972191453,127.07999670878053,127.59999668970704,133.36999655142426,0.945799972191453,0.8471999780585369,0.4253333222990235,0.3334249913785607,0.3886871337890625,19.838250732421898,99.66085447566508,0.6864367090044121,1002,4.663089275360107,322.5462646484375,-4,0.664047360420227,4,2026-10-06 03:30:00,2026-10-01 23:00:00,1.0
11.74726814970142,76.3160263816415,0.020842219,0.812109560709571,0.6142927252821783,High,144.51999718137085,191.1899947281927,192.46999468281865,199.61999450996518,1.0,1.0,0.6415666489427289,0.4990499862749129,0.2974853515625,19.297235107421898,98.14251498867708,0.4641837319344656,921,3.389843463897705,56.86737060546875,10,0.6119705438613892,5,2026-10-06 03:30:00,2026-10-01 23:00:00,0.9916178385416667
11.74726814970142,76.36615237449541,0.0060784733,0.6811326542838787,0.5123691090379091,High,88.00999758765101,125.88999684900045,126.84999682754278,138.69999668188393,0.8800999758765101,0.839266645660003,0.42283332275847596,0.3467499917047098,0.365020751953125,19.045281982421898,96.39158483156535,0.2109886399755927,949,7.554490566253662,60.77472305297852,-5,0.6321814060211182,5,2026-10-06 03:30:00,2026-10-01 23:00:00,1.0
11.74726814970142,76.41600887276405,0.0021037164,0.6811326542838787,0.5113754198129091,High,88.00999758765101,125.88999684900045,126.84999682754278,138.69999668188393,0.8800999758765101,0.839266645660003,0.42283332275847596,0.3467499917047098,0.365020751953125,19.045281982421898,96.39158483156535,0.2109886399755927,830,2.986804723739624,251.92581176757807,6,0.3316217362880707,4,2026-10-06 03:30:00,2026-10-01 23:00:00,1.0
11.74726814970142,76.4661348656179,0.0012399937,0.6811326542838787,0.5111594891379091,High,88.00999758765101,125.88999684900045,126.84999682754278,138.69999668188393,0.8800999758765101,0.839266645660003,0.42283332275847596,0.3467499917047098,0.320556640625,18.101922607421898,96.59179234914882,0.7189925839427723,921,0.0,0.0,-7,0.2756721079349518,4,2026-10-06 03:30:00,2026-10-01 23:00:00,1.0
11.74726814970142,76.51599136388654,0.0023809639,0.6811326542838787,0.511444731687909,High,88.00999758765101,125.88999684900045,126.84999682754278,138.69999668188393,0.8800999758765101,0.839266645660003,0.42283332275847596,0.3467499917047098,0.320556640625,18.101922607421898,96.59179234914882,0.7189925839427723,968,3.970953702926636,225.6063537597656,9,0.3385163247585296,4,2026-10-06 03:30:00,2026-10-01 23:00:00,1.0
11.74726814970142,76.56611735674039,0.0046081766,0.5789415935246895,0.43535823929351714,Moderate,74.92999827302992,96.10999763011932,96.10999763011932,112.99999707564712,0.7492999827302992,0.6407333175341289,0.32036665876706444,0.2824999926891178,0.289764404296875,18.375360107421898,96.87229613238976,0.9630272095442252,942,8.89634895324707,71.92581176757812,3,0.3563132286071777,10,2026-10-06 03:30:00,2026-10-01 23:00:00,0.96588134765625
11.74726814970142,76.61597385500903,0.0007671963,0.5789415935246895,0.43439799421851716,Moderate,74.92999827302992,96.10999763011932,96.10999763011932,112.99999707564712,0.7492999827302992,0.6407333175341289,0.32036665876706444,0.2824999926891178,0.289764404296875,18.375360107421898,96.87229613238976,0.9630272095442252,899,4.690680980682373,126.28952026367188,-2,0.2260465174913406,12,2026-10-06 03:30:00,2026-10-01 23:00:00,0.96588134765625
11.74726814970142,76.66609984786288,0.00051267724,0.4692653249149521,0.35207716299621405,Moderate,52.4799982663244,61.87999805808067,62.09999805688858,97.23999734967947,0.524799982663244,0.41253332038720447,0.20699999352296194,0.2430999933741987,0.3201446533203125,18.844110107421898,97.03766283308369,1.1637485677845767,834,2.986804723739624,108.07418823242188,-4,0.1852224916219711,12,2026-10-06 03:30:00,2026-10-01 23:00:00,1.0
11.74726814970142,76.71622584071679,0.00050168065,0.3605199949650094,0.27051541638625703,Moderate,26.00999910198152,31.10999896377325,31.31999895721674,100.51999740116298,0.2600999910198152,0.20739999309182167,0.1043999965240558,0.25129999350290744,0.34271240234375,19.031610107421898,97.16054958351012,1.3816743548791373,838,3.362424850463867,145.74794006347656,-1,0.2091924399137497,12,2026-10-06 03:30:00,2026-10-01 23:00:00,1.0
11.74726814970142,76.76608233898543,0.0007419844,0.3605199949650094,0.27057549232375705,Moderate,26.00999910198152,31.10999896377325,31.31999895721674,100.51999740116298,0.2600999910198152,0.20739999309182167,0.1043999965240558,0.25129999350290744,0.34271240234375,19.031610107421898,97.16054958351012,1.3816743548791373,868,0.9472461938858032,90.0,-9,0.4058007597923279,12,2026-10-06 03:30:00,2026-10-01 23:00:00,1.0
11.74726814970142,76.81620833183928,0.00050508213,0.3136139973981927,0.23533676858114452,Low,14.609999498352408,17.159999452531338,17.349999450147152,104.41999885067344,0.14609999498352408,0.11439999635020892,0.057833331500490505,0.2610499971266836,0.3759613037109375,19.176141357421898,97.1873683875092,1.0410819293951423,879,4.211401462554932,296.0830383300781,6,0.1808490008115768,12,2026-10-06 03:30:00,2026-10-01 23:00:00,1.0
11.74726814970142,76.86606483010792,0.00072153046,0.3136139973981927,0.23539088066364453,Low,14.609999498352408,17.159999452531338,17.349999450147152,104.41999885067344,0.14609999498352408,0.11439999635020892,0.057833331500490505,0.2610499971266836,0.3759613037109375,19.176141357421898,97.1873683875092,1.0410819293951423,873,2.649658679962158,45.60634613037109,-1,0.3214780688285827,12,2026-10-06 03:30:00,2026-10-01 23:00:00,1.0
11.74726814970142,76.91619082296177,0.0010849279,0.31677966447714717,0.23785598033286037,Low,15.92999978736043,16.359999775886536,17.729999773204327,106.56999731250107,0.1592999978736043,0.1090666651725769,0.05909999924401442,0.2664249932812527,0.3759613037109375,19.176141357421898,97.1873683875092,1.0410819293951423,879,6.853020668029785,74.3720932006836,-1,0.2730191349983215,12,2026-10-06 03:30:00,2026-10-01 23:00:00,1.0
11.74726814970142,76.9660473212304,0.0005915978,0.31677966447714717,0.23773264780786035,Low,15.92999978736043,16.359999775886536,17.729999773204327,106.56999731250107,0.1592999978736043,0.1090666651725769,0.05909999924401442,0.2664249932812527,0.3759613037109375,19.176141357421898,97.1873683875092,1.0410819293951423,803,0.0,0.0,-1,0.5005387663841248,12,2026-10-06 03:30:00,2026-10-01 23:00:00,1.0
11.74726814970142,77.01617331408426,0.0008947167,0.2564796650979047,0.19258342799842854,Low,4.959999809041619,5.019999807700515,8.349999791011214,69.04999837093055,0.049599998090416195,0.0334666653846701,0.027833332636704046,0.17262499592732639,0.3908538818359375,19.418328857421898,96.61356421934538,0.513195295809674,832,2.649658679962158,45.60634613037109,-4,0.5680100917816162,12,2026-10-06 03:30:00,2026-10-01 23:00:00,1.0
11.74726814970142,77.0660298123529,0.0018642455,0.2564796650979047,0.19282581019842854,Low,4.959999809041619,5.019999807700515,8.349999791011214,69.04999837093055,0.049599998090416195,0.0334666653846701,0.027833332636704046,0.17262499592732639,0.3908538818359375,19.418328857421898,96.61356421934538,0.513195295809674,1003,10.992984771728516,0.0,-16,0.5700934529304504,9,2026-10-06 03:30:00,2026-10-01 23:00:00,1.0
11.74726814970142,77.1161558052068,0.0010502582,0.25909933161797627,0.1945870632634822,Low,5.109999917447567,7.459999851882458,9.48999977298081,66.65999757871032,0.05109999917447567,0.04973333234588305,0.031633332576602696,0.1666499939467758,0.3692779541015625,19.098016357421898,96.52276600220566,0.1034223768170418,877,2.0819649696350098,27.05323600769043,8,0.1762880235910415,4,2026-10-06 03:30:00,2026-10-01 23:00:00,1.0
11.74726814970142,77.16601230347544,0.0058403956,0.2690769979555781,0.2032678473666836,Low,8.749999694526196,12.239999674260616,13.6199996098876,55.24999845214188,0.08749999694526195,0.0815999978284041,0.045399998699625334,0.1381249961303547,0.3748779296875,19.006219482421898,96.15484344266083,0.3134755649155734,1278,4.690680980682373,233.71047973632807,-4,0.7918552160263062,2,2026-10-06 03:30:00,2026-10-01 23:00:00,1.0
11.74726814970142,77.21613829632929,0.026071241,0.2690769979555781,0.2083255587166836,Low,8.749999694526196,12.239999674260616,13.6199996098876,55.24999845214188,0.08749999694526195,0.0815999978284041,0.045399998699625334,0.1381249961303547,0.3748779296875,19.006219482421898,96.15484344266083,0.3134755649155734,1164,15.724297523498535,86.70388793945312,-18,0.5777395963668823,8,2026-10-06 03:30:00,2026-10-01 23:00:00,1.0
11.74726814970142,77.26599479459793,0.009477787,0.2708916654319192,0.20553819582393942,Low,11.169999826699495,14.619999734684825,16.63999971561134,39.289999244734645,0.11169999826699495,0.09746666489789883,0.05546666571870446,0.09822499811183662,0.3742218017578125,18.650750732421898,99.63341678436602,0.5945946968800538,988,5.858138084411621,161.1981201171875,27,0.6266488432884216,9,2026-10-06 03:30:00,2026-10-01 23:00:00,1.0
11.74726814970142,77.31612078745178,0.0020162822,0.2708916654319192,0.20367281962393943,Low,11.169999826699495,14.619999734684825,16.63999971561134,39.289999244734645,0.11169999826699495,0.09746666489789883,0.05546666571870446,0.09822499811183662,0.3742218017578125,18.650750732421898,99.63341678436602,0.5945946968800538,905,12.870393753051758,299.7313537597656,-4,0.4772277772426605,10,2026-10-06 03:30:00,2026-10-01 23:00:00,1.0
11.74726814970142,77.36597728572042,0.008799269,0.2708916654319192,0.20536856632393943,Low,11.169999826699495,14.619999734684825,16.63999971561134,39.289999244734645,0.11169999826699495,0.09746666489789883,0.05546666571870446,0.09822499811183662,0.369384765625,19.662469482421898,98.19534410656308,0.645675450169695,951,24.543643951416016,16.837646484375,26,0.7789071202278137,9,2026-10-06 03:30:00,2026-10-01 23:00:00,1.0
11.797394142555284,75.46604045980763,0.0019629933,0.2757473316435392,0.2073012470576544,Low,0.6099999807775021,25.99999942071736,35.9299992043525,36.09999920614064,0.0060999998077750205,0.17333332947144905,0.11976666401450832,0.09024999801535159,0.39703369140625,24.805047607421898,98.0912788603806,1.2408441533037753,12,1.854334115982056,0.0,-6,0.6093640923500061,8,2026-10-06 03:30:00,2026-10-01 23:00:00,1.0
11.797394142555284,75.51616645266151,0.0025286637,0.2757473316435392,0.2074426646576544,Low,0.6099999807775021,25.99999942071736,35.9299992043525,36.09999920614064,0.0060999998077750205,0.17333332947144905,0.11976666401450832,0.09024999801535159,0.39703369140625,24.805047607421898,98.0912788603806,1.2408441533037753,6,3.823361396789551,14.326793670654297,-6,0.6930056810379028,8,2026-10-06 03:30:00,2026-10-01 23:00:00,1.0
11.797394142555284,75.56602295093015,0.010344562,0.2757473316435392,0.2093966392326544,Low,0.6099999807775021,25.99999942071736,35.9299992043525,36.09999920614064,0.0060999998077750205,0.17333332947144905,0.11976666401450832,0.09024999801535159,0.4052886962890625,23.992547607421898,98.60005382045836,1.1314482417569196,41,4.627367496490479,180.0,1,0.5768716335296631,8,2026-10-06 03:30:00,2026-10-01 23:00:00,1.0
11.797394142555284,75.616148943784,0.23575139,0.2757473316435392,0.2657483462326544,Moderate,0.6099999807775021,25.99999942071736,35.9299992043525,36.09999920614064,0.0060999998077750205,0.17333332947144905,0.11976666401450832,0.09024999801535159,0.4052886962890625,23.992547607421898,98.60005382045836,1.1314482417569196,76,12.43979263305664,162.55038452148438,12,0.7086876034736633,8,2026-10-06 03:30:00,2026-10-01 23:00:00,1.0
11.797394142555284,75.66600544205264,0.9585109,0.2749993314334502,0.44587722357508763,Moderate,0.8499999772757292,24.199999442324042,36.31999904289842,36.859999012202024,0.008499999772757292,0.16133332961549363,0.12106666347632805,0.09214999753050507,0.416290283203125,22.783563232421898,99.11480683035494,1.103818824958839,409,27.341785430908203,106.36555480957033,46,0.6931216716766357,8,2026-10-06 03:30:00,2026-10-01 23:00:00,1.0
11.797394142555284,75.71613143490652,0.1367754,0.2749993314334502,0.24044334857508762,Low,0.8499999772757292,24.199999442324042,36.31999904289842,36.859999012202024,0.008499999772757292,0.16133332961549363,0.12106666347632805,0.09214999753050507,0.416290283203125,22.783563232421898,99.11480683035494,1.103818824958839,987,7.904850482940674,45.6115837097168,21,0.7912746071815491,2,2026-10-06 03:30:00,2026-10-01 23:00:00,1.0
11.797394142555284,75.76598793317515,0.60882246,0.2694829982398699,0.35431786367990237,Moderate,2.459999965503812,19.739999590441585,33.18999904207885,33.90999902412295,0.02459999965503812,0.13159999726961055,0.11063333014026284,0.08477499756030739,0.4276580810546875,21.935906982421898,99.45253807427218,1.0311277329875668,710,25.397640228271484,227.0077209472656,34,0.308625191450119,8,2026-10-06 03:30:00,2026-10-01 23:00:00,1.0
11.797394142555284,75.816113926029,0.97070616,0.2694829982398699,0.4447887886799024,Moderate,2.459999965503812,19.739999590441585,33.18999904207885,33.90999902412295,0.02459999965503812,0.13159999726961055,0.11063333014026284,0.08477499756030739,0.4276580810546875,21.935906982421898,99.45253807427218,1.0311277329875668,668,31.403696060180664,197.33572387695312,-7,0.8159028887748718,2,2026-10-06 03:30:00,2026-10-01 23:00:00,1.0
11.797394142555284,75.91609641715152,0.7433641,0.30793433137256654,0.41679177352942487,Moderate,11.509999759495258,32.44999943487346,36.06999937258661,42.88999924995005,0.11509999759495258,0.21633332956582307,0.12023333124195536,0.10722499812487513,0.4413299560546875,20.207391357421898,99.55352205136658,0.7997971049040203,795,4.663403034210205,217.4587860107422,-38,0.6466139554977417,8,2026-10-06 03:30:00,2026-10-01 23:00:00,1.0
11.797394142555284,75.96622241000537,0.034967337,0.30793433137256654,0.2396925827794249,Low,11.509999759495258,32.44999943487346,36.06999937258661,42.88999924995005,0.11509999759495258,0.21633332956582307,0.12023333124195536,0.10722499812487513,0.4413299560546875,20.207391357421898,99.55352205136658,0.7997971049040203,724,0.9274099469184875,0.0,8,0.607785165309906,8,2026-10-06 03:30:00,2026-10-01 23:00:00,1.0
11.797394142555284,76.01607890827404,0.8003569,0.2901566636962816,0.4177067227722112,Moderate,12.509999617934227,25.359999110922217,26.369999101385474,33.97999892197549,0.12509999617934228,0.16906666073948146,0.08789999700461824,0.08494999730493874,0.4413299560546875,20.207391357421898,99.55352205136658,0.7997971049040203,745,19.41946601867676,325.7430725097656,9,0.7149617075920105,14,2026-10-06 03:30:00,2026-10-01 23:00:00,1.0
11.797394142555284,76.06620490112789,0.2908357,0.2901566636962816,0.2903264227722112,Moderate,12.509999617934227,25.359999110922217,26.369999101385474,33.97999892197549,0.12509999617934228,0.16906666073948146,0.08789999700461824,0.08494999730493874,0.4413299560546875,20.207391357421898,99.55352205136658,0.7997971049040203,725,7.438111305236816,187.2771453857422,-1,0.6325267553329468,14,2026-10-06 03:30:00,2026-10-01 23:00:00,1.0
11.797394142555284,76.11606139939653,0.23992947,0.31556099656975517,0.2966531149273164,Moderate,19.829999370500445,30.209999127313495,30.239999126642942,38.969998916611075,0.19829999370500445,0.20139999418208995,0.10079999708880981,0.09742499729152769,0.407867431640625,20.683953857421898,99.60307011528758,0.5963624529537609,766,4.6912360191345215,233.7154693603516,11,0.6277737617492676,8,2026-10-06 03:30:00,2026-10-01 23:00:00,1.0
11.797394142555284,76.16618739225038,0.12906991,0.31556099656975517,0.26893822492731634,Moderate,19.829999370500445,30.209999127313495,30.239999126642942,38.969998916611075,0.19829999370500445,0.20139999418208995,0.10079999708880981,0.09742499729152769,0.407867431640625,20.683953857421898,99.60307011528758,0.5963624529537609,768,5.666487216949463,270.0,16,0.6903244256973267,8,2026-10-06 03:30:00,2026-10-01 23:00:00,1.0
11.797394142555284,76.21604389051902,0.027260698,0.680292650319698,0.5170346622397735,High,96.9699966609478,119.10999595187604,119.33999594114721,127.65999579243362,0.969699966609478,0.7940666396791737,0.3977999864704907,0.31914998948108403,0.39471435546875,20.182000732421898,99.7460447694618,0.652708211925644,765,2.987297534942627,108.07109832763672,6,0.7342519760131836,8,2026-10-06 03:30:00,2026-10-01 23:00:00,1.0
11.797394142555284,76.26616988337287,0.02426822,0.680292650319698,0.5162865427397735,High,96.9699966609478,119.10999595187604,119.33999594114721,127.65999579243362,0.969699966609478,0.7940666396791737,0.3977999864704907,0.31914998948108403,0.39471435546875,20.182000732421898,99.7460447694618,0.652708211925644,824,7.612972736358643,165.67320251464844,-18,0.486759752035141,5,2026-10-06 03:30:00,2026-10-01 23:00:00,1.0
11.797394142555284,76.3160263816415,0.06615383,0.7643869958616794,0.5898287043962596,High,106.14999778941274,152.6199969071895,153.58999687060714,163.0299967303872,1.0,1.0,0.5119666562353571,0.407574991825968,0.3303680419921875,19.732781982421898,98.83008803705276,0.7235992828260155,1037,11.59650993347168,341.1949157714844,21,0.74478679895401,4,2026-10-06 03:30:00,2026-10-01 23:00:00,1.0
11.797394142555284,76.36615237449541,0.002120967,0.7662535595958433,0.5752204114468825,High,121.68999614566565,160.00999543070793,160.68999540247023,177.85999503731728,1.0,1.0,0.5356333180082341,0.4446499875932932,0.2831573486328125,19.637078857421898,96.43103515840468,0.4747449779679888,847,0.9274099469184875,0.0,3,0.3381911814212799,4,2026-10-06 03:30:00,2026-10-01 23:00:00,0.9438578287760417
11.797394142555284,76.41600887276405,0.0023552869,0.7662535595958433,0.5752789914218824,High,121.68999614566565,160.00999543070793,160.68999540247023,177.85999503731728,1.0,1.0,0.5356333180082341,0.4446499875932932,0.2831573486328125,19.637078857421898,96.43103515840468,0.4747449779679888,789,0.9274099469184875,0.0,8,0.3567606210708618,4,2026-10-06 03:30:00,2026-10-01 23:00:00,0.9438578287760417
11.797394142555284,76.4661348656179,0.0014985364,0.7229592887625099,0.5425941006718825,High,121.68999614566565,160.00999543070793,160.68999540247023,177.85999503731728,1.0,1.0,0.5356333180082341,0.4446499875932932,0.2182159423828125,19.162469482421898,94.595050423333,0.1471534594064401,841,4.816090106964111,101.07699584960938,-2,0.3964201509952545,4,2026-10-06 03:30:00,2026-10-01 23:00:00,0.727386474609375
11.797394142555284,76.51599136388654,0.0019038626,0.7229592887625099,0.5426954322218824,High,121.68999614566565,160.00999543070793,160.68999540247023,177.85999503731728,1.0,1.0,0.5356333180082341,0.4446499875932932,0.2182159423828125,19.162469482421898,94.595050423333,0.1471534594064401,910,3.8958451747894287,283.7511291503906,2,0.3200721740722656,4,2026-10-06 03:30:00,2026-10-01 23:00:00,0.727386474609375
11.797394142555284,76.56611735674039,0.003552357,0.6579160060635458,0.4943250937976594,Moderate,102.439997067675,115.30999687872827,115.30999687872827,143.27999643608928,1.0,0.7687333125248551,0.38436665626242755,0.3581999910902232,0.2565460205078125,18.988641357421898,94.21735768833275,0.3410965317205088,933,7.1551194190979,67.24105072021484,0,0.3940224945545196,10,2026-10-06 03:30:00,2026-10-01 23:00:00,0.8551534016927084
11.797394142555284,76.61597385500903,0.0016371227,0.6579160060635458,0.4938462852226594,Moderate,102.439997067675,115.30999687872827,115.30999687872827,143.27999643608928,1.0,0.7687333125248551,0.38436665626242755,0.3581999910902232,0.2565460205078125,18.988641357421898,94.21735768833275,0.3410965317205088,884,4.816090106964111,281.0769958496094,-4,0.4417067170143127,12,2026-10-06 03:30:00,2026-10-01 23:00:00,0.8551534016927084
11.797394142555284,76.66609984786288,0.0010737383,0.46697355304795013,0.35049859936096256,Moderate,65.72999923303723,74.66999896243215,74.66999896243215,128.74999845400453,0.6572999923303723,0.497799993082881,0.2488999965414405,0.3218749961350113,0.1976318359375,18.812860107421898,94.84855799635784,0.582125880435117,837,0.9274099469184875,180.0,4,0.2776118814945221,12,2026-10-06 03:30:00,2026-10-01 23:00:00,0.6587727864583334
11.797394142555284,76.71622584071679,0.00072634773,0.46140178295771284,0.3462329241507846,Moderate,61.449998926371336,64.08999882265925,64.08999882265925,146.79999648034573,0.6144999892637134,0.42726665881772835,0.21363332940886418,0.3669999912008643,0.21820068359375,18.572625732421898,96.36692512886208,0.8880600365912225,800,2.6499059200286865,45.6115837097168,-1,0.3490915596485138,12,2026-10-06 03:30:00,2026-10-01 23:00:00,0.7273356119791667
11.797394142555284,76.76608233898543,0.0011498492,0.46140178295771284,0.3463387995182846,Moderate,61.449998926371336,64.08999882265925,64.08999882265925,146.79999648034573,0.6144999892637134,0.42726665881772835,0.21363332940886418,0.3669999912008643,0.21820068359375,18.572625732421898,96.36692512886208,0.8880600365912225,843,0.9474194049835204,270.0,7,0.3321656584739685,12,2026-10-06 03:30:00,2026-10-01 23:00:00,0.7273356119791667
11.797394142555284,76.81620833183928,0.00057324144,0.4217485849083712,0.3164547490412784,Moderate,46.34999864734709,46.55999864265323,46.55999864265323,133.25999670103192,0.4634999864734709,0.3103999909510215,0.15519999547551075,0.3331499917525798,0.2632598876953125,18.830438232421898,97.12056485349588,1.1036539060498518,880,3.390277147293091,123.1278305053711,4,0.2215736657381057,12,2026-10-06 03:30:00,2026-10-01 23:00:00,0.877532958984375
11.797394142555284,76.86606483010792,0.0013537246,0.4217485849083712,0.3166498698312784,Moderate,46.34999864734709,46.55999864265323,46.55999864265323,133.25999670103192,0.4634999864734709,0.3103999909510215,0.15519999547551075,0.3331499917525798,0.2632598876953125,18.830438232421898,97.12056485349588,1.1036539060498518,840,4.722536563873291,348.4524841308594,-2,0.3076665103435516,12,2026-10-06 03:30:00,2026-10-01 23:00:00,0.877532958984375
11.797394142555284,76.91619082296177,0.0008713013,0.3699669230419521,0.2776930176064641,Moderate,38.95999957062304,38.95999957062304,38.95999957062304,87.6299991440028,0.3895999957062304,0.25973333047082026,0.12986666523541013,0.21907499786000698,0.2632598876953125,18.830438232421898,97.12056485349588,1.1036539060498518,893,1.854334115982056,180.0,-6,0.23661470413208,12,2026-10-06 03:30:00,2026-10-01 23:00:00,0.877532958984375
11.797394142555284,76.9660473212304,0.00061003567,0.3699669230419521,0.2776277011989641,Moderate,38.95999957062304,38.95999957062304,38.95999957062304,87.6299991440028,0.3895999957062304,0.25973333047082026,0.12986666523541013,0.21907499786000698,0.2632598876953125,18.830438232421898,97.12056485349588,1.1036539060498518,782,2.6499059200286865,134.38841247558594,0,0.3063955008983612,12,2026-10-06 03:30:00,2026-10-01 23:00:00,0.877532958984375
11.797394142555284,77.01617331408426,0.00078531605,0.28193908846403165,0.21165064536052375,Low,15.479999659582973,19.00999958626926,20.879999494180083,53.25999899208546,0.15479999659582971,0.1267333305751284,0.06959999831393361,0.13314999748021364,0.2810516357421875,19.480828857421898,96.60337280627051,0.7909661362563633,766,3.362619400024414,34.25693893432617,2,0.4166666567325592,12,2026-10-06 03:30:00,2026-10-01 23:00:00,0.9368387858072917
11.797394142555284,77.0660298123529,0.0012975797,0.28193908846403165,0.21177871127302375,Low,15.479999659582973,19.00999958626926,20.879999494180083,53.25999899208546,0.15479999659582971,0.1267333305751284,0.06959999831393361,0.13314999748021364,0.2810516357421875,19.480828857421898,96.60337280627051,0.7909661362563633,785,2.9367997646331787,198.80506896972656,1,0.269397109746933,10,2026-10-06 03:30:00,2026-10-01 23:00:00,0.9368387858072917
11.797394142555284,77.1161558052068,0.0012840322,0.26465766537201907,0.1988142570790143,Low,6.739999856799841,11.16999975964427,15.609999753534794,53.54999889060855,0.06739999856799841,0.07446666506429513,0.052033332511782646,0.13387499722652138,0.3129425048828125,18.746453857421898,96.82167675129932,0.4413680258816112,909,14.093782424926758,292.7589416503906,-4,0.6888561844825745,4,2026-10-06 03:30:00,2026-10-01 23:00:00,1.0
11.797394142555284,77.16601230347544,0.009547984,0.25468866551555697,0.19340349513666774,Low,5.129999961704016,9.42999977990985,13.299999641254544,47.45999889448285,0.051299999617040154,0.062866665199399,0.04433333213751515,0.11864999723620713,0.36773681640625,19.008172607421898,95.42750181471962,0.3424358559148788,1226,2.987297534942627,288.07110595703125,-1,0.7937153577804565,2,2026-10-06 03:30:00,2026-10-01 23:00:00,1.0
11.797394142555284,77.21613829632929,0.0120064,0.25468866551555697,0.19401809913666773,Low,5.129999961704016,9.42999977990985,13.299999641254544,47.45999889448285,0.051299999617040154,0.062866665199399,0.04433333213751515,0.11864999723620713,0.36773681640625,19.008172607421898,95.42750181471962,0.3424358559148788,1191,15.740857124328612,69.8428955078125,-24,0.7554936408996582,4,2026-10-06 03:30:00,2026-10-01 23:00:00,1.0
11.797394142555284,77.26599479459793,0.0015523451,0.240617331957755,0.18085108524331625,Low,3.739999905228615,4.57999986410141,6.289999816566706,46.439998211339116,0.03739999905228615,0.030533332427342734,0.020966666055222353,0.1160999955283478,0.3540802001953125,20.650750732421898,94.75757879345154,0.1505073256866108,818,3.704791784286499,180.0,9,0.7311643958091736,9,2026-10-06 03:30:00,2026-10-01 23:00:00,1.0
11.797394142555284,77.31612078745178,0.006528259,0.240617331957755,0.18209506371831624,Low,3.739999905228615,4.57999986410141,6.289999816566706,46.439998211339116,0.03739999905228615,0.030533332427342734,0.020966666055222353,0.1160999955283478,0.3540802001953125,20.650750732421898,94.75757879345154,0.1505073256866108,855,17.407896041870117,21.666980743408203,-24,0.4397495985031128,9,2026-10-06 03:30:00,2026-10-01 23:00:00,1.0
11.797394142555284,77.36597728572042,0.014359634,0.240617331957755,0.18405290746831623,Low,3.739999905228615,4.57999986410141,6.289999816566706,46.439998211339116,0.03739999905228615,0.030533332427342734,0.020966666055222353,0.1160999955283478,0.327056884765625,21.791375732421898,93.77057083830636,0.1591370193112246,1076,17.096202850341797,0.0,18,0.7092127203941345,8,2026-10-06 03:30:00,2026-10-01 23:00:00,1.0
11.847250640823924,75.36605796868514,0.0007303732,0.18272720164923623,0.13722799453692716,Low,0.23999999091029167,29.60999915935099,33.61999906040728,35.59999907948077,0.0023999999091029165,0.19739999439567327,0.11206666353469094,0.08899999769870191,0.1589508056640625,25.029656982421898,98.33511411098404,1.3169489572561015,0,0.0,0.0,0,-0.2544378638267517,17,2026-10-06 03:30:00,2026-10-01 23:00:00,0.5298360188802084
11.847250640823924,75.41618396153899,0.0044481936,0.1663592027447497,0.12588145045856228,Low,0.2199999988079071,20.969999585300684,28.42999954521656,29.679999554529786,0.002199999988079071,0.1397999972353379,0.09476666515072187,0.07419999888632446,0.1589508056640625,25.029656982421898,98.33511411098404,1.3169489572561015,21,1.8946648836135864,270.0,3,0.637579619884491,14,2026-10-06 03:30:00,2026-10-01 23:00:00,0.5298360188802084
11.847250640823924,75.46604045980763,0.005190693,0.2757473316435392,0.20810817198265438,Low,0.6099999807775021,25.99999942071736,35.9299992043525,36.09999920614064,0.0060999998077750205,0.17333332947144905,0.11976666401450832,0.09024999801535159,0.39703369140625,24.805047607421898,98.0912788603806,1.2408441533037753,29,2.0821218490600586,152.9383087158203,0,0.6370106935501099,8,2026-10-06 03:30:00,2026-10-01 23:00:00,1.0
11.847250640823924,75.51616645266151,0.006507938,0.2757473316435392,0.2084374832326544,Low,0.6099999807775021,25.99999942071736,35.9299992043525,36.09999920614064,0.0060999998077750205,0.17333332947144905,0.11976666401450832,0.09024999801535159,0.39703369140625,24.805047607421898,98.0912788603806,1.2408441533037753,28,3.97169041633606,134.38320922851562,5,0.7196261882781982,8,2026-10-06 03:30:00,2026-10-01 23:00:00,1.0
11.847250640823924,75.56602295093015,0.014751619,0.2757473316435392,0.2104984034826544,Low,0.6099999807775021,25.99999942071736,35.9299992043525,36.09999920614064,0.0060999998077750205,0.17333332947144905,0.11976666401450832,0.09024999801535159,0.4052886962890625,23.992547607421898,98.60005382045836,1.1314482417569196,30,0.9274099469184875,180.0,13,0.7486263513565063,8,2026-10-06 03:30:00,2026-10-01 23:00:00,1.0
11.847250640823924,75.616148943784,0.04512817,0.2757473316435392,0.2180925412326544,Low,0.6099999807775021,25.99999942071736,35.9299992043525,36.09999920614064,0.0060999998077750205,0.17333332947144905,0.11976666401450832,0.09024999801535159,0.4052886962890625,23.992547607421898,98.60005382045836,1.1314482417569196,57,4.997117042541504,157.76986694335938,13,0.4810307919979095,8,2026-10-06 03:30:00,2026-10-01 23:00:00,1.0
11.847250640823924,75.66600544205264,0.19216798,0.2749993314334502,0.2542914935750876,Moderate,0.8499999772757292,24.199999442324042,36.31999904289842,36.859999012202024,0.008499999772757292,0.16133332961549363,0.12106666347632805,0.09214999753050507,0.416290283203125,22.783563232421898,99.11480683035494,1.103818824958839,78,13.09783172607422,154.752197265625,-8,0.7002440094947815,8,2026-10-06 03:30:00,2026-10-01 23:00:00,1.0
11.847250640823924,75.71613143490652,0.04517051,0.2749993314334502,0.2175421260750876,Low,0.8499999772757292,24.199999442324042,36.31999904289842,36.859999012202024,0.008499999772757292,0.16133332961549363,0.12106666347632805,0.09214999753050507,0.416290283203125,22.783563232421898,99.11480683035494,1.103818824958839,89,9.919347763061523,22.230131149291992,0,0.7702433466911316,2,2026-10-06 03:30:00,2026-10-01 23:00:00,1.0
11.847250640823924,75.76598793317515,0.27319866,0.2694829982398699,0.2704119136799024,Moderate,2.459999965503812,19.739999590441585,33.18999904207885,33.90999902412295,0.02459999965503812,0.13159999726961055,0.11063333014026284,0.08477499756030739,0.4276580810546875,21.935906982421898,99.45253807427218,1.0311277329875668,240,11.921491622924805,336.9388122558594,20,0.7066100835800171,2,2026-10-06 03:30:00,2026-10-01 23:00:00,1.0
11.847250640823924,75.816113926029,0.2570904,0.2694829982398699,0.2663848486799024,Moderate,2.459999965503812,19.739999590441585,33.18999904207885,33.90999902412295,0.02459999965503812,0.13159999726961055,0.11063333014026284,0.08477499756030739,0.4276580810546875,21.935906982421898,99.45253807427218,1.0311277329875668,857,14.91905689239502,248.6206817626953,-6,0.6923643350601196,2,2026-10-06 03:30:00,2026-10-01 23:00:00,1.0
11.847250640823924,75.91609641715152,0.97880584,0.30793433137256654,0.4756522085294249,Moderate,11.509999759495258,32.44999943487346,36.06999937258661,42.88999924995005,0.11509999759495258,0.21633332956582307,0.12023333124195536,0.10722499812487513,0.4413299560546875,20.207391357421898,99.55352205136658,0.7997971049040203,582,32.9849853515625,75.5572280883789,38,0.8403674960136414,2,2026-10-06 03:30:00,2026-10-01 23:00:00,1.0
11.847250640823924,75.96622241000537,0.92042804,0.30793433137256654,0.4610577585294249,Moderate,11.509999759495258,32.44999943487346,36.06999937258661,42.88999924995005,0.11509999759495258,0.21633332956582307,0.12023333124195536,0.10722499812487513,0.4413299560546875,20.207391357421898,99.55352205136658,0.7997971049040203,772,13.061408042907717,167.64999389648438,32,0.5022335648536682,8,2026-10-06 03:30:00,2026-10-01 23:00:00,1.0
11.847250640823924,76.01607890827404,0.91188127,0.2901566636962816,0.44558781527221125,Moderate,12.509999617934227,25.359999110922217,26.369999101385474,33.97999892197549,0.12509999617934228,0.16906666073948146,0.08789999700461824,0.08494999730493874,0.4413299560546875,20.207391357421898,99.55352205136658,0.7997971049040203,899,16.372692108154297,34.26177978515625,-25,0.513245165348053,8,2026-10-06 03:30:00,2026-10-01 23:00:00,1.0
11.847250640823924,76.06620490112789,0.61034316,0.2901566636962816,0.37020328777221123,Moderate,12.509999617934227,25.359999110922217,26.369999101385474,33.97999892197549,0.12509999617934228,0.16906666073948146,0.08789999700461824,0.08494999730493874,0.4413299560546875,20.207391357421898,99.55352205136658,0.7997971049040203,762,6.304793357849121,63.92522048950195,8,0.666399359703064,8,2026-10-06 03:30:00,2026-10-01 23:00:00,1.0
11.847250640823924,76.11606139939653,0.12803875,0.31556099656975517,0.26868043492731636,Moderate,19.829999370500445,30.209999127313495,30.239999126642942,38.969998916611075,0.19829999370500445,0.20139999418208995,0.10079999708880981,0.09742499729152769,0.407867431640625,20.683953857421898,99.60307011528758,0.5963624529537609,699,1.3257848024368286,134.38320922851562,19,0.4130848050117492,10,2026-10-06 03:30:00,2026-10-01 23:00:00,1.0
11.847250640823924,76.16618739225038,0.026379868,0.31556099656975517,0.24326571442731637,Low,19.829999370500445,30.209999127313495,30.239999126642942,38.969998916611075,0.19829999370500445,0.20139999418208995,0.10079999708880981,0.09742499729152769,0.407867431640625,20.683953857421898,99.60307011528758,0.5963624529537609,727,2.9368550777435303,198.8082427978516,1,0.5503861904144287,8,2026-10-06 03:30:00,2026-10-01 23:00:00,1.0
11.847250640823924,76.21604389051902,0.006849812,0.680292650319698,0.5119319407397734,High,96.9699966609478,119.10999595187604,119.33999594114721,127.65999579243362,0.969699966609478,0.7940666396791737,0.3977999864704907,0.31914998948108403,0.39471435546875,20.182000732421898,99.7460447694618,0.652708211925644,743,4.66371488571167,322.53619384765625,-3,0.3360444903373718,4,2026-10-06 03:30:00,2026-10-01 23:00:00,1.0
11.847250640823924,76.26616988337287,0.040640447,0.680292650319698,0.5203795994897734,High,96.9699966609478,119.10999595187604,119.33999594114721,127.65999579243362,0.969699966609478,0.7940666396791737,0.3977999864704907,0.31914998948108403,0.39471435546875,20.182000732421898,99.7460447694618,0.652708211925644,818,12.76917839050293,0.0,13,0.3040216267108917,4,2026-10-06 03:30:00,2026-10-01 23:00:00,1.0
11.847250640823924,76.3160263816415,0.006619631,0.7643869958616794,0.5749451546462595,High,106.14999778941274,152.6199969071895,153.58999687060714,163.0299967303872,1.0,1.0,0.5119666562353571,0.407574991825968,0.3303680419921875,19.732781982421898,98.83008803705276,0.7235992828260155,766,6.702614784240723,325.7382202148437,-18,0.3072006702423095,4,2026-10-06 03:30:00,2026-10-01 23:00:00,1.0
11.847250640823924,76.36615237449541,0.0020413345,0.7662535595958433,0.5752005033218824,High,121.68999614566565,160.00999543070793,160.68999540247023,177.85999503731728,1.0,1.0,0.5356333180082341,0.4446499875932932,0.2831573486328125,19.637078857421898,96.43103515840468,0.4747449779679888,804,0.9475914835929872,90.0,3,0.3070115745067596,4,2026-10-06 03:30:00,2026-10-01 23:00:00,0.9438578287760417
11.847250640823924,76.41600887276405,0.0019016936,0.7662535595958433,0.5751655930968824,High,121.68999614566565,160.00999543070793,160.68999540247023,177.85999503731728,1.0,1.0,0.5356333180082341,0.4446499875932932,0.2831573486328125,19.637078857421898,96.43103515840468,0.4747449779679888,739,2.0821218490600586,27.061697006225582,4,0.2449713200330734,12,2026-10-06 03:30:00,2026-10-01 23:00:00,0.9438578287760417
11.847250640823924,76.4661348656179,0.0015789656,0.7229592887625099,0.5426142079718824,High,121.68999614566565,160.00999543070793,160.68999540247023,177.85999503731728,1.0,1.0,0.5356333180082341,0.4446499875932932,0.2182159423828125,19.162469482421898,94.595050423333,0.1471534594064401,807,1.854334115982056,0.0,10,0.4632937014102936,4,2026-10-06 03:30:00,2026-10-01 23:00:00,0.727386474609375
11.847250640823924,76.51599136388654,0.005083793,0.7229592887625099,0.5434904148218824,High,121.68999614566565,160.00999543070793,160.68999540247023,177.85999503731728,1.0,1.0,0.5356333180082341,0.4446499875932932,0.2182159423828125,19.162469482421898,94.595050423333,0.1471534594064401,1011,21.17909240722656,305.797119140625,-23,0.4871320426464081,4,2026-10-06 03:30:00,2026-10-01 23:00:00,0.727386474609375
11.847250640823924,76.56611735674039,0.003421551,0.6579160060635458,0.49429239229765937,Moderate,102.439997067675,115.30999687872827,115.30999687872827,143.27999643608928,1.0,0.7687333125248551,0.38436665626242755,0.3581999910902232,0.2565460205078125,18.988641357421898,94.21735768833275,0.3410965317205088,943,11.653451919555664,298.0948791503906,-3,0.4400877356529236,10,2026-10-06 03:30:00,2026-10-01 23:00:00,0.8551534016927084
11.847250640823924,76.61597385500903,0.0012814276,0.6579160060635458,0.49375736144765936,Moderate,102.439997067675,115.30999687872827,115.30999687872827,143.27999643608928,1.0,0.7687333125248551,0.38436665626242755,0.3581999910902232,0.2565460205078125,18.988641357421898,94.21735768833275,0.3410965317205088,835,2.84070372581482,270.0,-5,0.4766237735748291,12,2026-10-06 03:30:00,2026-10-01 23:00:00,0.8551534016927084
11.847250640823924,76.66609984786288,0.00066957634,0.46697355304795013,0.3503975588709626,Moderate,65.72999923303723,74.66999896243215,74.66999896243215,128.74999845400453,0.6572999923303723,0.497799993082881,0.2488999965414405,0.3218749961350113,0.1976318359375,18.812860107421898,94.84855799635784,0.582125880435117,792,0.9274099469184875,180.0,8,0.3812409341335296,12,2026-10-06 03:30:00,2026-10-01 23:00:00,0.6587727864583334
11.847250640823924,76.71622584071679,0.0008048487,0.46140178295771284,0.34625254939328465,Moderate,61.449998926371336,64.08999882265925,64.08999882265925,146.79999648034573,0.6144999892637134,0.42726665881772835,0.21363332940886418,0.3669999912008643,0.21820068359375,18.572625732421898,96.36692512886208,0.8880600365912225,784,5.478196620941162,239.5777282714844,-6,0.1537094563245773,12,2026-10-06 03:30:00,2026-10-01 23:00:00,0.7273356119791667
11.847250640823924,76.76608233898543,0.0008999299,0.46140178295771284,0.34627631969328465,Moderate,61.449998926371336,64.08999882265925,64.08999882265925,146.79999648034573,0.6144999892637134,0.42726665881772835,0.21363332940886418,0.3669999912008643,0.21820068359375,18.572625732421898,96.36692512886208,0.8880600365912225,801,1.8946648836135864,270.0,-3,0.1600259095430374,12,2026-10-06 03:30:00,2026-10-01 23:00:00,0.7273356119791667
11.847250640823924,76.81620833183928,0.00077827735,0.4217485849083712,0.31650600801877843,Moderate,46.34999864734709,46.55999864265323,46.55999864265323,133.25999670103192,0.4634999864734709,0.3103999909510215,0.15519999547551075,0.3331499917525798,0.2632598876953125,18.830438232421898,97.12056485349588,1.1036539060498518,844,2.650151252746582,45.61678695678711,-6,0.1941052675247192,12,2026-10-06 03:30:00,2026-10-01 23:00:00,0.877532958984375
11.847250640823924,76.86606483010792,0.0006711799,0.4217485849083712,0.31647923365627845,Moderate,46.34999864734709,46.55999864265323,46.55999864265323,133.25999670103192,0.4634999864734709,0.3103999909510215,0.15519999547551075,0.3331499917525798,0.2632598876953125,18.830438232421898,97.12056485349588,1.1036539060498518,780,4.212635517120361,116.07478332519533,9,0.4829502403736114,12,2026-10-06 03:30:00,2026-10-01 23:00:00,0.877532958984375
11.847250640823924,76.91619082296177,0.00060021307,0.3699669230419521,0.2776252455489641,Moderate,38.95999957062304,38.95999957062304,38.95999957062304,87.6299991440028,0.3895999957062304,0.25973333047082026,0.12986666523541013,0.21907499786000698,0.2632598876953125,18.830438232421898,97.12056485349588,1.1036539060498518,752,1.854334115982056,0.0,-4,0.1620617359876632,12,2026-10-06 03:30:00,2026-10-01 23:00:00,0.877532958984375
11.847250640823924,76.9660473212304,0.00079633977,0.3699669230419521,0.2776742772239641,Moderate,38.95999957062304,38.95999957062304,38.95999957062304,87.6299991440028,0.3895999957062304,0.25973333047082026,0.12986666523541013,0.21907499786000698,0.2632598876953125,18.830438232421898,97.12056485349588,1.1036539060498518,744,4.158759117126465,27.061697006225582,1,0.2307679206132888,12,2026-10-06 03:30:00,2026-10-01 23:00:00,0.877532958984375
11.847250640823924,77.01617331408426,0.00086965034,0.28193908846403165,0.21167172893302375,Low,15.479999659582973,19.00999958626926,20.879999494180083,53.25999899208546,0.15479999659582971,0.1267333305751284,0.06959999831393361,0.13314999748021364,0.2810516357421875,19.480828857421898,96.60337280627051,0.7909661362563633,732,2.9877870082855225,251.9319763183593,2,0.7420098781585693,12,2026-10-06 03:30:00,2026-10-01 23:00:00,0.9368387858072917
11.847250640823924,77.0660298123529,0.0017114369,0.28193908846403165,0.21188217557302375,Low,15.479999659582973,19.00999958626926,20.879999494180083,53.25999899208546,0.15479999659582971,0.1267333305751284,0.06959999831393361,0.13314999748021364,0.2810516357421875,19.480828857421898,96.60337280627051,0.7909661362563633,802,4.722570896148682,191.549545288086,9,0.5217076539993286,9,2026-10-06 03:30:00,2026-10-01 23:00:00,0.9368387858072917
11.847250640823924,77.1161558052068,0.0029207978,0.26465766537201907,0.1992234484790143,Low,6.739999856799841,11.16999975964427,15.609999753534794,53.54999889060855,0.06739999856799841,0.07446666506429513,0.052033332511782646,0.13387499722652138,0.3129425048828125,18.746453857421898,96.82167675129932,0.4413680258816112,923,14.55972957611084,124.1200180053711,11,0.606292724609375,4,2026-10-06 03:30:00,2026-10-01 23:00:00,1.0
11.847250640823924,77.16601230347544,0.0145851625,0.25468866551555697,0.19466278976166773,Low,5.129999961704016,9.42999977990985,13.299999641254544,47.45999889448285,0.051299999617040154,0.062866665199399,0.04433333213751515,0.11864999723620713,0.36773681640625,19.008172607421898,95.42750181471962,0.3424358559148788,1292,11.548608779907228,256.25128173828125,10,0.7166133522987366,2,2026-10-06 03:30:00,2026-10-01 23:00:00,1.0
11.847250640823924,77.21613829632929,0.0018832621,0.25468866551555697,0.19148731466166774,Low,5.129999961704016,9.42999977990985,13.299999641254544,47.45999889448285,0.051299999617040154,0.062866665199399,0.04433333213751515,0.11864999723620713,0.36773681640625,19.008172607421898,95.42750181471962,0.3424358559148788,1021,3.97169041633606,134.38320922851562,4,0.8099690079689026,9,2026-10-06 03:30:00,2026-10-01 23:00:00,1.0
11.847250640823924,77.26599479459793,0.00095925,0.240617331957755,0.18070281146831624,Low,3.739999905228615,4.57999986410141,6.289999816566706,46.439998211339116,0.03739999905228615,0.030533332427342734,0.020966666055222353,0.1160999955283478,0.3540802001953125,20.650750732421898,94.75757879345154,0.1505073256866108,933,2.650151252746582,45.61678695678711,7,0.4852249920368194,12,2026-10-06 03:30:00,2026-10-01 23:00:00,1.0
11.847250640823924,77.31612078745178,0.0013552629,0.240617331957755,0.18080181469331624,Low,3.739999905228615,4.57999986410141,6.289999816566706,46.439998211339116,0.03739999905228615,0.030533332427342734,0.020966666055222353,0.1160999955283478,0.3540802001953125,20.650750732421898,94.75757879345154,0.1505073256866108,945,5.996001720428467,128.05947875976562,2,0.5358788967132568,9,2026-10-06 03:30:00,2026-10-01 23:00:00,1.0
11.847250640823924,77.36597728572042,0.007739708,0.240617331957755,0.18239792596831625,Low,3.739999905228615,4.57999986410141,6.289999816566706,46.439998211339116,0.03739999905228615,0.030533332427342734,0.020966666055222353,0.1160999955283478,0.327056884765625,21.791375732421898,93.77057083830636,0.1591370193112246,797,17.408300399780273,158.32945251464844,23,0.6258729696273804,9,2026-10-06 03:30:00,2026-10-01 23:00:00,1.0
11.897376633677789,75.36605796868514,0.001944037,0.18303186842606717,0.13775991056955036,Low,0.029999999329447746,28.599999288097024,34.85999905131757,37.21999900601804,0.00029999999329447744,0.19066666192064682,0.11619999683772524,0.09304999751504511,0.1589508056640625,25.029656982421898,98.33511411098404,1.3169489572561015,24,2.6504006385803223,225.6220703125,5,0.3176470696926117,14,2026-10-06 03:30:00,2026-10-01 23:00:00,0.5298360188802084
11.897376633677789,75.41618396153899,0.0111091975,0.18242753535099332,0.13959795088824498,Low,0.5199999809265137,27.28999936208129,35.419999208301306,35.94999918714166,0.005199999809265137,0.18193332908054194,0.11806666402767102,0.08987499796785414,0.1589508056640625,25.029656982421898,98.33511411098404,1.3169489572561015,22,4.692347526550293,306.2745056152344,13,0.4536750316619873,14,2026-10-06 03:30:00,2026-10-01 23:00:00,0.5298360188802084
11.897376633677789,75.46604045980763,0.025021281,0.2832836642695591,0.21871806845216932,Low,4.179999947547913,25.839999184012413,36.41999890655279,36.44999890588224,0.041799999475479126,0.1722666612267494,0.12139999635517597,0.0911249972647056,0.3933563232421875,24.687860107421898,97.81451856339196,1.2041322747686896,47,4.692347526550293,126.2745132446289,-15,0.7577831149101257,8,2026-10-06 03:30:00,2026-10-01 23:00:00,1.0
11.897376633677789,75.51616645266151,0.06747502,0.2832836642695591,0.22933150320216933,Low,4.179999947547913,25.839999184012413,36.41999890655279,36.44999890588224,0.041799999475479126,0.1722666612267494,0.12139999635517597,0.0911249972647056,0.3933563232421875,24.687860107421898,97.81451856339196,1.2041322747686896,88,11.108128547668455,204.916015625,-18,0.6924482583999634,8,2026-10-06 03:30:00,2026-10-01 23:00:00,1.0
11.897376633677789,75.56602295093015,0.0060857567,0.2832836642695591,0.21398418737716932,Low,4.179999947547913,25.839999184012413,36.41999890655279,36.44999890588224,0.041799999475479126,0.1722666612267494,0.12139999635517597,0.0911249972647056,0.4188232421875,23.941766357421898,97.43465792652852,1.2002787613167172,27,1.3259096145629885,45.6220703125,-1,0.5024154782295227,8,2026-10-06 03:30:00,2026-10-01 23:00:00,1.0
11.897376633677789,75.616148943784,0.012249269,0.2832836642695591,0.21552506545216932,Low,4.179999947547913,25.839999184012413,36.41999890655279,36.44999890588224,0.041799999475479126,0.1722666612267494,0.12139999635517597,0.0911249972647056,0.4188232421875,23.941766357421898,97.43465792652852,1.2002787613167172,64,4.213260650634766,296.07061767578125,2,0.7546508312225342,8,2026-10-06 03:30:00,2026-10-01 23:00:00,1.0
11.897376633677789,75.66600544205264,0.072043106,0.3478673288690547,0.27891127315179104,Moderate,4.799999827519059,43.36999837309122,70.46999818086624,71.25999814271927,0.047999998275190595,0.2891333224872748,0.2348999939362208,0.17814999535679818,0.4262847900390625,23.283563232421898,97.57209251016673,1.176202812710177,88,15.839356422424316,204.0896453857422,7,0.8412145376205444,8,2026-10-06 03:30:00,2026-10-01 23:00:00,1.0
11.897376633677789,75.71613143490652,0.015456802,0.3478673288690547,0.2647646971517911,Moderate,4.799999827519059,43.36999837309122,70.46999818086624,71.25999814271927,0.047999998275190595,0.2891333224872748,0.2348999939362208,0.17814999535679818,0.4262847900390625,23.283563232421898,97.57209251016673,1.176202812710177,95,5.478943347930908,300.41766357421875,-14,0.7837097644805908,8,2026-10-06 03:30:00,2026-10-01 23:00:00,1.0
11.897376633677789,75.76598793317515,0.013677219,0.34565299535648275,0.26265905126736205,Moderate,4.519999863579869,36.119999250397086,75.19999725930393,75.84999724291265,0.04519999863579869,0.24079999500264723,0.2506666575310131,0.18962499310728162,0.430328369140625,22.154656982421898,98.54547382517153,1.0995337070807063,96,1.3259096145629885,134.3779296875,3,0.8040245175361633,8,2026-10-06 03:30:00,2026-10-01 23:00:00,1.0
11.897376633677789,75.816113926029,0.025603741,0.34565299535648275,0.26564068176736205,Moderate,4.519999863579869,36.119999250397086,75.19999725930393,75.84999724291265,0.04519999863579869,0.24079999500264723,0.2506666575310131,0.18962499310728162,0.430328369140625,22.154656982421898,98.54547382517153,1.0995337070807063,87,2.0822012424468994,332.9340209960937,0,0.5581756234169006,8,2026-10-06 03:30:00,2026-10-01 23:00:00,1.0
11.897376633677789,75.91609641715152,0.98477083,0.39526332872087755,0.5426402040406582,High,9.939999790862203,58.57999880425632,81.70999790541828,95.05999751389027,0.09939999790862203,0.3905333253617088,0.27236665968472756,0.23764999378472568,0.4283599853515625,19.890985107421898,99.60067681737657,0.7579926299077565,633,43.12908935546875,120.07611083984376,54,0.8599318265914917,2,2026-10-06 03:30:00,2026-10-01 23:00:00,1.0
11.897376633677789,75.96622241000537,0.92243576,0.39526332872087755,0.5270564365406581,High,9.939999790862203,58.57999880425632,81.70999790541828,95.05999751389027,0.09939999790862203,0.3905333253617088,0.27236665968472756,0.23764999378472568,0.4283599853515625,19.890985107421898,99.60067681737657,0.7579926299077565,1158,15.745684623718262,69.84967803955078,-30,0.877237856388092,2,2026-10-06 03:30:00,2026-10-01 23:00:00,1.0
11.897376633677789,76.01607890827404,0.4184387,0.3317976645358528,0.3534579234018896,Moderate,11.48999966494739,41.94999952055514,45.96999935247004,54.589999137446284,0.11489999664947391,0.2796666634703676,0.15323333117490012,0.13647499784361572,0.4283599853515625,19.890985107421898,99.60067681737657,0.7579926299077565,817,7.298473358154297,309.19488525390625,-11,0.762053370475769,8,2026-10-06 03:30:00,2026-10-01 23:00:00,1.0
11.897376633677789,76.06620490112789,0.65279627,0.3317976645358528,0.4120473159018896,Moderate,11.48999966494739,41.94999952055514,45.96999935247004,54.589999137446284,0.11489999664947391,0.2796666634703676,0.15323333117490012,0.13647499784361572,0.4283599853515625,19.890985107421898,99.60067681737657,0.7579926299077565,800,10.471923828125,259.91192626953125,-14,0.5826544165611267,8,2026-10-06 03:30:00,2026-10-01 23:00:00,1.0
11.897376633677789,76.11606139939653,0.31631306,0.434850326299419,0.40521600972456423,Moderate,48.619998410344124,56.05999840050936,56.50999840348959,65.20999825745821,0.48619998410344123,0.3737333226700624,0.1883666613449653,0.16302499564364553,0.4064178466796875,20.646844482421898,99.49509345063984,0.4752869855487743,868,13.648222923278809,0.0,-15,0.4463652372360229,4,2026-10-06 03:30:00,2026-10-01 23:00:00,1.0
11.897376633677789,76.16618739225038,0.012245197,0.434850326299419,0.32919904397456423,Moderate,48.619998410344124,56.05999840050936,56.50999840348959,65.20999825745821,0.48619998410344123,0.3737333226700624,0.1883666613449653,0.16302499564364553,0.4064178466796875,20.646844482421898,99.49509345063984,0.4752869855487743,770,4.213260650634766,243.9293975830078,9,0.4357463121414184,5,2026-10-06 03:30:00,2026-10-01 23:00:00,1.0
11.897376633677789,76.21604389051902,0.00772567,0.5640423248051976,0.42496316110389815,Moderate,77.61999820172787,85.39999800175428,86.47999797202647,97.04999764449894,0.7761999820172787,0.5693333200116952,0.2882666599067549,0.24262499411124736,0.39727783203125,20.510125732421898,99.65056990071398,0.6954128806658575,734,3.897187232971192,256.25372314453125,-12,0.3641866743564605,5,2026-10-06 03:30:00,2026-10-01 23:00:00,1.0
11.897376633677789,76.26616988337287,0.007814566,0.5640423248051976,0.42498538510389816,Moderate,77.61999820172787,85.39999800175428,86.47999797202647,97.04999764449894,0.7761999820172787,0.5693333200116952,0.2882666599067549,0.24262499411124736,0.39727783203125,20.510125732421898,99.65056990071398,0.6954128806658575,753,2.9369113445281982,18.81147193908692,-2,0.3355053067207336,9,2026-10-06 03:30:00,2026-10-01 23:00:00,1.0
11.897376633677789,76.3160263816415,0.0034925484,0.6410689891126627,0.48167487893449706,Moderate,94.83999768272042,101.36999750323594,101.4199975002557,124.24999682046473,0.9483999768272042,0.6757999833549062,0.3380666583341857,0.31062499205116184,0.3740234375,20.195672607421898,98.78638510705068,0.7296476545991643,741,0.9477663040161132,90.0,1,0.3045454621315002,4,2026-10-06 03:30:00,2026-10-01 23:00:00,1.0
11.897376633677789,76.36615237449541,0.0016160383,0.7015125201931224,0.5265383997198417,High,115.97999705001712,123.63999685272574,123.63999685272574,147.8199961464852,1.0,0.8242666456848383,0.41213332284241916,0.369549990366213,0.2952117919921875,20.242547607421898,96.92759783918603,0.739690810326161,736,3.391145944595337,123.11823272705078,4,0.2710750102996826,12,2026-10-06 03:30:00,2026-10-01 23:00:00,0.984039306640625
11.897376633677789,76.41600887276405,0.004258706,0.7015125201931224,0.5271990666448417,High,115.97999705001712,123.63999685272574,123.63999685272574,147.8199961464852,1.0,0.8242666456848383,0.41213332284241916,0.369549990366213,0.2952117919921875,20.242547607421898,96.92759783918603,0.739690810326161,759,6.532804489135742,351.6938781738281,-9,0.2919463217258453,4,2026-10-06 03:30:00,2026-10-01 23:00:00,0.984039306640625
11.897376633677789,76.4661348656179,0.0016407274,0.6368661171983308,0.4780597697487481,Moderate,115.97999705001712,123.63999685272574,123.63999685272574,147.8199961464852,1.0,0.8242666456848383,0.41213332284241916,0.369549990366213,0.1982421875,20.185906982421898,94.41755444401284,0.5568938803868885,786,4.664031982421875,217.46890258789065,-1,0.2782081663608551,12,2026-10-06 03:30:00,2026-10-01 23:00:00,0.6608072916666667
11.897376633677789,76.51599136388654,0.0021292008,0.6368661171983308,0.47818188809874806,Moderate,115.97999705001712,123.63999685272574,123.63999685272574,147.8199961464852,1.0,0.8242666456848383,0.41213332284241916,0.369549990366213,0.1982421875,20.185906982421898,94.41755444401284,0.5568938803868885,808,1.854334115982056,0.0,-5,0.3786282837390899,10,2026-10-06 03:30:00,2026-10-01 23:00:00,0.6608072916666667
11.897376633677789,76.56611735674039,0.0023145303,0.5882852335213374,0.4417925577160031,Moderate,106.03999639675021,110.74999616667628,112.1599961631,152.24999568238854,1.0,0.7383333077778419,0.373866653877,0.3806249892059714,0.1564483642578125,20.021844482421898,93.80326803386068,0.3280548072301965,902,7.052018165588379,23.652463912963867,-24,0.3035294115543365,12,2026-10-06 03:30:00,2026-10-01 23:00:00,0.5214945475260417
11.897376633677789,76.61597385500903,0.0006649056,0.5882852335213374,0.44138015154100313,Moderate,106.03999639675021,110.74999616667628,112.1599961631,152.24999568238854,1.0,0.7383333077778419,0.373866653877,0.3806249892059714,0.1564483642578125,20.021844482421898,93.80326803386068,0.3280548072301965,846,2.0822012424468994,152.93402099609375,1,0.575742244720459,12,2026-10-06 03:30:00,2026-10-01 23:00:00,0.5214945475260417
11.897376633677789,76.66609984786288,0.0010344485,0.5970809386375671,0.4480693161031753,Moderate,93.8999974578619,100.36999725550413,102.20999722927809,178.9199953880161,0.9389999745786191,0.6691333150366942,0.3406999907642603,0.44729998847004027,0.1964874267578125,20.101922607421898,93.51033018975264,0.4261630958189215,786,0.9477663040161132,270.0,-11,0.2167835533618927,12,2026-10-06 03:30:00,2026-10-01 23:00:00,0.6549580891927084
11.897376633677789,76.71622584071679,0.0005685041,0.5317241893061747,0.398935268004631,Moderate,82.36999807693064,82.58999807573855,83.00999806262553,138.96999637410045,0.8236999807693064,0.5505999871715903,0.2766999935420851,0.34742499093525114,0.2144927978515625,19.894891357421898,94.35950980841588,0.651631289192034,769,2.9882843494415283,288.0649108886719,0,0.669808566570282,12,2026-10-06 03:30:00,2026-10-01 23:00:00,0.7149759928385417
11.897376633677789,76.76608233898543,0.00061844545,0.5317241893061747,0.398947753342131,Moderate,82.36999807693064,82.58999807573855,83.00999806262553,138.96999637410045,0.8236999807693064,0.5505999871715903,0.2766999935420851,0.34742499093525114,0.2144927978515625,19.894891357421898,94.35950980841588,0.651631289192034,789,4.213260650634766,116.07061004638672,5,0.2816193699836731,12,2026-10-06 03:30:00,2026-10-01 23:00:00,0.7149759928385417
11.897376633677789,76.81620833183928,0.0006729727,0.579867671932901,0.4350689971246758,Moderate,89.10999925807118,89.10999925807118,89.56999924406409,130.72999806329608,0.8910999925807118,0.5940666617204745,0.2985666641468803,0.3268249951582402,0.254364013671875,20.113641357421898,95.3722527919794,0.7909163662607773,803,2.6504006385803223,45.6220703125,-3,0.2219372689723968,12,2026-10-06 03:30:00,2026-10-01 23:00:00,0.8478800455729167
11.897376633677789,76.86606483010792,0.00067550736,0.579867671932901,0.43506963078967575,Moderate,89.10999925807118,89.10999925807118,89.56999924406409,130.72999806329608,0.8910999925807118,0.5940666617204745,0.2985666641468803,0.3268249951582402,0.254364013671875,20.113641357421898,95.3722527919794,0.7909163662607773,778,0.9274099469184875,0.0,-9,0.2284247428178787,12,2026-10-06 03:30:00,2026-10-01 23:00:00,0.8478800455729167
11.897376633677789,76.91619082296177,0.0018686363,0.40607900602960345,0.30502641359720256,Moderate,50.90999938733876,50.90999938733876,51.329999374225736,78.62999858893454,0.5090999938733876,0.3393999959155917,0.17109999791408578,0.19657499647233634,0.254364013671875,20.113641357421898,95.3722527919794,0.7909163662607773,895,17.304216384887695,350.8337097167969,-25,0.3845294713973999,12,2026-10-06 03:30:00,2026-10-01 23:00:00,0.8478800455729167
11.897376633677789,76.9660473212304,0.0010099164,0.40607900602960345,0.30481173362220254,Moderate,50.90999938733876,50.90999938733876,51.329999374225736,78.62999858893454,0.5090999938733876,0.3393999959155917,0.17109999791408578,0.19657499647233634,0.254364013671875,20.113641357421898,95.3722527919794,0.7909163662607773,706,3.9720635414123535,134.3779296875,-10,0.5090352892875671,12,2026-10-06 03:30:00,2026-10-01 23:00:00,0.8478800455729167
11.897376633677789,77.01617331408426,0.0006623495,0.22886858923720818,0.17181702930290613,Low,4.889999797567725,8.57999972999096,8.609999729320407,36.56999930366874,0.048899997975677255,0.057199998199939726,0.02869999909773469,0.09142499825917184,0.2771453857421875,20.226922607421898,96.31818162732716,0.9371159643343684,721,1.3259096145629885,225.6220703125,-7,0.2218735516071319,12,2026-10-06 03:30:00,2026-10-01 23:00:00,0.9238179524739584
11.897376633677789,77.0660298123529,0.0033066547,0.22886858923720818,0.17247810560290613,Low,4.889999797567725,8.57999972999096,8.609999729320407,36.56999930366874,0.048899997975677255,0.057199998199939726,0.02869999909773469,0.09142499825917184,0.2771453857421875,20.226922607421898,96.31818162732716,0.9371159643343684,728,6.532804489135742,8.306123733520508,4,0.355785608291626,10,2026-10-06 03:30:00,2026-10-01 23:00:00,0.9238179524739584
11.897376633677789,77.1161558052068,0.010267318,0.26850499838571995,0.20394557828928997,Low,4.119999857619405,7.739999832585454,10.679999712854624,86.92999815754592,0.041199998576194045,0.05159999888390303,0.035599999042848746,0.21732499539386482,0.3061370849609375,19.176141357421898,97.31798313027468,0.7719555806711484,1199,14.383862495422363,104.62454986572266,-5,0.7308146357536316,2,2026-10-06 03:30:00,2026-10-01 23:00:00,1.0
11.897376633677789,77.16601230347544,0.033772107,0.27141166500890007,0.21200177550667507,Low,4.549999866634607,8.19999984279275,14.549999656155705,83.84999810345471,0.045499998666346075,0.054666665618618326,0.04849999885385235,0.20962499525863676,0.348388671875,18.953485107421898,96.61355588976988,0.583525863942571,1406,23.947460174560547,248.624267578125,-9,0.8331676125526428,8,2026-10-06 03:30:00,2026-10-01 23:00:00,1.0
11.897376633677789,77.21613829632929,0.034705028,0.27141166500890007,0.21223500575667506,Low,4.549999866634607,8.19999984279275,14.549999656155705,83.84999810345471,0.045499998666346075,0.054666665618618326,0.04849999885385235,0.20962499525863676,0.348388671875,18.953485107421898,96.61355588976988,0.583525863942571,1135,25.743507385253903,95.78013610839844,-12,0.5448113083839417,4,2026-10-06 03:30:00,2026-10-01 23:00:00,1.0
11.897376633677789,77.26599479459793,0.000677621,0.3066179971966272,0.2301329031474704,Low,10.319999704137444,10.319999704137444,12.599999641999602,129.77999678067863,0.10319999704137445,0.06879999802758296,0.04199999880666534,0.32444999195169655,0.309967041015625,20.805047607421898,94.50019434231184,0.5099651125761154,894,3.363008737564087,325.7333068847656,-12,0.5541492700576782,12,2026-10-06 03:30:00,2026-10-01 23:00:00,1.0
11.897376633677789,77.31612078745178,0.002608079,0.3066179971966272,0.2306155176474704,Low,10.319999704137444,10.319999704137444,12.599999641999602,129.77999678067863,0.10319999704137445,0.06879999802758296,0.04199999880666534,0.32444999195169655,0.309967041015625,20.805047607421898,94.50019434231184,0.5099651125761154,883,19.211200714111328,229.42974853515625,-4,0.7386898398399353,9,2026-10-06 03:30:00,2026-10-01 23:00:00,1.0
11.897376633677789,77.36597728572042,0.0026527818,0.3039141397747521,0.22859880028106408,Low,10.319999704137444,10.319999704137444,12.599999641999602,129.77999678067863,0.10319999704137445,0.06879999802758296,0.04199999880666534,0.32444999195169655,0.2959442138671875,22.892938232421898,92.66337345068592,0.4369062844657633,665,8.900693893432617,108.06491088867188,7,0.6080626845359802,9,2026-10-06 03:30:00,2026-10-01 23:00:00,0.986480712890625
11.947233131946426,75.3162014704165,0.000765432,0.20811731764481717,0.15627934623361286,Low,0.029999999329447746,28.599999288097024,34.85999905131757,37.21999900601804,0.00029999999329447744,0.19066666192064682,0.11619999683772524,0.09304999751504511,0.1965789794921875,25.523797607421898,96.58326752346856,1.5576584826772455,0,0.0,0.0,0,-0.1124173402786254,11,2026-10-06 03:30:00,2026-10-01 23:00:00,0.6552632649739584
11.947233131946426,75.36605796868514,0.000765432,0.20811731764481717,0.15627934623361286,Low,0.029999999329447746,28.599999288097024,34.85999905131757,37.21999900601804,0.00029999999329447744,0.19066666192064682,0.11619999683772524,0.09304999751504511,0.1965789794921875,25.523797607421898,96.58326752346856,1.5576584826772455,0,0.0,0.0,0,-0.1656184494495391,17,2026-10-06 03:30:00,2026-10-01 23:00:00,0.6552632649739584
11.947233131946426,75.41618396153899,0.011822665,0.18242753535099332,0.13977631776324498,Low,0.5199999809265137,27.28999936208129,35.419999208301306,35.94999918714166,0.005199999809265137,0.18193332908054194,0.11806666402767102,0.08987499796785414,0.1589508056640625,25.029656982421898,98.33511411098404,1.3169489572561015,21,7.540375232696533,90.0,9,0.6140350699424744,8,2026-10-06 03:30:00,2026-10-01 23:00:00,0.5298360188802084
11.947233131946426,75.46604045980763,0.005949168,0.2832836642695591,0.21395004020216932,Low,4.179999947547913,25.839999184012413,36.41999890655279,36.44999890588224,0.041799999475479126,0.1722666612267494,0.12139999635517597,0.0911249972647056,0.3933563232421875,24.687860107421898,97.81451856339196,1.2041322747686896,22,3.972434282302856,314.3726806640625,6,0.5611390471458435,8,2026-10-06 03:30:00,2026-10-01 23:00:00,1.0
11.947233131946426,75.51616645266151,0.021841511,0.2832836642695591,0.2179231259521693,Low,4.179999947547913,25.839999184012413,36.41999890655279,36.44999890588224,0.041799999475479126,0.1722666612267494,0.12139999635517597,0.0911249972647056,0.3933563232421875,24.687860107421898,97.81451856339196,1.2041322747686896,45,3.363203525543213,214.27159118652344,11,0.6607859134674072,8,2026-10-06 03:30:00,2026-10-01 23:00:00,1.0
11.947233131946426,75.56602295093015,0.011676275,0.2832836642695591,0.21538181695216932,Low,4.179999947547913,25.839999184012413,36.41999890655279,36.44999890588224,0.041799999475479126,0.1722666612267494,0.12139999635517597,0.0911249972647056,0.4188232421875,23.941766357421898,97.43465792652852,1.2002787613167172,38,2.8417468070983887,90.0,-5,0.7729800343513489,8,2026-10-06 03:30:00,2026-10-01 23:00:00,1.0
11.947233131946426,75.616148943784,0.034536347,0.2832836642695591,0.2210968349521693,Low,4.179999947547913,25.839999184012413,36.41999890655279,36.44999890588224,0.041799999475479126,0.1722666612267494,0.12139999635517597,0.0911249972647056,0.4188232421875,23.941766357421898,97.43465792652852,1.2002787613167172,61,4.818626880645752,281.0710754394531,11,0.687100887298584,8,2026-10-06 03:30:00,2026-10-01 23:00:00,1.0
11.947233131946426,75.66600544205264,0.047517292,0.3478673288690547,0.27277981965179104,Moderate,4.799999827519059,43.36999837309122,70.46999818086624,71.25999814271927,0.047999998275190595,0.2891333224872748,0.2348999939362208,0.17814999535679818,0.4262847900390625,23.283563232421898,97.57209251016673,1.176202812710177,85,8.042737007141113,304.94635009765625,-2,0.616305410861969,8,2026-10-06 03:30:00,2026-10-01 23:00:00,1.0
11.947233131946426,75.71613143490652,0.102739766,0.3478673288690547,0.28658543815179105,Moderate,4.799999827519059,43.36999837309122,70.46999818086624,71.25999814271927,0.047999998275190595,0.2891333224872748,0.2348999939362208,0.17814999535679818,0.4262847900390625,23.283563232421898,97.57209251016673,1.176202812710177,107,15.803585052490234,166.4769744873047,2,0.8041172623634338,8,2026-10-06 03:30:00,2026-10-01 23:00:00,1.0
11.947233131946426,75.76598793317515,0.026532168,0.34565299535648275,0.265872788517362,Moderate,4.519999863579869,36.119999250397086,75.19999725930393,75.84999724291265,0.04519999863579869,0.24079999500264723,0.2506666575310131,0.18962499310728162,0.430328369140625,22.154656982421898,98.54547382517153,1.0995337070807063,143,2.650648355484009,314.3726806640625,5,0.5861654281616211,8,2026-10-06 03:30:00,2026-10-01 23:00:00,1.0
11.947233131946426,75.816113926029,0.21804635,0.34565299535648275,0.31375133401736205,Moderate,4.519999863579869,36.119999250397086,75.19999725930393,75.84999724291265,0.04519999863579869,0.24079999500264723,0.2506666575310131,0.18962499310728162,0.430328369140625,22.154656982421898,98.54547382517153,1.0995337070807063,311,7.759968280792236,256.25616455078125,-26,0.829285740852356,2,2026-10-06 03:30:00,2026-10-01 23:00:00,1.0
11.947233131946426,75.91609641715152,0.93278444,0.39526332872087755,0.5296436065406582,High,9.939999790862203,58.57999880425632,81.70999790541828,95.05999751389027,0.09939999790862203,0.3905333253617088,0.27236665968472756,0.23764999378472568,0.4283599853515625,19.890985107421898,99.60067681737657,0.7579926299077565,989,22.621170043945312,346.2167358398437,-12,0.8443803787231445,2,2026-10-06 03:30:00,2026-10-01 23:00:00,1.0
11.947233131946426,75.96622241000537,0.9461822,0.39526332872087755,0.5329930465406582,High,9.939999790862203,58.57999880425632,81.70999790541828,95.05999751389027,0.09939999790862203,0.3905333253617088,0.27236665968472756,0.23764999378472568,0.4283599853515625,19.890985107421898,99.60067681737657,0.7579926299077565,1423,10.081302642822266,56.88657379150391,11,0.4693718254566192,8,2026-10-06 03:30:00,2026-10-01 23:00:00,1.0
11.947233131946426,76.01607890827404,0.63932365,0.3317976645358528,0.4086791609018896,Moderate,11.48999966494739,41.94999952055514,45.96999935247004,54.589999137446284,0.11489999664947391,0.2796666634703676,0.15323333117490012,0.13647499784361572,0.4283599853515625,19.890985107421898,99.60067681737657,0.7579926299077565,977,14.549113273620604,3.655305147171021,-10,0.79421067237854,2,2026-10-06 03:30:00,2026-10-01 23:00:00,1.0
11.947233131946426,76.06620490112789,0.11798932,0.3317976645358528,0.2783455784018896,Moderate,11.48999966494739,41.94999952055514,45.96999935247004,54.589999137446284,0.11489999664947391,0.2796666634703676,0.15323333117490012,0.13647499784361572,0.4283599853515625,19.890985107421898,99.60067681737657,0.7579926299077565,862,2.936967372894287,161.18531799316406,-6,0.5128231048583984,8,2026-10-06 03:30:00,2026-10-01 23:00:00,1.0
11.947233131946426,76.11606139939653,0.01718195,0.434850326299419,0.3304332322245642,Moderate,48.619998410344124,56.05999840050936,56.50999840348959,65.20999825745821,0.48619998410344123,0.3737333226700624,0.1883666613449653,0.16302499564364553,0.4064178466796875,20.646844482421898,99.49509345063984,0.4752869855487743,847,2.1097936630249023,116.06645965576172,2,0.4668609201908111,5,2026-10-06 03:30:00,2026-10-01 23:00:00,1.0
11.947233131946426,76.16618739225038,0.010292691,0.434850326299419,0.32871091747456427,Moderate,48.619998410344124,56.05999840050936,56.50999840348959,65.20999825745821,0.48619998410344123,0.3737333226700624,0.1883666613449653,0.16302499564364553,0.4064178466796875,20.646844482421898,99.49509345063984,0.4752869855487743,790,4.818626880645752,78.92893981933594,-1,0.3985881209373474,5,2026-10-06 03:30:00,2026-10-01 23:00:00,1.0
11.947233131946426,76.21604389051902,0.0042723664,0.5640423248051976,0.42409983520389816,Moderate,77.61999820172787,85.39999800175428,86.47999797202647,97.04999764449894,0.7761999820172787,0.5693333200116952,0.2882666599067549,0.24262499411124736,0.39727783203125,20.510125732421898,99.65056990071398,0.6954128806658575,765,8.736438751220703,147.42800903320312,5,0.4681384861469269,4,2026-10-06 03:30:00,2026-10-01 23:00:00,1.0
11.947233131946426,76.26616988337287,0.011786848,0.5640423248051976,0.4259784556038982,Moderate,77.61999820172787,85.39999800175428,86.47999797202647,97.04999764449894,0.7761999820172787,0.5693333200116952,0.2882666599067549,0.24262499411124736,0.39727783203125,20.510125732421898,99.65056990071398,0.6954128806658575,748,5.547544956207275,180.0,-12,0.2086330950260162,10,2026-10-06 03:30:00,2026-10-01 23:00:00,1.0
11.947233131946426,76.3160263816415,0.0016095096,0.6410689891126627,0.4812041192344971,Moderate,94.83999768272042,101.36999750323594,101.4199975002557,124.24999682046473,0.9483999768272042,0.6757999833549062,0.3380666583341857,0.31062499205116184,0.3740234375,20.195672607421898,98.78638510705068,0.7296476545991643,693,0.0,0.0,0,-0.0977060347795486,11,2026-10-06 03:30:00,2026-10-01 23:00:00,1.0
11.947233131946426,76.36615237449541,0.0010870638,0.7015125201931224,0.5264061560948418,High,115.97999705001712,123.63999685272574,123.63999685272574,147.8199961464852,1.0,0.8242666456848383,0.41213332284241916,0.369549990366213,0.2952117919921875,20.242547607421898,96.92759783918603,0.739690810326161,732,3.897858858108521,76.25614929199219,-4,0.176433116197586,12,2026-10-06 03:30:00,2026-10-01 23:00:00,0.984039306640625
11.947233131946426,76.41600887276405,0.0010160839,0.7015125201931224,0.5263884111198418,High,115.97999705001712,123.63999685272574,123.63999685272574,147.8199961464852,1.0,0.8242666456848383,0.41213332284241916,0.369549990366213,0.2952117919921875,20.242547607421898,96.92759783918603,0.739690810326161,737,3.972434282302856,225.6273193359375,9,0.178859531879425,12,2026-10-06 03:30:00,2026-10-01 23:00:00,0.984039306640625
11.947233131946426,76.4661348656179,0.0013182736,0.6368661171983308,0.47797915629874804,Moderate,115.97999705001712,123.63999685272574,123.63999685272574,147.8199961464852,1.0,0.8242666456848383,0.41213332284241916,0.369549990366213,0.1982421875,20.185906982421898,94.41755444401284,0.5568938803868885,742,1.854334115982056,0.0,-11,0.2524378597736358,12,2026-10-06 03:30:00,2026-10-01 23:00:00,0.6608072916666667
11.947233131946426,76.51599136388654,0.0013502969,0.6368661171983308,0.4779871621237481,Moderate,115.97999705001712,123.63999685272574,123.63999685272574,147.8199961464852,1.0,0.8242666456848383,0.41213332284241916,0.369549990366213,0.1982421875,20.185906982421898,94.41755444401284,0.5568938803868885,752,1.3260337114334106,45.6273193359375,9,0.2265508323907852,12,2026-10-06 03:30:00,2026-10-01 23:00:00,0.6608072916666667
11.947233131946426,76.56611735674039,0.0012390687,0.5882852335213374,0.4415236923160031,Moderate,106.03999639675021,110.74999616667628,112.1599961631,152.24999568238854,1.0,0.7383333077778419,0.373866653877,0.3806249892059714,0.1564483642578125,20.021844482421898,93.80326803386068,0.3280548072301965,772,6.732476711273193,196.2799224853516,-11,0.2472313344478607,12,2026-10-06 03:30:00,2026-10-01 23:00:00,0.5214945475260417
11.947233131946426,76.61597385500903,0.0007535693,0.5882852335213374,0.4414023174660031,Moderate,106.03999639675021,110.74999616667628,112.1599961631,152.24999568238854,1.0,0.7383333077778419,0.373866653877,0.3806249892059714,0.1564483642578125,20.021844482421898,93.80326803386068,0.3280548072301965,842,5.4238481521606445,148.4798583984375,6,0.2745651006698608,12,2026-10-06 03:30:00,2026-10-01 23:00:00,0.5214945475260417
11.947233131946426,76.66609984786288,0.00078710355,0.5970809386375671,0.4480074798656753,Moderate,93.8999974578619,100.36999725550413,102.20999722927809,178.9199953880161,0.9389999745786191,0.6691333150366942,0.3406999907642603,0.44729998847004027,0.1964874267578125,20.101922607421898,93.51033018975264,0.4261630958189215,766,4.664347171783447,217.47398376464844,-3,0.2289196550846099,12,2026-10-06 03:30:00,2026-10-01 23:00:00,0.6549580891927084
11.947233131946426,76.71622584071679,0.0006021125,0.5317241893061747,0.398943670104631,Moderate,82.36999807693064,82.58999807573855,83.00999806262553,138.96999637410045,0.8236999807693064,0.5505999871715903,0.2766999935420851,0.34742499093525114,0.2144927978515625,19.894891357421898,94.35950980841588,0.651631289192034,751,2.650648355484009,314.3726806640625,8,0.2500385046005249,12,2026-10-06 03:30:00,2026-10-01 23:00:00,0.7149759928385417
11.947233131946426,76.76608233898543,0.0007175926,0.5317241893061747,0.398972540129631,Moderate,82.36999807693064,82.58999807573855,83.00999806262553,138.96999637410045,0.8236999807693064,0.5505999871715903,0.2766999935420851,0.34742499093525114,0.2144927978515625,19.894891357421898,94.35950980841588,0.651631289192034,790,1.3260337114334106,134.3726806640625,-5,0.5254696011543274,12,2026-10-06 03:30:00,2026-10-01 23:00:00,0.7149759928385417
11.947233131946426,76.81620833183928,0.000690453,0.579867671932901,0.43507336719967576,Moderate,89.10999925807118,89.10999925807118,89.56999924406409,130.72999806329608,0.8910999925807118,0.5940666617204745,0.2985666641468803,0.3268249951582402,0.254364013671875,20.113641357421898,95.3722527919794,0.7909163662607773,756,3.704791784286499,0.0,-7,0.2388807088136673,12,2026-10-06 03:30:00,2026-10-01 23:00:00,0.8478800455729167
11.947233131946426,76.86606483010792,0.00065833906,0.579867671932901,0.43506533871467573,Moderate,89.10999925807118,89.10999925807118,89.56999924406409,130.72999806329608,0.8910999925807118,0.5940666617204745,0.2985666641468803,0.3268249951582402,0.254364013671875,20.113641357421898,95.3722527919794,0.7909163662607773,752,3.391580820083618,123.1134262084961,8,0.190987154841423,12,2026-10-06 03:30:00,2026-10-01 23:00:00,0.8478800455729167
11.947233131946426,76.91619082296177,0.00068326434,0.40607900602960345,0.3047300706072026,Moderate,50.90999938733876,50.90999938733876,51.329999374225736,78.62999858893454,0.5090999938733876,0.3393999959155917,0.17109999791408578,0.19657499647233634,0.254364013671875,20.113641357421898,95.3722527919794,0.7909163662607773,708,1.854334115982056,180.0,7,0.419623464345932,12,2026-10-06 03:30:00,2026-10-01 23:00:00,0.8478800455729167
11.947233131946426,76.9660473212304,0.00092564855,0.40607900602960345,0.30479066665970256,Moderate,50.90999938733876,50.90999938733876,51.329999374225736,78.62999858893454,0.5090999938733876,0.3393999959155917,0.17109999791408578,0.19657499647233634,0.254364013671875,20.113641357421898,95.3722527919794,0.7909163662607773,681,0.947939932346344,270.0,5,0.5661454200744629,12,2026-10-06 03:30:00,2026-10-01 23:00:00,0.8478800455729167
11.947233131946426,77.01617331408426,0.00063528836,0.22886858923720818,0.17181026401790614,Low,4.889999797567725,8.57999972999096,8.609999729320407,36.56999930366874,0.048899997975677255,0.057199998199939726,0.02869999909773469,0.09142499825917184,0.2771453857421875,20.226922607421898,96.31818162732716,0.9371159643343684,688,2.650648355484009,134.3726806640625,1,0.6141384243965149,12,2026-10-06 03:30:00,2026-10-01 23:00:00,0.9238179524739584
11.947233131946426,77.0660298123529,0.0009428374,0.22886858923720818,0.17188715127790613,Low,4.889999797567725,8.57999972999096,8.609999729320407,36.56999930366874,0.048899997975677255,0.057199998199939726,0.02869999909773469,0.09142499825917184,0.2771453857421875,20.226922607421898,96.31818162732716,0.9371159643343684,699,0.9274099469184875,180.0,-8,0.4319512248039245,12,2026-10-06 03:30:00,2026-10-01 23:00:00,0.9238179524739584
11.947233131946426,77.1161558052068,0.0055267615,0.26850499838571995,0.20276043916428996,Low,4.119999857619405,7.739999832585454,10.679999712854624,86.92999815754592,0.041199998576194045,0.05159999888390303,0.035599999042848746,0.21732499539386482,0.3061370849609375,19.176141357421898,97.31798313027468,0.7719555806711484,1000,20.899877548217773,136.10911560058594,-14,0.5540538430213928,4,2026-10-06 03:30:00,2026-10-01 23:00:00,1.0
11.947233131946426,77.16601230347544,0.027206386,0.27141166500890007,0.21036034525667507,Low,4.549999866634607,8.19999984279275,14.549999656155705,83.84999810345471,0.045499998666346075,0.054666665618618326,0.04849999885385235,0.20962499525863676,0.348388671875,18.953485107421898,96.61355588976988,0.583525863942571,1202,3.8234896659851074,345.6656494140625,8,0.7803844809532166,2,2026-10-06 03:30:00,2026-10-01 23:00:00,1.0
11.947233131946426,77.21613829632929,0.015240505,0.27141166500890007,0.20736887500667506,Low,4.549999866634607,8.19999984279275,14.549999656155705,83.84999810345471,0.045499998666346075,0.054666665618618326,0.04849999885385235,0.20962499525863676,0.348388671875,18.953485107421898,96.61355588976988,0.583525863942571,1549,16.572044372558594,109.04959106445312,-2,0.7313902974128723,9,2026-10-06 03:30:00,2026-10-01 23:00:00,1.0
11.947233131946426,77.26599479459793,0.0009590093,0.3066179971966272,0.2302032502224704,Low,10.319999704137444,10.319999704137444,12.599999641999602,129.77999678067863,0.10319999704137445,0.06879999802758296,0.04199999880666534,0.32444999195169655,0.309967041015625,20.805047607421898,94.50019434231184,0.5099651125761154,869,2.936967372894287,198.814682006836,6,0.6521126627922058,9,2026-10-06 03:30:00,2026-10-01 23:00:00,1.0
11.947233131946426,77.31612078745178,0.0063410997,0.3066179971966272,0.23154877282247038,Low,10.319999704137444,10.319999704137444,12.599999641999602,129.77999678067863,0.10319999704137445,0.06879999802758296,0.04199999880666534,0.32444999195169655,0.309967041015625,20.805047607421898,94.50019434231184,0.5099651125761154,813,21.89978408813477,108.7930145263672,-4,0.3925091922283172,10,2026-10-06 03:30:00,2026-10-01 23:00:00,1.0
11.947233131946426,77.36597728572042,0.0024036362,0.3039141397747521,0.22853651388106408,Low,10.319999704137444,10.319999704137444,12.599999641999602,129.77999678067863,0.10319999704137445,0.06879999802758296,0.04199999880666534,0.32444999195169655,0.2959442138671875,22.892938232421898,92.66337345068592,0.4369062844657633,552,3.391580820083618,123.1134262084961,2,0.7712233662605286,9,2026-10-06 03:30:00,2026-10-01 23:00:00,0.986480712890625
11.99735912480029,75.26607547756262,0.003322491,0.1861186517496283,0.14041961156222124,Low,0.009999999776482582,21.509999552741647,23.53999944962561,26.539999345317483,9.999999776482581e-05,0.14339999701827766,0.07846666483208536,0.06634999836329371,0.1965789794921875,25.523797607421898,96.58326752346856,1.5576584826772455,6,1.895711660385132,90.0,7,0.4120819866657257,8,2026-10-06 03:30:00,2026-10-01 23:00:00,0.6552632649739584
11.99735912480029,75.3162014704165,0.056728505,0.20811731764481717,0.17027011448361287,Low,0.029999999329447746,28.599999288097024,34.85999905131757,37.21999900601804,0.00029999999329447744,0.19066666192064682,0.11619999683772524,0.09304999751504511,0.1965789794921875,25.523797607421898,96.58326752346856,1.5576584826772455,32,7.438198089599609,352.7175598144531,-2,0.4972443282604217,8,2026-10-06 03:30:00,2026-10-01 23:00:00,0.6552632649739584
11.99735912480029,75.36605796868514,0.014051519,0.20811731764481717,0.15960086798361287,Low,0.029999999329447746,28.599999288097024,34.85999905131757,37.21999900601804,0.00029999999329447744,0.19066666192064682,0.11619999683772524,0.09304999751504511,0.1965789794921875,25.523797607421898,96.58326752346856,1.5576584826772455,22,9.440892219543455,264.413330078125,-3,0.6960548758506775,14,2026-10-06 03:30:00,2026-10-01 23:00:00,0.6552632649739584
11.99735912480029,75.41618396153899,0.034151576,0.27646033157495165,0.21588314268121372,Low,0.5199999809265137,27.28999936208129,35.419999208301306,35.94999918714166,0.005199999809265137,0.18193332908054194,0.11806666402767102,0.08987499796785414,0.3829193115234375,24.486688232421898,98.790088075468,1.2440006771910153,49,7.59726619720459,96.97093963623048,0,0.7684328556060791,8,2026-10-06 03:30:00,2026-10-01 23:00:00,1.0
11.99735912480029,75.46604045980763,0.031012286,0.2832836642695591,0.2202158197021693,Low,4.179999947547913,25.839999184012413,36.41999890655279,36.44999890588224,0.041799999475479126,0.1722666612267494,0.12139999635517597,0.0911249972647056,0.4222259521484375,23.629266357421898,98.9454098368713,1.21208170870967,54,1.854334115982056,180.0,0,0.6343490481376648,8,2026-10-06 03:30:00,2026-10-01 23:00:00,1.0
11.99735912480029,75.51616645266151,0.3281448,0.2832836642695591,0.2944989482021693,Moderate,4.179999947547913,25.839999184012413,36.41999890655279,36.44999890588224,0.041799999475479126,0.1722666612267494,0.12139999635517597,0.0911249972647056,0.4222259521484375,23.629266357421898,98.9454098368713,1.21208170870967,59,16.057579040527344,120.40843963623048,8,0.7807525396347046,8,2026-10-06 03:30:00,2026-10-01 23:00:00,1.0
11.99735912480029,75.56602295093015,0.024880657,0.2832836642695591,0.2186829124521693,Low,4.179999947547913,25.839999184012413,36.41999890655279,36.44999890588224,0.041799999475479126,0.1722666612267494,0.12139999635517597,0.0911249972647056,0.4375762939453125,23.160516357421898,98.41657286946322,1.1974661802401272,123,1.326159119606018,134.3673858642578,-3,0.633288562297821,8,2026-10-06 03:30:00,2026-10-01 23:00:00,1.0
11.99735912480029,75.616148943784,0.14643943,0.2832836642695591,0.24907260570216933,Low,4.179999947547913,25.839999184012413,36.41999890655279,36.44999890588224,0.041799999475479126,0.1722666612267494,0.12139999635517597,0.0911249972647056,0.4375762939453125,23.160516357421898,98.41657286946322,1.1974661802401272,115,10.475579261779783,100.08443450927734,7,0.5779392123222351,8,2026-10-06 03:30:00,2026-10-01 23:00:00,1.0
11.99735912480029,75.66600544205264,0.04732429,0.3478673288690547,0.27273156915179103,Moderate,4.799999827519059,43.36999837309122,70.46999818086624,71.25999814271927,0.047999998275190595,0.2891333224872748,0.2348999939362208,0.17814999535679818,0.44049072265625,23.256219482421898,97.42159397887632,1.1696309794890702,68,7.613311290740967,165.66311645507812,-2,0.8001669645309448,8,2026-10-06 03:30:00,2026-10-01 23:00:00,1.0
11.99735912480029,75.71613143490652,0.030507494,0.3478673288690547,0.26852737015179107,Moderate,4.799999827519059,43.36999837309122,70.46999818086624,71.25999814271927,0.047999998275190595,0.2891333224872748,0.2348999939362208,0.17814999535679818,0.44049072265625,23.256219482421898,97.42159397887632,1.1696309794890702,76,7.761306762695312,103.74140167236328,-1,0.859078586101532,8,2026-10-06 03:30:00,2026-10-01 23:00:00,1.0
11.99735912480029,75.76598793317515,0.019930437,0.34565299535648275,0.264222355767362,Moderate,4.519999863579869,36.119999250397086,75.19999725930393,75.84999724291265,0.04519999863579869,0.24079999500264723,0.2506666575310131,0.18962499310728162,0.4281463623046875,21.609735107421898,98.75197861065328,1.0957614133673903,111,6.602597236633301,314.36737060546875,10,0.8135135173797607,8,2026-10-06 03:30:00,2026-10-01 23:00:00,1.0
11.99735912480029,75.816113926029,0.56764734,0.34565299535648275,0.401151581517362,Moderate,4.519999863579869,36.119999250397086,75.19999725930393,75.84999724291265,0.04519999863579869,0.24079999500264723,0.2506666575310131,0.18962499310728162,0.4281463623046875,21.609735107421898,98.75197861065328,1.0957614133673903,557,29.375471115112305,271.6479187011719,52,0.8338108658790588,2,2026-10-06 03:30:00,2026-10-01 23:00:00,1.0
11.99735912480029,75.91609641715152,0.9293862,0.39526332872087755,0.5287940465406582,High,9.939999790862203,58.57999880425632,81.70999790541828,95.05999751389027,0.09939999790862203,0.3905333253617088,0.27236665968472756,0.23764999378472568,0.39288330078125,19.277703857421898,98.77792528094947,0.8813901518202828,887,26.40046501159668,68.97941589355469,-23,0.8566466569900513,2,2026-10-06 03:30:00,2026-10-01 23:00:00,1.0
11.99735912480029,75.96622241000537,0.18832615,0.39526332872087755,0.34352903404065815,Moderate,9.939999790862203,58.57999880425632,81.70999790541828,95.05999751389027,0.09939999790862203,0.3905333253617088,0.27236665968472756,0.23764999378472568,0.39288330078125,19.277703857421898,98.77792528094947,0.8813901518202828,842,2.650898694992065,45.63262176513672,1,0.7527901530265808,8,2026-10-06 03:30:00,2026-10-01 23:00:00,1.0
11.99735912480029,76.01607890827404,0.7813014,0.3317976645358528,0.44417359840188964,Moderate,11.48999966494739,41.94999952055514,45.96999935247004,54.589999137446284,0.11489999664947391,0.2796666634703676,0.15323333117490012,0.13647499784361572,0.39288330078125,19.277703857421898,98.77792528094947,0.8813901518202828,830,11.164962768554688,131.00608825683594,13,0.6461724042892456,8,2026-10-06 03:30:00,2026-10-01 23:00:00,1.0
11.99735912480029,76.06620490112789,0.3081166,0.3317976645358528,0.3258773984018896,Moderate,11.48999966494739,41.94999952055514,45.96999935247004,54.589999137446284,0.11489999664947391,0.2796666634703676,0.15323333117490012,0.13647499784361572,0.39288330078125,19.277703857421898,98.77792528094947,0.8813901518202828,847,3.7872819900512695,90.0,2,0.7762698531150818,8,2026-10-06 03:30:00,2026-10-01 23:00:00,1.0
11.99735912480029,76.11606139939653,0.013721719,0.434850326299419,0.32956817447456427,Moderate,48.619998410344124,56.05999840050936,56.50999840348959,65.20999825745821,0.48619998410344123,0.3737333226700624,0.1883666613449653,0.16302499564364553,0.3353729248046875,20.228875732421898,98.3694840231295,0.6345866232923273,836,6.760428428649902,123.10857391357422,3,0.404733806848526,5,2026-10-06 03:30:00,2026-10-01 23:00:00,1.0
11.99735912480029,76.16618739225038,0.0144475605,0.434850326299419,0.32974963484956427,Moderate,48.619998410344124,56.05999840050936,56.50999840348959,65.20999825745821,0.48619998410344123,0.3737333226700624,0.1883666613449653,0.16302499564364553,0.3353729248046875,20.228875732421898,98.3694840231295,0.6345866232923273,807,2.082360029220581,27.07452964782715,-7,0.5260021090507507,4,2026-10-06 03:30:00,2026-10-01 23:00:00,1.0
11.99735912480029,76.21604389051902,0.0025656132,0.5609213938156143,0.42133244866171077,Moderate,77.61999820172787,85.39999800175428,86.47999797202647,97.04999764449894,0.7761999820172787,0.5693333200116952,0.2882666599067549,0.24262499411124736,0.295318603515625,20.502313232421898,98.4559867784175,0.7471586689038124,768,0.9481152892112732,270.0,7,0.491655021905899,4,2026-10-06 03:30:00,2026-10-01 23:00:00,0.9843953450520834
11.99735912480029,76.26616988337287,0.0041339365,0.5609213938156143,0.42172452948671074,Moderate,77.61999820172787,85.39999800175428,86.47999797202647,97.04999764449894,0.7761999820172787,0.5693333200116952,0.2882666599067549,0.24262499411124736,0.295318603515625,20.502313232421898,98.4559867784175,0.7471586689038124,732,4.81948184967041,78.93093872070312,-6,0.3270386457443237,12,2026-10-06 03:30:00,2026-10-01 23:00:00,0.9843953450520834
11.99735912480029,76.3160263816415,0.0020237763,0.5931685984876627,0.445382392940747,Moderate,94.83999768272042,101.36999750323594,101.4199975002557,124.24999682046473,0.9483999768272042,0.6757999833549062,0.3380666583341857,0.31062499205116184,0.2281494140625,21.006219482421898,96.94508688764662,0.8278426825217433,706,3.7872819900512695,270.0,0,0.5532144904136658,12,2026-10-06 03:30:00,2026-10-01 23:00:00,0.760498046875
11.99735912480029,76.36615237449541,0.0015067303,0.6501717812608308,0.48800551852062307,Moderate,115.97999705001712,123.63999685272574,123.63999685272574,147.8199961464852,1.0,0.8242666456848383,0.41213332284241916,0.369549990366213,0.21820068359375,20.797235107421898,95.52260430577302,0.8606024085474369,680,2.937023639678955,198.8179168701172,12,0.238523855805397,12,2026-10-06 03:30:00,2026-10-01 23:00:00,0.7273356119791667
11.99735912480029,76.41600887276405,0.0008454287,0.6501717812608308,0.48784019312062304,Moderate,115.97999705001712,123.63999685272574,123.63999685272574,147.8199961464852,1.0,0.8242666456848383,0.41213332284241916,0.369549990366213,0.21820068359375,20.797235107421898,95.52260430577302,0.8606024085474369,677,1.326159119606018,314.36737060546875,-6,0.3861066102981567,12,2026-10-06 03:30:00,2026-10-01 23:00:00,0.7273356119791667
11.99735912480029,76.4661348656179,0.00054129167,0.6422168658962474,0.4817979723396855,Moderate,115.97999705001712,123.63999685272574,123.63999685272574,147.8199961464852,1.0,0.8242666456848383,0.41213332284241916,0.369549990366213,0.206268310546875,20.318719482421898,95.12500652959577,0.8509013954393473,718,2.1101083755493164,116.0622787475586,8,0.1958836019039154,12,2026-10-06 03:30:00,2026-10-01 23:00:00,0.68756103515625
11.99735912480029,76.51599136388654,0.00083119154,0.6422168658962474,0.48187044730718553,Moderate,115.97999705001712,123.63999685272574,123.63999685272574,147.8199961464852,1.0,0.8242666456848383,0.41213332284241916,0.369549990366213,0.206268310546875,20.318719482421898,95.12500652959577,0.8509013954393473,697,2.082360029220581,332.92547607421875,4,0.3359948694705963,12,2026-10-06 03:30:00,2026-10-01 23:00:00,0.68756103515625
11.99735912480029,76.56611735674039,0.0005999088,0.6203286905525874,0.4653964951144406,Moderate,106.03999639675021,110.74999616667628,112.1599961631,152.24999568238854,1.0,0.7383333077778419,0.373866653877,0.3806249892059714,0.2045135498046875,21.062860107421898,92.85683511710594,0.670230508311249,760,2.082360029220581,332.92547607421875,-7,0.2377722114324569,12,2026-10-06 03:30:00,2026-10-01 23:00:00,0.6817118326822917
11.99735912480029,76.61597385500903,0.00064144086,0.6203286905525874,0.4654068781294406,Moderate,106.03999639675021,110.74999616667628,112.1599961631,152.24999568238854,1.0,0.7383333077778419,0.373866653877,0.3806249892059714,0.2045135498046875,21.062860107421898,92.85683511710594,0.670230508311249,786,2.1101083755493164,63.937721252441406,0,0.2765369415283203,12,2026-10-06 03:30:00,2026-10-01 23:00:00,0.6817118326822917
11.99735912480029,76.66609984786288,0.00055491104,0.6041610167625671,0.4532594903319253,Moderate,93.8999974578619,100.36999725550413,102.20999722927809,178.9199953880161,0.9389999745786191,0.6691333150366942,0.3406999907642603,0.44729998847004027,0.2071075439453125,21.260125732421898,92.56450398582746,0.6553599506873855,755,3.898537397384644,103.74140167236328,-4,0.2165377140045166,12,2026-10-06 03:30:00,2026-10-01 23:00:00,0.6903584798177084
11.99735912480029,76.71622584071679,0.0013514097,0.5438600128738831,0.4082328620804123,Moderate,82.36999807693064,82.58999807573855,83.00999806262553,138.96999637410045,0.8236999807693064,0.5505999871715903,0.2766999935420851,0.34742499093525114,0.232696533203125,20.820672607421898,93.35204470290655,0.7343073319404548,711,5.8586931228637695,341.1820983886719,-13,0.5401352643966675,12,2026-10-06 03:30:00,2026-10-01 23:00:00,0.7756551106770834
11.99735912480029,76.76608233898543,0.0004383645,0.5438600128738831,0.4080046007804123,Moderate,82.36999807693064,82.58999807573855,83.00999806262553,138.96999637410045,0.8236999807693064,0.5505999871715903,0.2766999935420851,0.34742499093525114,0.232696533203125,20.820672607421898,93.35204470290655,0.7343073319404548,719,2.650898694992065,314.36737060546875,-1,0.1692032068967819,12,2026-10-06 03:30:00,2026-10-01 23:00:00,0.7756551106770834
11.99735912480029,76.81620833183928,0.001051905,0.589297603573526,0.4422361789301445,Moderate,89.10999925807118,89.10999925807118,89.56999924406409,130.72999806329608,0.8910999925807118,0.5940666617204745,0.2985666641468803,0.3268249951582402,0.2685089111328125,20.830438232421898,93.82870333729136,0.7538747091819727,719,1.895711660385132,270.0,3,0.4456751048564911,12,2026-10-06 03:30:00,2026-10-01 23:00:00,0.8950297037760417
11.99735912480029,76.86606483010792,0.00056463544,0.589297603573526,0.4421143615401445,Moderate,89.10999925807118,89.10999925807118,89.56999924406409,130.72999806329608,0.8910999925807118,0.5940666617204745,0.2985666641468803,0.3268249951582402,0.2685089111328125,20.830438232421898,93.82870333729136,0.7538747091819727,745,1.854334115982056,0.0,6,0.2354037314653396,12,2026-10-06 03:30:00,2026-10-01 23:00:00,0.8950297037760417
11.99735912480029,76.91619082296177,0.0011383432,0.41550893767022845,0.3119162890526713,Moderate,50.90999938733876,50.90999938733876,51.329999374225736,78.62999858893454,0.5090999938733876,0.3393999959155917,0.17109999791408578,0.19657499647233634,0.2685089111328125,20.830438232421898,93.82870333729136,0.7538747091819727,720,1.895711660385132,90.0,14,0.2385906279087066,12,2026-10-06 03:30:00,2026-10-01 23:00:00,0.8950297037760417
11.99735912480029,76.9660473212304,0.0007573146,0.41550893767022845,0.3118210319026713,Moderate,50.90999938733876,50.90999938733876,51.329999374225736,78.62999858893454,0.5090999938733876,0.3393999959155917,0.17109999791408578,0.19657499647233634,0.2685089111328125,20.830438232421898,93.82870333729136,0.7538747091819727,687,2.937023639678955,198.8179168701172,7,0.3082149922847748,12,2026-10-06 03:30:00,2026-10-01 23:00:00,0.8950297037760417
11.99735912480029,77.01617331408426,0.0013403771,0.23632505082574987,0.1775788823943124,Low,4.889999797567725,8.57999972999096,8.609999729320407,36.56999930366874,0.048899997975677255,0.057199998199939726,0.02869999909773469,0.09142499825917184,0.288330078125,21.062860107421898,94.54489628109594,0.8305019824859048,673,3.363400459289551,214.27651977539065,-6,0.6810168623924255,14,2026-10-06 03:30:00,2026-10-01 23:00:00,0.9611002604166667
11.99735912480029,77.0660298123529,0.000652596,0.23632505082574987,0.1774069371193124,Low,4.889999797567725,8.57999972999096,8.609999729320407,36.56999930366874,0.048899997975677255,0.057199998199939726,0.02869999909773469,0.09142499825917184,0.288330078125,21.062860107421898,94.54489628109594,0.8305019824859048,672,1.326159119606018,314.36737060546875,-1,0.3281988203525543,12,2026-10-06 03:30:00,2026-10-01 23:00:00,0.9611002604166667
11.99735912480029,77.1161558052068,0.0023412516,0.26747960776071994,0.20119501872053994,Low,4.119999857619405,7.739999832585454,10.679999712854624,86.92999815754592,0.041199998576194045,0.05159999888390303,0.035599999042848746,0.21732499539386482,0.2984619140625,20.084344482421898,95.59171569528048,0.9042885207545248,811,7.896142959594727,200.9755096435547,13,0.5730655193328857,4,2026-10-06 03:30:00,2026-10-01 23:00:00,0.994873046875
11.99735912480029,77.16601230347544,0.06419927,0.27141166500890007,0.21960856625667508,Low,4.549999866634607,8.19999984279275,14.549999656155705,83.84999810345471,0.045499998666346075,0.054666665618618326,0.04849999885385235,0.20962499525863676,0.3137664794921875,19.531610107421898,95.53854730088806,0.8027305373458634,1158,20.49509048461914,174.91986083984375,24,0.7860292792320251,2,2026-10-06 03:30:00,2026-10-01 23:00:00,1.0
11.99735912480029,77.21613829632929,0.0041490286,0.27141166500890007,0.20459600590667507,Low,4.549999866634607,8.19999984279275,14.549999656155705,83.84999810345471,0.045499998666346075,0.054666665618618326,0.04849999885385235,0.20962499525863676,0.3137664794921875,19.531610107421898,95.53854730088806,0.8027305373458634,1177,7.559710502624512,119.20288848876952,11,0.8539205193519592,4,2026-10-06 03:30:00,2026-10-01 23:00:00,1.0
11.99735912480029,77.26599479459793,0.0012562968,0.3066179971966272,0.23027757209747038,Low,10.319999704137444,10.319999704137444,12.599999641999602,129.77999678067863,0.10319999704137445,0.06879999802758296,0.04199999880666534,0.32444999195169655,0.3023681640625,20.691766357421898,93.9134367972776,0.7208275470752814,741,2.650898694992065,314.36737060546875,-8,0.3647459149360657,10,2026-10-06 03:30:00,2026-10-01 23:00:00,1.0
11.99735912480029,77.31612078745178,0.0009240638,0.3066179971966272,0.2301945138474704,Low,10.319999704137444,10.319999704137444,12.599999641999602,129.77999678067863,0.10319999704137445,0.06879999802758296,0.04199999880666534,0.32444999195169655,0.3023681640625,20.691766357421898,93.9134367972776,0.7208275470752814,721,5.744987487792969,260.7407531738281,0,0.4460898637771606,12,2026-10-06 03:30:00,2026-10-01 23:00:00,1.0
11.99735912480029,77.36597728572042,0.0010177293,0.2955421508424605,0.22191104545684537,Low,10.319999704137444,10.319999704137444,12.599999641999602,129.77999678067863,0.10319999704137445,0.06879999802758296,0.04199999880666534,0.32444999195169655,0.28338623046875,22.932000732421898,90.24856534226812,0.6188989405546836,671,1.326159119606018,225.6326141357422,-11,0.7408329844474792,12,2026-10-06 03:30:00,2026-10-01 23:00:00,0.9446207682291667
12.047215623068922,75.16609298644013,0.00078785775,0.14699397318760554,0.11044244432820416,Low,0.0,23.449999418109655,24.449999390169978,26.109999373555183,0.0,0.15633332945406436,0.08149999796723326,0.06527499843388795,0.1340484619140625,26.219110107421898,92.81567809410689,1.947253596528256,0,0.0,0.0,0,-0.2164243012666702,17,2026-10-06 03:30:00,2026-10-01 23:00:00,0.44682820638020837
12.047215623068922,75.21621897929398,0.0056508556,0.17124630631084245,0.12984744363313183,Low,0.0,32.439999371767044,35.409999310970306,37.89999917894602,0.0,0.21626666247844695,0.11803333103656768,0.09474999794736505,0.1340484619140625,26.219110107421898,92.81567809410689,1.947253596528256,43,5.963364124298096,108.05554962158205,-18,0.2195824384689331,8,2026-10-06 03:30:00,2026-10-01 23:00:00,0.44682820638020837
12.047215623068922,75.26607547756262,0.008052033,0.17124630631084245,0.13044773798313183,Low,0.0,32.439999371767044,35.409999310970306,37.89999917894602,0.0,0.21626666247844695,0.11803333103656768,0.09474999794736505,0.1340484619140625,26.219110107421898,92.81567809410689,1.947253596528256,9,4.997642993927002,157.7550506591797,10,0.6367999911308289,9,2026-10-06 03:30:00,2026-10-01 23:00:00,0.44682820638020837
12.047215623068922,75.3162014704165,0.00081225444,0.2751629985271643,0.20657531250537323,Low,0.0,26.909999553114176,34.929999236017466,37.029999230057,0.0,0.17939999702076118,0.11643333078672488,0.09257499807514251,0.313934326171875,25.170281982421898,96.16903710880337,1.5022765000119855,0,0.0,0.0,0,-0.0397111922502517,10,2026-10-06 03:30:00,2026-10-01 23:00:00,1.0
12.047215623068922,75.36605796868514,0.020294785,0.2751629985271643,0.21144594514537324,Low,0.0,26.909999553114176,34.929999236017466,37.029999230057,0.0,0.17939999702076118,0.11643333078672488,0.09257499807514251,0.313934326171875,25.170281982421898,96.16903710880337,1.5022765000119855,54,2.110424518585205,296.0580749511719,-2,0.4770258963108063,8,2026-10-06 03:30:00,2026-10-01 23:00:00,1.0
12.047215623068922,75.41618396153899,0.02601071,0.2926926652512203,0.2260221764384152,Low,0.5099999979138374,28.719999447464943,46.85999936982989,47.099999364465475,0.005099999979138375,0.1914666629830996,0.15619999789943298,0.11774999841116368,0.434112548828125,23.785516357421898,98.62111093058785,1.2232594298806996,69,7.160663604736328,292.7401428222656,-5,0.5789852738380432,8,2026-10-06 03:30:00,2026-10-01 23:00:00,1.0
12.047215623068922,75.46604045980763,0.033047773,0.32769532995497186,0.2540334407162289,Moderate,4.269999859854579,34.99999915063381,62.9399983137846,62.9399983137846,0.04269999859854579,0.23333332767089207,0.20979999437928198,0.1573499957844615,0.453948974609375,22.767938232421898,99.3499367428218,1.1858487178755874,50,8.750296592712402,198.8211669921875,-4,0.8472294211387634,8,2026-10-06 03:30:00,2026-10-01 23:00:00,1.0
12.047215623068922,75.51616645266151,0.0032805747,0.32769532995497186,0.2465916411412289,Low,4.269999859854579,34.99999915063381,62.9399983137846,62.9399983137846,0.04269999859854579,0.23333332767089207,0.20979999437928198,0.1573499957844615,0.453948974609375,22.767938232421898,99.3499367428218,1.1858487178755874,21,6.60321855545044,225.637939453125,5,0.2942873537540436,8,2026-10-06 03:30:00,2026-10-01 23:00:00,1.0
12.047215623068922,75.56602295093015,0.005421582,0.32769532995497186,0.2471268929662289,Low,4.269999859854579,34.99999915063381,62.9399983137846,62.9399983137846,0.04269999859854579,0.23333332767089207,0.20979999437928198,0.1573499957844615,0.463470458984375,22.035516357421898,99.07438840336935,1.1556125009653293,32,2.989778757095337,251.94444274902344,11,0.8377857804298401,8,2026-10-06 03:30:00,2026-10-01 23:00:00,1.0
12.047215623068922,75.616148943784,0.045568865,0.32769532995497186,0.25716371371622887,Moderate,4.269999859854579,34.99999915063381,62.9399983137846,62.9399983137846,0.04269999859854579,0.23333332767089207,0.20979999437928198,0.1573499957844615,0.463470458984375,22.035516357421898,99.07438840336935,1.1556125009653293,166,6.7613019943237305,56.89629364013672,-8,0.8728185296058655,8,2026-10-06 03:30:00,2026-10-01 23:00:00,1.0
12.047215623068922,75.66600544205264,0.027699567,0.34621399824942156,0.2665853904370662,Moderate,10.489999867975712,36.05999933183193,66.5499994084239,67.05999939888716,0.10489999867975712,0.24039999554554622,0.221833331361413,0.1676499984972179,0.4659423828125,21.371453857421898,98.84446529341028,1.1165024819859255,44,7.613397121429443,194.3394470214844,11,0.8144662380218506,8,2026-10-06 03:30:00,2026-10-01 23:00:00,1.0
12.047215623068922,75.71613143490652,0.023732636,0.34621399824942156,0.2655936576870662,Moderate,10.489999867975712,36.05999933183193,66.5499994084239,67.05999939888716,0.10489999867975712,0.24039999554554622,0.221833331361413,0.1676499984972179,0.4659423828125,21.371453857421898,98.84446529341028,1.1165024819859255,67,6.67279052734375,97.95336151123048,0,0.4243841469287872,8,2026-10-06 03:30:00,2026-10-01 23:00:00,1.0
12.047215623068922,75.76598793317515,0.16304435,0.4040046616151929,0.3437645837113947,Moderate,12.689999716356397,41.43999898061156,103.03999739512801,103.97999737411737,0.12689999716356395,0.2762666598707437,0.34346665798376,0.25994999343529346,0.417724609375,20.230828857421898,99.15752206473502,1.071725749571133,222,14.967052459716797,345.6605529785156,-10,0.852601170539856,8,2026-10-06 03:30:00,2026-10-01 23:00:00,1.0
12.047215623068922,75.816113926029,0.8032521,0.4040046616151929,0.5038165212113946,High,12.689999716356397,41.43999898061156,103.03999739512801,103.97999737411737,0.12689999716356395,0.2762666598707437,0.34346665798376,0.25994999343529346,0.417724609375,20.230828857421898,99.15752206473502,1.071725749571133,1117,23.806320190429688,102.71782684326172,13,0.4307854771614074,2,2026-10-06 03:30:00,2026-10-01 23:00:00,1.0
12.047215623068922,75.91609641715152,0.4208991,0.3356117533318699,0.3569335899989024,Moderate,2.9599999394267797,49.60999953188002,63.139999099075794,76.05999892950058,0.029599999394267797,0.3307333302125335,0.210466663663586,0.19014999732375146,0.2823486328125,18.974969482421898,97.87457432024785,1.078533598123082,792,9.511897087097168,330.4005432128906,43,0.8333333134651184,8,2026-10-06 03:30:00,2026-10-01 23:00:00,0.941162109375
12.047215623068922,75.96622241000537,0.35741308,0.3356117533318699,0.3410620849989024,Moderate,2.9599999394267797,49.60999953188002,63.139999099075794,76.05999892950058,0.029599999394267797,0.3307333302125335,0.210466663663586,0.19014999732375146,0.2823486328125,18.974969482421898,97.87457432024785,1.078533598123082,849,4.722710132598877,191.557846069336,-4,0.818994402885437,8,2026-10-06 03:30:00,2026-10-01 23:00:00,0.941162109375
12.047215623068922,76.01607890827404,0.13866222,0.30075675232211746,0.2602331192415881,Moderate,4.829999800771475,32.539999229833484,46.749998891726136,61.50999844074249,0.04829999800771475,0.21693332819888989,0.1558333296390871,0.15377499610185624,0.2823486328125,18.974969482421898,97.87457432024785,1.078533598123082,864,5.963364124298096,251.94444274902344,-7,0.8117561936378479,8,2026-10-06 03:30:00,2026-10-01 23:00:00,0.941162109375
12.047215623068922,76.06620490112789,0.62299997,0.30075675232211746,0.38131755674158807,Moderate,4.829999800771475,32.539999229833484,46.749998891726136,61.50999844074249,0.04829999800771475,0.21693332819888989,0.1558333296390871,0.15377499610185624,0.2823486328125,18.974969482421898,97.87457432024785,1.078533598123082,878,7.300877094268799,129.17933654785156,-1,0.6241557598114014,2,2026-10-06 03:30:00,2026-10-01 23:00:00,0.941162109375
12.047215623068922,76.11606139939653,0.008734445,0.44535132892560214,0.3361971079442016,Moderate,50.20999921858311,55.66999893821776,59.44999883137643,75.97999844513834,0.5020999921858311,0.37113332625478507,0.19816666277125478,0.18994999611284583,0.3215484619140625,19.627313232421898,97.18506725699235,1.0103928116216596,859,2.6511502265930176,314.362060546875,1,0.4764396548271179,4,2026-10-06 03:30:00,2026-10-01 23:00:00,1.0
12.047215623068922,76.16618739225038,0.016974127,0.44535132892560214,0.3382570284442016,Moderate,50.20999921858311,55.66999893821776,59.44999883137643,75.97999844513834,0.5020999921858311,0.37113332625478507,0.19816666277125478,0.18994999611284583,0.3215484619140625,19.627313232421898,97.18506725699235,1.0103928116216596,785,4.694030284881592,53.74062728881836,1,0.4892245829105377,4,2026-10-06 03:30:00,2026-10-01 23:00:00,1.0
12.047215623068922,76.21604389051902,0.0031076078,0.5649928494740899,0.42452153905556744,Moderate,81.2299969010055,82.08999689482152,82.08999689482152,106.70999637432396,0.8122999690100551,0.5472666459654768,0.2736333229827384,0.2667749909358099,0.293914794921875,20.049188232421898,96.74687997591792,0.996951917425236,748,1.854334115982056,180.0,4,0.4374298453330993,4,2026-10-06 03:30:00,2026-10-01 23:00:00,0.9797159830729167
12.047215623068922,76.26616988337287,0.0073760827,0.5649928494740899,0.4255886577805674,Moderate,81.2299969010055,82.08999689482152,82.08999689482152,106.70999637432396,0.8122999690100551,0.5472666459654768,0.2736333229827384,0.2667749909358099,0.293914794921875,20.049188232421898,96.74687997591792,0.996951917425236,725,4.820340633392334,78.93294525146484,-2,0.3951654434204101,12,2026-10-06 03:30:00,2026-10-01 23:00:00,0.9797159830729167
12.047215623068922,76.3160263816415,0.013951675,0.5518250424926481,0.41735670061948604,Moderate,90.00999852269888,91.92999847978354,91.92999847978354,124.76999761164188,0.9000999852269888,0.6128666565318902,0.3064333282659451,0.31192499402910473,0.20672607421875,20.361688232421898,95.82127143923394,1.082373301825455,739,6.67279052734375,82.04663848876953,-16,0.2189538925886154,12,2026-10-06 03:30:00,2026-10-01 23:00:00,0.6890869140625
12.047215623068922,76.36615237449541,0.0022628198,0.6098209932022418,0.4579314498516814,Moderate,100.47999654710293,102.43999649584293,103.70999644696712,145.2299956586212,1.0,0.6829333099722862,0.34569998815655706,0.363074989146553,0.2174530029296875,20.586297607421898,95.06555268327492,1.0842717350179387,736,0.9482914805412292,270.0,-2,0.2281449884176254,12,2026-10-06 03:30:00,2026-10-01 23:00:00,0.7248433430989584
12.047215623068922,76.41600887276405,0.004630186,0.6098209932022418,0.45852329140168135,Moderate,100.47999654710293,102.43999649584293,103.70999644696712,145.2299956586212,1.0,0.6829333099722862,0.34569998815655706,0.363074989146553,0.2174530029296875,20.586297607421898,95.06555268327492,1.0842717350179387,841,19.244258880615234,275.3211975097656,-3,0.3850970566272735,12,2026-10-06 03:30:00,2026-10-01 23:00:00,0.7248433430989584
12.047215623068922,76.4661348656179,0.00090470404,0.6326888317439086,0.47474279981793144,Moderate,100.47999654710293,102.43999649584293,103.70999644696712,145.2299956586212,1.0,0.6829333099722862,0.34569998815655706,0.363074989146553,0.2517547607421875,20.457391357421898,95.08389240660854,1.0716332899018206,723,0.0,0.0,2,0.5756991505622864,12,2026-10-06 03:30:00,2026-10-01 23:00:00,0.8391825358072917
12.047215623068922,76.51599136388654,0.0009047364,0.6326888317439086,0.47474280790793144,Moderate,100.47999654710293,102.43999649584293,103.70999644696712,145.2299956586212,1.0,0.6829333099722862,0.34569998815655706,0.363074989146553,0.2517547607421875,20.457391357421898,95.08389240660854,1.0716332899018206,695,0.0,0.0,3,0.2092504948377609,12,2026-10-06 03:30:00,2026-10-01 23:00:00,0.8391825358072917
12.047215623068922,76.56611735674039,0.0010009,0.612254749010938,0.4594412867582035,Moderate,93.29999825358391,94.46999822556973,95.67999818921089,153.19999736733735,0.932999982535839,0.6297999881704648,0.3189333272973696,0.38299999341834334,0.2576141357421875,20.986688232421898,93.23590962975732,0.8537785915219074,728,3.823576450347901,345.6605529785156,6,0.1602239906787872,12,2026-10-06 03:30:00,2026-10-01 23:00:00,0.8587137858072917
12.047215623068922,76.61597385500903,0.0010525299,0.612254749010938,0.4594541942332035,Moderate,93.29999825358391,94.46999822556973,95.67999818921089,153.19999736733735,0.932999982535839,0.6297999881704648,0.3189333272973696,0.38299999341834334,0.2576141357421875,20.986688232421898,93.23590962975732,0.8537785915219074,728,0.9482914805412292,90.0,3,0.2535943686962127,12,2026-10-06 03:30:00,2026-10-01 23:00:00,0.8587137858072917
12.047215623068922,76.66609984786288,0.00057366723,0.5360562188236043,0.40218558092520323,Moderate,79.8399970382452,80.88999702967703,82.4899969920516,133.1599957998842,0.798399970382452,0.5392666468645135,0.274966656640172,0.3328999894997105,0.2362823486328125,21.664422607421898,91.12343208001911,0.7167423214807548,704,0.9482914805412292,90.0,2,0.1503604501485824,12,2026-10-06 03:30:00,2026-10-01 23:00:00,0.7876078287760417
12.047215623068922,76.71622584071679,0.00067002926,0.4586019335996981,0.34411895751477356,Moderate,64.8799983151257,65.11999830789864,65.32999829947948,91.51999745704234,0.6487999831512571,0.4341333220526576,0.21776666099826494,0.22879999364260584,0.242034912109375,21.262078857421898,91.78406493717472,0.7626566275344604,700,3.704791784286499,180.0,-5,0.1742165684700012,12,2026-10-06 03:30:00,2026-10-01 23:00:00,0.8067830403645834
12.047215623068922,76.76608233898543,0.0015580967,0.4586019335996981,0.34434097437477357,Moderate,64.8799983151257,65.11999830789864,65.32999829947948,91.51999745704234,0.6487999831512571,0.4341333220526576,0.21776666099826494,0.22879999364260584,0.242034912109375,21.262078857421898,91.78406493717472,0.7626566275344604,717,2.7802884578704834,180.0,-2,0.2667858898639679,10,2026-10-06 03:30:00,2026-10-01 23:00:00,0.8067830403645834
12.047215623068922,76.81620833183928,0.000642597,0.6038335588204985,0.4530358183653738,Moderate,94.34999668970704,94.34999668970704,95.27999664656818,116.32999617420137,0.9434999668970704,0.6289999779313803,0.31759998882189394,0.2908249904355034,0.2701568603515625,21.293328857421898,91.48647458483194,0.7156165097243959,727,2.7802884578704834,0.0,7,0.230340763926506,12,2026-10-06 03:30:00,2026-10-01 23:00:00,0.9005228678385417
12.047215623068922,76.86606483010792,0.0006281398,0.6038335588204985,0.45303220406537387,Moderate,94.34999668970704,94.34999668970704,95.27999664656818,116.32999617420137,0.9434999668970704,0.6289999779313803,0.31759998882189394,0.2908249904355034,0.2701568603515625,21.293328857421898,91.48647458483194,0.7156165097243959,735,1.854334115982056,0.0,-1,0.2482226192951202,12,2026-10-06 03:30:00,2026-10-01 23:00:00,0.9005228678385417
12.047215623068922,76.91619082296177,0.0010410969,0.5588978899335489,0.4194336916751617,Moderate,85.03999615646899,85.03999615646899,85.72999613545835,98.83999582193792,0.8503999615646899,0.5669333077097932,0.28576665378486116,0.2470999895548448,0.2701568603515625,21.293328857421898,91.48647458483194,0.7156165097243959,691,4.694030284881592,126.2593765258789,7,0.2849132120609283,12,2026-10-06 03:30:00,2026-10-01 23:00:00,0.9005228678385417
12.047215623068922,76.9660473212304,0.0010701851,0.5588978899335489,0.41944096372516165,Moderate,85.03999615646899,85.03999615646899,85.72999613545835,98.83999582193792,0.8503999615646899,0.5669333077097932,0.28576665378486116,0.2470999895548448,0.2701568603515625,21.293328857421898,91.48647458483194,0.7156165097243959,685,0.9482914805412292,270.0,-2,0.2459962368011474,12,2026-10-06 03:30:00,2026-10-01 23:00:00,0.9005228678385417
12.047215623068922,77.01617331408426,0.0009922113,0.2666989476350447,0.20027226355128352,Low,16.19999940507114,16.329999400302768,17.11999936774373,36.16999889910221,0.1619999940507114,0.10886666266868512,0.05706666455914577,0.09042499724775553,0.27764892578125,21.861688232421898,90.46780007042518,0.6958746408722746,660,3.363598346710205,214.281478881836,7,0.3259464800357818,12,2026-10-06 03:30:00,2026-10-01 23:00:00,0.9254964192708334
12.047215623068922,77.0660298123529,0.00093751337,0.2666989476350447,0.20025858906878352,Low,16.19999940507114,16.329999400302768,17.11999936774373,36.16999889910221,0.1619999940507114,0.10886666266868512,0.05706666455914577,0.09042499724775553,0.27764892578125,21.861688232421898,90.46780007042518,0.6958746408722746,654,3.363598346710205,145.71852111816406,9,0.60491544008255,12,2026-10-06 03:30:00,2026-10-01 23:00:00,0.9254964192708334
12.047215623068922,77.1161558052068,0.0029000856,0.22474238755957537,0.16928181206968154,Low,5.9899998139590025,6.129999814555049,8.639999808743596,24.00999922119081,0.05989999813959002,0.040866665430366995,0.028799999362478654,0.06002499805297703,0.2809600830078125,21.582391357421898,90.97510768562688,0.7560518007766603,691,1.3262850046157837,45.637943267822266,12,0.4547088742256164,10,2026-10-06 03:30:00,2026-10-01 23:00:00,0.9365336100260417
12.047215623068922,77.16601230347544,0.0053005847,0.24170317956873527,0.18260253085155148,Low,5.639999844133854,6.469999827444553,9.859999706968665,46.37999861873686,0.05639999844133854,0.04313333218296369,0.032866665689895554,0.11594999654684215,0.288665771484375,20.773797607421898,92.25766162460438,0.8198753602498113,1060,15.752994537353516,249.8599395751953,-26,0.5228006839752197,4,2026-10-06 03:30:00,2026-10-01 23:00:00,0.96221923828125
12.047215623068922,77.21613829632929,0.0045246994,0.24170317956873527,0.18240855952655147,Low,5.639999844133854,6.469999827444553,9.859999706968665,46.37999861873686,0.05639999844133854,0.04313333218296369,0.032866665689895554,0.11594999654684215,0.288665771484375,20.773797607421898,92.25766162460438,0.8198753602498113,877,22.87918281555176,331.92059326171875,-33,0.681541383266449,9,2026-10-06 03:30:00,2026-10-01 23:00:00,0.96221923828125
12.047215623068922,77.26599479459793,0.00058767374,0.2945364457943787,0.22104925278078405,Low,7.249999955296516,7.249999955296516,8.889999892562628,141.09999880567193,0.07249999955296517,0.04833333303531011,0.02963333297520876,0.3527499970141798,0.291961669921875,21.648797607421898,90.44223635760582,0.7239550417753116,680,2.989778757095337,288.0555419921875,5,0.5527295470237732,12,2026-10-06 03:30:00,2026-10-01 23:00:00,0.97320556640625
12.047215623068922,77.31612078745178,0.0019857197,0.2945364457943787,0.22139876427078406,Low,7.249999955296516,7.249999955296516,8.889999892562628,141.09999880567193,0.07249999955296517,0.04833333303531011,0.02963333297520876,0.3527499970141798,0.291961669921875,21.648797607421898,90.44223635760582,0.7239550417753116,705,7.9085211753845215,134.362060546875,0,0.3860908150672912,10,2026-10-06 03:30:00,2026-10-01 23:00:00,0.97320556640625
12.047215623068922,77.36597728572042,0.00070099364,0.2854116899350037,0.2142340158612528,Low,7.249999955296516,7.249999955296516,8.889999892562628,141.09999880567193,0.07249999955296517,0.04833333303531011,0.02963333297520876,0.3527499970141798,0.2782745361328125,23.183953857421898,86.93286665967636,0.5654343096237865,652,0.0,0.0,0,0.2949459850788116,12,2026-10-06 03:30:00,2026-10-01 23:00:00,0.927581787109375
12.097341615922794,75.16609298644013,0.00078785775,0.14699397318760554,0.11044244432820416,Low,0.0,23.449999418109655,24.449999390169978,26.109999373555183,0.0,0.15633332945406436,0.08149999796723326,0.06527499843388795,0.1340484619140625,26.219110107421898,92.81567809410689,1.947253596528256,0,0.0,0.0,0,-0.1768707484006881,11,2026-10-06 03:30:00,2026-10-01 23:00:00,0.44682820638020837
12.097341615922794,75.21621897929398,0.0051890924,0.17124630631084245,0.12973200283313183,Low,0.0,32.439999371767044,35.409999310970306,37.89999917894602,0.0,0.21626666247844695,0.11803333103656768,0.09474999794736505,0.1340484619140625,26.219110107421898,92.81567809410689,1.947253596528256,3,1.8964173793792725,270.0,2,0.5081871151924133,8,2026-10-06 03:30:00,2026-10-01 23:00:00,0.44682820638020837
12.097341615922794,75.26607547756262,0.0048555275,0.17124630631084245,0.12964861160813182,Low,0.0,32.439999371767044,35.409999310970306,37.89999917894602,0.0,0.21626666247844695,0.11803333103656768,0.09474999794736505,0.1340484619140625,26.219110107421898,92.81567809410689,1.947253596528256,4,5.964363098144531,251.9476013183593,-3,0.4934916794300079,9,2026-10-06 03:30:00,2026-10-01 23:00:00,0.44682820638020837
12.097341615922794,75.3162014704165,0.04801408,0.2751629985271643,0.21837576889537322,Low,0.0,26.909999553114176,34.929999236017466,37.029999230057,0.0,0.17939999702076118,0.11643333078672488,0.09257499807514251,0.313934326171875,25.170281982421898,96.16903710880337,1.5022765000119855,72,8.750463485717773,161.17556762695312,4,0.4512194991111755,8,2026-10-06 03:30:00,2026-10-01 23:00:00,1.0
12.097341615922794,75.36605796868514,0.048442047,0.2751629985271643,0.21848276064537323,Low,0.0,26.909999553114176,34.929999236017466,37.029999230057,0.0,0.17939999702076118,0.11643333078672488,0.09257499807514251,0.313934326171875,25.170281982421898,96.16903710880337,1.5022765000119855,7,14.106527328491213,112.736328125,25,0.0708994716405868,8,2026-10-06 03:30:00,2026-10-01 23:00:00,1.0
12.097341615922794,75.41618396153899,0.035307866,0.2926926652512203,0.22834646543841522,Low,0.5099999979138374,28.719999447464943,46.85999936982989,47.099999364465475,0.005099999979138375,0.1914666629830996,0.15619999789943298,0.11774999841116368,0.434112548828125,23.785516357421898,98.62111093058785,1.2232594298806996,80,14.317938804626465,220.4395904541016,-15,0.8021694421768188,8,2026-10-06 03:30:00,2026-10-01 23:00:00,1.0
12.097341615922794,75.46604045980763,0.07333045,0.32769532995497186,0.2641041099662289,Moderate,4.269999859854579,34.99999915063381,62.9399983137846,62.9399983137846,0.04269999859854579,0.23333332767089207,0.20979999437928198,0.1573499957844615,0.453948974609375,22.767938232421898,99.3499367428218,1.1858487178755874,79,9.326993942260742,126.2542724609375,-10,0.8394010066986084,8,2026-10-06 03:30:00,2026-10-01 23:00:00,1.0
12.097341615922794,75.51616645266151,0.2887381,0.32769532995497186,0.3179560224662289,Moderate,4.269999859854579,34.99999915063381,62.9399983137846,62.9399983137846,0.04269999859854579,0.23333332767089207,0.20979999437928198,0.1573499957844615,0.453948974609375,22.767938232421898,99.3499367428218,1.1858487178755874,183,12.105700492858888,121.89120483398438,-2,0.6793743968009949,8,2026-10-06 03:30:00,2026-10-01 23:00:00,1.0
12.097341615922794,75.56602295093015,0.08061194,0.32769532995497186,0.2659244824662289,Moderate,4.269999859854579,34.99999915063381,62.9399983137846,62.9399983137846,0.04269999859854579,0.23333332767089207,0.20979999437928198,0.1573499957844615,0.463470458984375,22.035516357421898,99.07438840336935,1.1556125009653293,87,10.479278564453123,100.08075714111328,-16,0.6833927035331726,8,2026-10-06 03:30:00,2026-10-01 23:00:00,1.0
12.097341615922794,75.616148943784,0.028162977,0.32769532995497186,0.2528122417162289,Moderate,4.269999859854579,34.99999915063381,62.9399983137846,62.9399983137846,0.04269999859854579,0.23333332767089207,0.20979999437928198,0.1573499957844615,0.463470458984375,22.035516357421898,99.07438840336935,1.1556125009653293,196,11.167272567749023,229.0044708251953,3,0.8215031027793884,8,2026-10-06 03:30:00,2026-10-01 23:00:00,1.0
12.097341615922794,75.66600544205264,0.150332,0.34621399824942156,0.2972434986870662,Moderate,10.489999867975712,36.05999933183193,66.5499994084239,67.05999939888716,0.10489999867975712,0.24039999554554622,0.221833331361413,0.1676499984972179,0.4659423828125,21.371453857421898,98.84446529341028,1.1165024819859255,149,24.96908950805664,301.4299621582031,6,0.8249258399009705,8,2026-10-06 03:30:00,2026-10-01 23:00:00,1.0
12.097341615922794,75.71613143490652,0.070453,0.34621399824942156,0.2772737486870662,Moderate,10.489999867975712,36.05999933183193,66.5499994084239,67.05999939888716,0.10489999867975712,0.24039999554554622,0.221833331361413,0.1676499984972179,0.4659423828125,21.371453857421898,98.84446529341028,1.1165024819859255,136,7.05285120010376,156.33193969726562,23,0.8194657564163208,2,2026-10-06 03:30:00,2026-10-01 23:00:00,1.0
12.097341615922794,75.76598793317515,0.24991956,0.4040046616151929,0.36548338621139465,Moderate,12.689999716356397,41.43999898061156,103.03999739512801,103.97999737411737,0.12689999716356395,0.2762666598707437,0.34346665798376,0.25994999343529346,0.417724609375,20.230828857421898,99.15752206473502,1.071725749571133,448,19.668806076049805,210.6295928955078,-10,0.8467496633529663,2,2026-10-06 03:30:00,2026-10-01 23:00:00,1.0
12.097341615922794,75.816113926029,0.9876001,0.4040046616151929,0.5499035212113946,High,12.689999716356397,41.43999898061156,103.03999739512801,103.97999737411737,0.12689999716356395,0.2762666598707437,0.34346665798376,0.25994999343529346,0.417724609375,20.230828857421898,99.15752206473502,1.071725749571133,814,41.252906799316406,191.98377990722656,-18,0.7519181370735168,2,2026-10-06 03:30:00,2026-10-01 23:00:00,1.0
12.097341615922794,75.91609641715152,0.078797676,0.3356117533318699,0.2714082339989024,Moderate,2.9599999394267797,49.60999953188002,63.139999099075794,76.05999892950058,0.029599999394267797,0.3307333302125335,0.210466663663586,0.19014999732375146,0.2823486328125,18.974969482421898,97.87457432024785,1.078533598123082,803,2.0825207233428955,332.91680908203125,-8,0.8320668935775757,8,2026-10-06 03:30:00,2026-10-01 23:00:00,0.941162109375
12.097341615922794,75.96622241000537,0.44256496,0.3356117533318699,0.3623500549989024,Moderate,2.9599999394267797,49.60999953188002,63.139999099075794,76.05999892950058,0.029599999394267797,0.3307333302125335,0.210466663663586,0.19014999732375146,0.2823486328125,18.974969482421898,97.87457432024785,1.078533598123082,836,5.999418258666992,128.03375244140625,-17,0.7732215523719788,8,2026-10-06 03:30:00,2026-10-01 23:00:00,0.941162109375
12.097341615922794,76.01607890827404,0.55614567,0.30075675232211746,0.3646039817415881,Moderate,4.829999800771475,32.539999229833484,46.749998891726136,61.50999844074249,0.04829999800771475,0.21693332819888989,0.1558333296390871,0.15377499610185624,0.2823486328125,18.974969482421898,97.87457432024785,1.078533598123082,825,7.272499084472656,220.4395904541016,-8,0.6172105073928833,8,2026-10-06 03:30:00,2026-10-01 23:00:00,0.941162109375
12.097341615922794,76.06620490112789,0.55633444,0.30075675232211746,0.3646511742415881,Moderate,4.829999800771475,32.539999229833484,46.749998891726136,61.50999844074249,0.04829999800771475,0.21693332819888989,0.1558333296390871,0.15377499610185624,0.2823486328125,18.974969482421898,97.87457432024785,1.078533598123082,853,7.764001846313477,76.26351928710938,-4,0.7816132307052612,8,2026-10-06 03:30:00,2026-10-01 23:00:00,0.941162109375
12.097341615922794,76.11606139939653,0.027346086,0.44535132892560214,0.34085001819420163,Moderate,50.20999921858311,55.66999893821776,59.44999883137643,75.97999844513834,0.5020999921858311,0.37113332625478507,0.19816666277125478,0.18994999611284583,0.3215484619140625,19.627313232421898,97.18506725699235,1.0103928116216596,886,3.704791784286499,180.0,-6,0.6030848622322083,4,2026-10-06 03:30:00,2026-10-01 23:00:00,1.0
12.097341615922794,76.16618739225038,0.019748082,0.44535132892560214,0.3389505171942016,Moderate,50.20999921858311,55.66999893821776,59.44999883137643,75.97999844513834,0.5020999921858311,0.37113332625478507,0.19816666277125478,0.18994999611284583,0.3215484619140625,19.627313232421898,97.18506725699235,1.0103928116216596,815,6.610398769378662,270.0,2,0.4627116918563843,4,2026-10-06 03:30:00,2026-10-01 23:00:00,1.0
12.097341615922794,76.21604389051902,0.003607046,0.5649928494740899,0.4246463986055674,Moderate,81.2299969010055,82.08999689482152,82.08999689482152,106.70999637432396,0.8122999690100551,0.5472666459654768,0.2736333229827384,0.2667749909358099,0.293914794921875,20.049188232421898,96.74687997591792,0.996951917425236,804,5.627046585083008,189.67320251464844,-2,0.3390319943428039,4,2026-10-06 03:30:00,2026-10-01 23:00:00,0.9797159830729167
12.097341615922794,76.26616988337287,0.0056028776,0.5649928494740899,0.4251453565055674,Moderate,81.2299969010055,82.08999689482152,82.08999689482152,106.70999637432396,0.8122999690100551,0.5472666459654768,0.2736333229827384,0.2667749909358099,0.293914794921875,20.049188232421898,96.74687997591792,0.996951917425236,756,2.0825207233428955,27.08317947387696,-6,0.4165452420711517,4,2026-10-06 03:30:00,2026-10-01 23:00:00,0.9797159830729167
12.097341615922794,76.3160263816415,0.002748546,0.5518250424926481,0.4145559183694861,Moderate,90.00999852269888,91.92999847978354,91.92999847978354,124.76999761164188,0.9000999852269888,0.6128666565318902,0.3064333282659451,0.31192499402910473,0.20672607421875,20.361688232421898,95.82127143923394,1.082373301825455,716,2.9902822971343994,251.9476013183593,-1,0.5680922269821167,12,2026-10-06 03:30:00,2026-10-01 23:00:00,0.6890869140625
12.097341615922794,76.36615237449541,0.0014074831,0.6098209932022418,0.45771761567668134,Moderate,100.47999654710293,102.43999649584293,103.70999644696712,145.2299956586212,1.0,0.6829333099722862,0.34569998815655706,0.363074989146553,0.2174530029296875,20.586297607421898,95.06555268327492,1.0842717350179387,680,0.0,0.0,0,0.3381443321704864,12,2026-10-06 03:30:00,2026-10-01 23:00:00,0.7248433430989584
12.097341615922794,76.41600887276405,0.002531404,0.6098209932022418,0.45799859590168135,Moderate,100.47999654710293,102.43999649584293,103.70999644696712,145.2299956586212,1.0,0.6829333099722862,0.34569998815655706,0.363074989146553,0.2174530029296875,20.586297607421898,95.06555268327492,1.0842717350179387,670,7.438241958618164,352.7148742675781,1,0.6162962913513184,12,2026-10-06 03:30:00,2026-10-01 23:00:00,0.7248433430989584
12.097341615922794,76.4661348656179,0.0012480137,0.6326888317439086,0.4748286272329314,Moderate,100.47999654710293,102.43999649584293,103.70999644696712,145.2299956586212,1.0,0.6829333099722862,0.34569998815655706,0.363074989146553,0.2517547607421875,20.457391357421898,95.08389240660854,1.0716332899018206,678,1.326411485671997,45.643287658691406,-3,0.2444444447755813,12,2026-10-06 03:30:00,2026-10-01 23:00:00,0.8391825358072917
12.097341615922794,76.51599136388654,0.0011360341,0.6326888317439086,0.4748006323329314,Moderate,100.47999654710293,102.43999649584293,103.70999644696712,145.2299956586212,1.0,0.6829333099722862,0.34569998815655706,0.363074989146553,0.2517547607421875,20.457391357421898,95.08389240660854,1.0716332899018206,684,0.0,0.0,-7,0.5257207751274109,12,2026-10-06 03:30:00,2026-10-01 23:00:00,0.8391825358072917
12.097341615922794,76.56611735674039,0.00095880096,0.612254749010938,0.4594307619982035,Moderate,93.29999825358391,94.46999822556973,95.67999818921089,153.19999736733735,0.932999982535839,0.6297999881704648,0.3189333272973696,0.38299999341834334,0.2576141357421875,20.986688232421898,93.23590962975732,0.8537785915219074,668,3.363797187805176,325.71356201171875,2,0.5832903981208801,12,2026-10-06 03:30:00,2026-10-01 23:00:00,0.8587137858072917
12.097341615922794,76.61597385500903,0.000745981,0.612254749010938,0.4593775570082035,Moderate,93.29999825358391,94.46999822556973,95.67999818921089,153.19999736733735,0.932999982535839,0.6297999881704648,0.3189333272973696,0.38299999341834334,0.2576141357421875,20.986688232421898,93.23590962975732,0.8537785915219074,702,2.9902822971343994,251.9476013183593,-8,0.2436878681182861,12,2026-10-06 03:30:00,2026-10-01 23:00:00,0.8587137858072917
12.097341615922794,76.66609984786288,0.0006659885,0.5360562188236043,0.4022086612427032,Moderate,79.8399970382452,80.88999702967703,82.4899969920516,133.1599957998842,0.798399970382452,0.5392666468645135,0.274966656640172,0.3328999894997105,0.2362823486328125,21.664422607421898,91.12343208001911,0.7167423214807548,676,1.326411485671997,134.35670471191406,-2,0.2096944153308868,12,2026-10-06 03:30:00,2026-10-01 23:00:00,0.7876078287760417
12.097341615922794,76.71622584071679,0.0007954169,0.4586019335996981,0.34415030442477357,Moderate,64.8799983151257,65.11999830789864,65.32999829947948,91.51999745704234,0.6487999831512571,0.4341333220526576,0.21776666099826494,0.22879999364260584,0.242034912109375,21.262078857421898,91.78406493717472,0.7626566275344604,686,1.326411485671997,134.35670471191406,-9,0.6394971609115601,12,2026-10-06 03:30:00,2026-10-01 23:00:00,0.8067830403645834
12.097341615922794,76.76608233898543,0.0013001969,0.4586019335996981,0.34427649942477356,Moderate,64.8799983151257,65.11999830789864,65.32999829947948,91.51999745704234,0.6487999831512571,0.4341333220526576,0.21776666099826494,0.22879999364260584,0.242034912109375,21.262078857421898,91.78406493717472,0.7626566275344604,686,2.651402711868286,45.643287658691406,-12,0.3045695126056671,12,2026-10-06 03:30:00,2026-10-01 23:00:00,0.8067830403645834
12.097341615922794,76.81620833183928,0.0007276474,0.6038335588204985,0.45305708096537384,Moderate,94.34999668970704,94.34999668970704,95.27999664656818,116.32999617420137,0.9434999668970704,0.6289999779313803,0.31759998882189394,0.2908249904355034,0.2701568603515625,21.293328857421898,91.48647458483194,0.7156165097243959,691,2.0825207233428955,207.0831756591797,-3,0.3173185884952545,12,2026-10-06 03:30:00,2026-10-01 23:00:00,0.9005228678385417
12.097341615922794,76.86606483010792,0.0005434901,0.6038335588204985,0.45301104164037387,Moderate,94.34999668970704,94.34999668970704,95.27999664656818,116.32999617420137,0.9434999668970704,0.6289999779313803,0.31759998882189394,0.2908249904355034,0.2701568603515625,21.293328857421898,91.48647458483194,0.7156165097243959,706,2.1107423305511475,243.9461364746093,-3,0.1841474175453186,12,2026-10-06 03:30:00,2026-10-01 23:00:00,0.9005228678385417
12.097341615922794,76.91619082296177,0.0010877216,0.5588978899335489,0.4194453478501617,Moderate,85.03999615646899,85.03999615646899,85.72999613545835,98.83999582193792,0.8503999615646899,0.5669333077097932,0.28576665378486116,0.2470999895548448,0.2701568603515625,21.293328857421898,91.48647458483194,0.7156165097243959,679,4.722745418548584,168.44004821777344,-5,0.4225564002990722,12,2026-10-06 03:30:00,2026-10-01 23:00:00,0.9005228678385417
12.097341615922794,76.9660473212304,0.00072724983,0.5588978899335489,0.41935522990766166,Moderate,85.03999615646899,85.03999615646899,85.72999613545835,98.83999582193792,0.8503999615646899,0.5669333077097932,0.28576665378486116,0.2470999895548448,0.2701568603515625,21.293328857421898,91.48647458483194,0.7156165097243959,660,3.8999037742614746,103.73648071289062,-6,0.3288118839263916,12,2026-10-06 03:30:00,2026-10-01 23:00:00,0.9005228678385417
12.097341615922794,77.01617331408426,0.00075280166,0.2666989476350447,0.20021241114128352,Low,16.19999940507114,16.329999400302768,17.11999936774373,36.16999889910221,0.1619999940507114,0.10886666266868512,0.05706666455914577,0.09042499724775553,0.27764892578125,21.861688232421898,90.46780007042518,0.6958746408722746,656,1.854334115982056,0.0,-1,0.585487961769104,12,2026-10-06 03:30:00,2026-10-01 23:00:00,0.9254964192708334
12.097341615922794,77.0660298123529,0.0012209365,0.2666989476350447,0.2003294448512835,Low,16.19999940507114,16.329999400302768,17.11999936774373,36.16999889910221,0.1619999940507114,0.10886666266868512,0.05706666455914577,0.09042499724775553,0.27764892578125,21.861688232421898,90.46780007042518,0.6958746408722746,646,1.8964173793792725,270.0,1,0.5604798793792725,12,2026-10-06 03:30:00,2026-10-01 23:00:00,0.9254964192708334
12.097341615922794,77.1161558052068,0.00077460083,0.22474238755957537,0.16875044087718155,Low,5.9899998139590025,6.129999814555049,8.639999808743596,24.00999922119081,0.05989999813959002,0.040866665430366995,0.028799999362478654,0.06002499805297703,0.2809600830078125,21.582391357421898,90.97510768562688,0.7560518007766603,686,5.8589186668396,198.82443237304688,6,0.1535601764917373,12,2026-10-06 03:30:00,2026-10-01 23:00:00,0.9365336100260417
12.097341615922794,77.16601230347544,0.006546118,0.24170317956873527,0.18291391417655148,Low,5.639999844133854,6.469999827444553,9.859999706968665,46.37999861873686,0.05639999844133854,0.04313333218296369,0.032866665689895554,0.11594999654684215,0.288665771484375,20.773797607421898,92.25766162460438,0.8198753602498113,822,16.982908248901367,25.700382232666016,-15,0.5370156764984131,9,2026-10-06 03:30:00,2026-10-01 23:00:00,0.96221923828125
12.097341615922794,77.21613829632929,0.0006214645,0.24170317956873527,0.18143275080155147,Low,5.639999844133854,6.469999827444553,9.859999706968665,46.37999861873686,0.05639999844133854,0.04313333218296369,0.032866665689895554,0.11594999654684215,0.288665771484375,20.773797607421898,92.25766162460438,0.8198753602498113,684,2.1107423305511475,63.94614410400391,5,0.3758674561977386,12,2026-10-06 03:30:00,2026-10-01 23:00:00,0.96221923828125
12.097341615922794,77.26599479459793,0.0017475828,0.2945364457943787,0.22133923004578404,Low,7.249999955296516,7.249999955296516,8.889999892562628,141.09999880567193,0.07249999955296517,0.04833333303531011,0.02963333297520876,0.3527499970141798,0.291961669921875,21.648797607421898,90.44223635760582,0.7239550417753116,679,3.392904758453369,123.09881591796876,1,0.2426432520151138,10,2026-10-06 03:30:00,2026-10-01 23:00:00,0.97320556640625
12.097341615922794,77.31612078745178,0.0011746286,0.2945364457943787,0.22119599149578403,Low,7.249999955296516,7.249999955296516,8.889999892562628,141.09999880567193,0.07249999955296517,0.04833333303531011,0.02963333297520876,0.3527499970141798,0.291961669921875,21.648797607421898,90.44223635760582,0.7239550417753116,629,2.7802884578704834,180.0,15,0.6002531051635742,12,2026-10-06 03:30:00,2026-10-01 23:00:00,0.97320556640625
12.097341615922794,77.36597728572042,0.0009305953,0.2854116899350037,0.21429141627625278,Low,7.249999955296516,7.249999955296516,8.889999892562628,141.09999880567193,0.07249999955296517,0.04833333303531011,0.02963333297520876,0.3527499970141798,0.2782745361328125,23.183953857421898,86.93286665967636,0.5654343096237865,618,2.9371373653411865,341.1755676269531,4,0.1931701153516769,12,2026-10-06 03:30:00,2026-10-01 23:00:00,0.927581787109375
12.197324107045295,75.16609298644013,0.0046103816,0.31921999730753403,0.24056759338065054,Low,0.019999999552965164,47.90999894961715,51.869998808950186,53.15999876335263,0.00019999999552965163,0.31939999299744765,0.17289999602983394,0.13289999690838158,0.3647918701171875,25.568719482421898,92.706061222669,1.881170419532136,20,1.854334115982056,0.0,1,0.5132582783699036,14,2026-10-06 03:30:00,2026-10-01 23:00:00,1.0
12.197324107045295,75.21621897929398,0.010012417,0.4195799950091168,0.3171881005068376,Moderate,0.04999999888241291,89.45999791659415,95.11999787390232,95.91999786905944,0.0004999999888241291,0.5963999861106276,0.3170666595796744,0.23979999467264862,0.3647918701171875,25.568719482421898,92.706061222669,1.881170419532136,27,4.217044830322266,63.95463562011719,9,0.5295698642730713,14,2026-10-06 03:30:00,2026-10-01 23:00:00,1.0
12.197324107045295,75.26607547756262,0.015814243,0.4195799950091168,0.3186385570068376,Moderate,0.04999999888241291,89.45999791659415,95.11999787390232,95.91999786905944,0.0004999999888241291,0.5963999861106276,0.3170666595796744,0.23979999467264862,0.3647918701171875,25.568719482421898,92.706061222669,1.881170419532136,94,4.733757495880127,270.0,-12,0.3493541479110718,9,2026-10-06 03:30:00,2026-10-01 23:00:00,1.0
12.197324107045295,75.3162014704165,0.07008794,0.4172976620692139,0.33049523155191046,Moderate,2.91999994777143,80.25999827124178,96.68999796919525,96.98999795131385,0.0291999994777143,0.5350666551416119,0.32229999323065084,0.24247499487828464,0.42974853515625,23.787469482421898,97.40875587165992,1.4516291752788002,67,13.964832305908203,32.19439697265625,11,0.7915119528770447,8,2026-10-06 03:30:00,2026-10-01 23:00:00,1.0
12.197324107045295,75.36605796868514,0.1326694,0.4172976620692139,0.34614059655191043,Moderate,2.91999994777143,80.25999827124178,96.68999796919525,96.98999795131385,0.0291999994777143,0.5350666551416119,0.32229999323065084,0.24247499487828464,0.42974853515625,23.787469482421898,97.40875587165992,1.4516291752788002,127,18.86952018737793,25.85594367980957,6,0.7418263554573059,8,2026-10-06 03:30:00,2026-10-01 23:00:00,1.0
12.197324107045295,75.41618396153899,0.069200076,0.4026003296669573,0.31925026625021796,Moderate,4.5199998542666435,62.329999001696706,97.74999822303653,97.74999822303653,0.04519999854266644,0.41553332667797804,0.3258333274101218,0.24437499555759132,0.4595794677734375,22.277703857421898,99.89243445151358,1.185294528402964,80,12.410112380981444,222.638427734375,-15,0.7838150262832642,8,2026-10-06 03:30:00,2026-10-01 23:00:00,1.0
12.197324107045295,75.46604045980763,0.124858804,0.3741989959621802,0.3118639479716352,Moderate,5.619999820366502,52.01999875344336,82.6699981931597,82.6699981931597,0.056199998203665016,0.3467999916896224,0.27556666064386565,0.20667499548289925,0.4719085693359375,21.728875732421898,98.64690949997517,1.1411555589840736,197,25.187559127807617,251.9539337158203,-4,0.8237258195877075,8,2026-10-06 03:30:00,2026-10-01 23:00:00,1.0
12.197324107045295,75.51616645266151,0.29985234,0.3741989959621802,0.35561233197163516,Moderate,5.619999820366502,52.01999875344336,82.6699981931597,82.6699981931597,0.056199998203665016,0.3467999916896224,0.27556666064386565,0.20667499548289925,0.4719085693359375,21.728875732421898,98.64690949997517,1.1411555589840736,527,7.3788604736328125,180.0,-5,0.7430745959281921,8,2026-10-06 03:30:00,2026-10-01 23:00:00,1.0
12.197324107045295,75.56602295093015,0.3318525,0.3741989959621802,0.3636123719716352,Moderate,5.619999820366502,52.01999875344336,82.6699981931597,82.6699981931597,0.056199998203665016,0.3467999916896224,0.27556666064386565,0.20667499548289925,0.4616241455078125,20.008172607421898,99.22813320543877,1.12395765791568,659,28.08477020263672,220.6757659912109,28,0.8486157059669495,2,2026-10-06 03:30:00,2026-10-01 23:00:00,1.0
12.197324107045295,75.616148943784,0.10866924,0.3741989959621802,0.3078165569716352,Moderate,5.619999820366502,52.01999875344336,82.6699981931597,82.6699981931597,0.056199998203665016,0.3467999916896224,0.27556666064386565,0.20667499548289925,0.4616241455078125,20.008172607421898,99.22813320543877,1.12395765791568,795,9.610785484313965,197.062744140625,29,0.8874584436416626,2,2026-10-06 03:30:00,2026-10-01 23:00:00,1.0
12.197324107045295,75.66600544205264,0.13678287,0.37379466200054934,0.31454171400041203,Moderate,12.549999661743641,45.03999889083207,77.28999784775078,77.63999783061445,0.1254999966174364,0.3002666592722138,0.2576333261591693,0.19409999457653612,0.4503936767578125,19.217156982421898,99.0665400924318,1.103629704056671,1145,13.039166450500488,45.65404891967773,13,0.7160120606422424,2,2026-10-06 03:30:00,2026-10-01 23:00:00,1.0
12.197324107045295,75.71613143490652,0.20327133,0.37379466200054934,0.331163829000412,Moderate,12.549999661743641,45.03999889083207,77.28999784775078,77.63999783061445,0.1254999966174364,0.3002666592722138,0.2576333261591693,0.19409999457653612,0.4503936767578125,19.217156982421898,99.0665400924318,1.103629704056671,892,12.410112380981444,137.361572265625,-16,0.5470588207244873,8,2026-10-06 03:30:00,2026-10-01 23:00:00,1.0
12.197324107045295,75.76598793317515,0.02604527,0.3356499967201303,0.2582488150400977,Moderate,13.329999797046185,25.01999957859516,62.78999814018607,64.13999812677503,0.13329999797046185,0.1667999971906344,0.20929999380062023,0.16034999531693755,0.45526123046875,19.014031982421898,98.49862436179696,1.136662423010427,884,8.49758243560791,12.808720588684082,12,0.3623853325843811,8,2026-10-06 03:30:00,2026-10-01 23:00:00,1.0
12.197324107045295,75.816113926029,0.5696544,0.3356499967201303,0.3941510975400977,Moderate,13.329999797046185,25.01999957859516,62.78999814018607,64.13999812677503,0.13329999797046185,0.1667999971906344,0.20929999380062023,0.16034999531693755,0.45526123046875,19.014031982421898,98.49862436179696,1.136662423010427,1042,14.642743110656738,108.04605865478516,-23,0.8642191290855408,8,2026-10-06 03:30:00,2026-10-01 23:00:00,1.0
12.197324107045295,75.91609641715152,0.4446443,0.2827058139410491,0.32319043545578685,Moderate,8.349999768659472,11.859999693930149,41.199998915195465,69.89999838359654,0.08349999768659472,0.07906666462620099,0.1373333297173182,0.17474999595899135,0.278167724609375,18.765985107421898,96.92897988677004,1.2753506169467854,878,8.032130241394043,249.870361328125,-7,0.7645348906517029,8,2026-10-06 03:30:00,2026-10-01 23:00:00,0.9272257486979167
12.197324107045295,75.96622241000537,0.18112889,0.2827058139410491,0.2573115829557868,Moderate,8.349999768659472,11.859999693930149,41.199998915195465,69.89999838359654,0.08349999768659472,0.07906666462620099,0.1373333297173182,0.17474999595899135,0.278167724609375,18.765985107421898,96.92897988677004,1.2753506169467854,894,5.971027851104736,140.7004852294922,7,0.7660892009735107,8,2026-10-06 03:30:00,2026-10-01 23:00:00,0.9272257486979167
12.197324107045295,76.01607890827404,0.07043424,0.31122247907364126,0.2510254193052309,Moderate,8.189999770373106,22.819999119266868,53.21999818645418,84.95999770052731,0.08189999770373106,0.15213332746177913,0.17739999395484726,0.21239999425131828,0.278167724609375,18.765985107421898,96.92897988677004,1.2753506169467854,858,4.822939395904541,101.0609893798828,-4,0.4106796085834503,4,2026-10-06 03:30:00,2026-10-01 23:00:00,0.9272257486979167
12.197324107045295,76.06620490112789,0.06164197,0.31122247907364126,0.24882735180523094,Low,8.189999770373106,22.819999119266868,53.21999818645418,84.95999770052731,0.08189999770373106,0.15213332746177913,0.17739999395484726,0.21239999425131828,0.278167724609375,18.765985107421898,96.92897988677004,1.2753506169467854,885,8.28909969329834,0.0,-9,0.5653650164604187,4,2026-10-06 03:30:00,2026-10-01 23:00:00,0.9272257486979167
12.197324107045295,76.11606139939653,0.0075188107,0.43240000056152544,0.3261797030961441,Moderate,44.55999896489084,49.68999878130853,62.07999812066555,94.62999784946442,0.4455999896489084,0.3312666585420569,0.20693332706888518,0.23657499462366105,0.289947509765625,19.248406982421898,96.40885238173227,1.2871856393496632,854,3.9012820720672607,76.26848602294922,-10,0.4646346271038055,4,2026-10-06 03:30:00,2026-10-01 23:00:00,0.96649169921875
12.197324107045295,76.16618739225038,0.0011175562,0.43240000056152544,0.3245793894711441,Moderate,44.55999896489084,49.68999878130853,62.07999812066555,94.62999784946442,0.4455999896489084,0.3312666585420569,0.20693332706888518,0.23657499462366105,0.289947509765625,19.248406982421898,96.40885238173227,1.2871856393496632,807,4.217044830322266,296.0453491210937,-1,0.2063492089509964,12,2026-10-06 03:30:00,2026-10-01 23:00:00,0.96649169921875
12.197324107045295,76.21604389051902,0.0010244997,0.39801495126411324,0.29876733837308495,Moderate,49.429998978972435,49.73999895900488,49.73999895900488,89.26999773830175,0.49429998978972434,0.3315999930600325,0.16579999653001626,0.22317499434575438,0.2425079345703125,19.588250732421898,95.8906063187547,1.319368072771154,842,3.3937973976135254,303.0889587402344,-4,0.3490701019763946,12,2026-10-06 03:30:00,2026-10-01 23:00:00,0.8083597819010417
12.197324107045295,76.26616988337287,0.0019946888,0.39801495126411324,0.29900988564808495,Moderate,49.429998978972435,49.73999895900488,49.73999895900488,89.26999773830175,0.49429998978972434,0.3315999930600325,0.16579999653001626,0.22317499434575438,0.2425079345703125,19.588250732421898,95.8906063187547,1.319368072771154,764,0.9488247632980348,270.0,-3,0.1809523850679397,12,2026-10-06 03:30:00,2026-10-01 23:00:00,0.8083597819010417
12.197324107045295,76.3160263816415,0.0014942688,0.46234588045645514,0.34713297754234135,Moderate,59.29999911785126,59.29999911785126,59.29999911785126,128.53999690152705,0.5929999911785125,0.39533332745234173,0.19766666372617087,0.3213499922538176,0.253173828125,19.861688232421898,95.4216440345138,1.3124859745410888,772,3.79010820388794,90.0,-5,0.3646209239959717,12,2026-10-06 03:30:00,2026-10-01 23:00:00,0.8439127604166667
12.197324107045295,76.36615237449541,0.0008380169,0.5632666839327665,0.42265951717457484,Moderate,77.02999863401055,77.02999863401055,78.34999861195683,157.68999695405364,0.7702999863401055,0.513533324226737,0.2611666620398561,0.3942249923851341,0.2782745361328125,20.217156982421898,95.22536500335974,1.313849609763177,721,3.9012820720672607,103.73151397705078,2,0.4049356877803802,12,2026-10-06 03:30:00,2026-10-01 23:00:00,0.927581787109375
12.197324107045295,76.41600887276405,0.0015266701,0.5632666839327665,0.42283168047457487,Moderate,77.02999863401055,77.02999863401055,78.34999861195683,157.68999695405364,0.7702999863401055,0.513533324226737,0.2611666620398561,0.3942249923851341,0.2782745361328125,20.217156982421898,95.22536500335974,1.313849609763177,713,0.9274099469184875,180.0,12,0.3618215918540954,12,2026-10-06 03:30:00,2026-10-01 23:00:00,0.927581787109375
12.197324107045295,76.4661348656179,0.0005967658,0.5608659677869331,0.4207986672901998,Moderate,77.02999863401055,77.02999863401055,78.34999861195683,157.68999695405364,0.7702999863401055,0.513533324226737,0.2611666620398561,0.3942249923851341,0.2746734619140625,20.467156982421898,95.0842482280038,1.3303248784490282,741,3.974323749542236,225.654052734375,9,0.2367983758449554,12,2026-10-06 03:30:00,2026-10-01 23:00:00,0.9155782063802084
12.197324107045295,76.51599136388654,0.0013872049,0.5608659677869331,0.4209962770651999,Moderate,77.02999863401055,77.02999863401055,78.34999861195683,157.68999695405364,0.7702999863401055,0.513533324226737,0.2611666620398561,0.3942249923851341,0.2746734619140625,20.467156982421898,95.0842482280038,1.3303248784490282,788,8.49758243560791,167.1912841796875,-6,0.3569405078887939,12,2026-10-06 03:30:00,2026-10-01 23:00:00,0.9155782063802084
12.197324107045295,76.56611735674039,0.0005075144,0.44994575374325124,0.33758619390743844,Moderate,54.49999877810478,54.57999877631664,55.79999874345958,96.79999746382236,0.5449999877810479,0.36386665850877764,0.18599999581153195,0.2419999936595559,0.2845306396484375,20.822625732421898,93.9192963647938,1.1589828428688882,735,2.651911497116089,314.345947265625,1,0.2756489515304565,12,2026-10-06 03:30:00,2026-10-01 23:00:00,0.9484354654947917
12.197324107045295,76.61597385500903,0.0011704286,0.44994575374325124,0.33775192245743846,Moderate,54.49999877810478,54.57999877631664,55.79999874345958,96.79999746382236,0.5449999877810479,0.36386665850877764,0.18599999581153195,0.2419999936595559,0.2845306396484375,20.822625732421898,93.9192963647938,1.1589828428688882,724,3.79010820388794,270.0,-12,0.3048244714736938,12,2026-10-06 03:30:00,2026-10-01 23:00:00,0.9484354654947917
12.197324107045295,76.66609984786288,0.00082007394,0.3842821976479764,0.28841666672098226,Moderate,45.189999433234334,45.189999433234334,47.0799993891269,69.3099987078458,0.45189999433234335,0.3012666628882289,0.15693333129708967,0.17327499676961453,0.26007080078125,21.525750732421898,91.7997842648462,0.9296006937740317,678,3.364197254180908,145.7035369873047,9,0.3485095500946045,12,2026-10-06 03:30:00,2026-10-01 23:00:00,0.8669026692708334
12.197324107045295,76.71622584071679,0.00076756295,0.3588410135475298,0.26932265089814733,Moderate,42.929998679086566,42.929998679086566,43.12999867461622,69.329998254776,0.4292999867908657,0.28619999119391043,0.14376666224872073,0.17332499563694,0.237030029296875,21.846063232421898,90.1831656866278,0.8132748487917589,709,2.844395637512207,90.0,8,0.2497639209032058,12,2026-10-06 03:30:00,2026-10-01 23:00:00,0.79010009765625
12.197324107045295,76.76608233898543,0.0006438712,0.3588410135475298,0.2692917279606474,Moderate,42.929998679086566,42.929998679086566,43.12999867461622,69.329998254776,0.4292999867908657,0.28619999119391043,0.14376666224872073,0.17332499563694,0.237030029296875,21.846063232421898,90.1831656866278,0.8132748487917589,703,2.9372520446777344,161.1689910888672,-4,0.3249160349369049,12,2026-10-06 03:30:00,2026-10-01 23:00:00,0.79010009765625
12.197324107045295,76.81620833183928,0.0007713109,0.5570056062999492,0.41794703244996195,Moderate,83.64999665692449,83.64999665692449,84.77999665215611,98.56999627314508,0.8364999665692449,0.5576666443794965,0.2825999888405204,0.2464249906828627,0.275054931640625,22.377313232421898,87.83945770157115,0.6493026813140049,646,0.9488247632980348,90.0,2,0.4416161477565765,12,2026-10-06 03:30:00,2026-10-01 23:00:00,0.9168497721354167
12.197324107045295,76.86606483010792,0.002390008,0.5570056062999492,0.41835170672496197,Moderate,83.64999665692449,83.64999665692449,84.77999665215611,98.56999627314508,0.8364999665692449,0.5576666443794965,0.2825999888405204,0.2464249906828627,0.275054931640625,22.377313232421898,87.83945770157115,0.6493026813140049,674,6.705356597900391,34.296470642089844,15,0.2210633456707,12,2026-10-06 03:30:00,2026-10-01 23:00:00,0.9168497721354167
12.197324107045295,76.91619082296177,0.00094751833,0.5954769485099863,0.4468445909649898,Moderate,92.84999865852296,92.84999865852296,93.83999864943326,104.58999855443835,0.9284999865852296,0.6189999910568198,0.3127999954981108,0.2614749963860959,0.275054931640625,22.377313232421898,87.83945770157115,0.6493026813140049,649,2.9372520446777344,18.831005096435547,-6,0.3036585450172424,12,2026-10-06 03:30:00,2026-10-01 23:00:00,0.9168497721354167
12.197324107045295,76.9660473212304,0.0007104638,0.5954769485099863,0.44678532733248977,Moderate,92.84999865852296,92.84999865852296,93.83999864943326,104.58999855443835,0.9284999865852296,0.6189999910568198,0.3127999954981108,0.2614749963860959,0.275054931640625,22.377313232421898,87.83945770157115,0.6493026813140049,656,0.9274099469184875,0.0,-1,0.3689180016517639,12,2026-10-06 03:30:00,2026-10-01 23:00:00,0.9168497721354167
12.197324107045295,77.01617331408426,0.001288626,0.287634422420462,0.2160479733153465,Low,23.55999941751361,23.55999941751361,24.509999377653003,35.32999914884567,0.23559999417513608,0.15706666278342407,0.08169999792551001,0.08832499787211417,0.2671661376953125,22.810906982421898,86.65809383352499,0.5587907327454066,631,1.8971294164657595,270.0,6,0.6340057253837585,12,2026-10-06 03:30:00,2026-10-01 23:00:00,0.8905537923177084
12.197324107045295,77.0660298123529,0.000670363,0.287634422420462,0.2158934075653465,Low,23.55999941751361,23.55999941751361,24.509999377653003,35.32999914884567,0.23559999417513608,0.15706666278342407,0.08169999792551001,0.08832499787211417,0.2671661376953125,22.810906982421898,86.65809383352499,0.5587907327454066,641,2.651911497116089,225.654052734375,-6,0.2818600833415985,12,2026-10-06 03:30:00,2026-10-01 23:00:00,0.8905537923177084
12.197324107045295,77.1161558052068,0.0007245706,0.20048276444549365,0.15054321598412024,Low,3.629999926313758,3.629999926313758,4.149999903514981,14.659999549388885,0.03629999926313758,0.024199999508758386,0.013833333011716605,0.036649998873472214,0.2680511474609375,22.916375732421898,85.847109890276,0.5924737512430318,636,2.082682609558105,207.09190368652344,-5,0.3864964246749878,12,2026-10-06 03:30:00,2026-10-01 23:00:00,0.8935038248697917
12.197324107045295,77.16601230347544,0.0005933526,0.207230386929897,0.15557112834742276,Low,0.9799999874085188,1.129999978467822,1.409999966621399,33.57999926991761,0.009799999874085188,0.00753333318978548,0.004699999888737996,0.08394999817479402,0.2792205810546875,22.545281982421898,86.2885947278243,0.6744362619226654,670,0.9274099469184875,0.0,-4,0.1786115169525146,12,2026-10-06 03:30:00,2026-10-01 23:00:00,0.9307352701822917
12.197324107045295,77.21613829632929,0.000792921,0.207230386929897,0.15562102044742274,Low,0.9799999874085188,1.129999978467822,1.409999966621399,33.57999926991761,0.009799999874085188,0.00753333318978548,0.004699999888737996,0.08394999817479402,0.2792205810546875,22.545281982421898,86.2885947278243,0.6744362619226654,687,2.844395637512207,90.0,-1,0.3047425150871277,12,2026-10-06 03:30:00,2026-10-01 23:00:00,0.9307352701822917
12.197324107045295,77.26599479459793,0.0015648648,0.2661434607444331,0.19999881175832485,Low,1.2399999611079693,1.2399999611079693,1.3599999602884054,140.68999600969255,0.012399999611079692,0.008266666407386462,0.004533333200961351,0.35172499002423135,0.2863616943359375,22.812860107421898,86.50178332569622,0.7406697618622009,637,1.8971294164657595,90.0,6,0.8845121264457703,12,2026-10-06 03:30:00,2026-10-01 23:00:00,0.9545389811197917
12.197324107045295,77.31612078745178,0.0035608725,0.2661434607444331,0.20049781368332487,Low,1.2399999611079693,1.2399999611079693,1.3599999602884054,140.68999600969255,0.012399999611079692,0.008266666407386462,0.004533333200961351,0.35172499002423135,0.2863616943359375,22.812860107421898,86.50178332569622,0.7406697618622009,830,27.123046875,110.34215545654295,11,0.3828575611114502,12,2026-10-06 03:30:00,2026-10-01 23:00:00,0.9545389811197917
12.197324107045295,77.36597728572042,0.008945193,0.27523566452047477,0.20866304664035606,Low,1.2399999611079693,1.2399999611079693,1.3599999602884054,140.68999600969255,0.012399999611079692,0.008266666407386462,0.004533333200961351,0.35172499002423135,0.30987548828125,23.707391357421898,84.41323435754235,0.6540466174753484,701,13.535515785217283,74.39683532714844,34,0.3869277834892273,10,2026-10-06 03:30:00,2026-10-01 23:00:00,1.0
12.2973065981678,75.06611049531762,0.00089639716,0.291211998615476,0.21863309825160698,Low,0.1399999987334013,31.379999553784728,43.899999311193824,44.679999290034175,0.001399999987334013,0.2091999970252315,0.14633333103731275,0.11169999822508543,0.3224334716796875,25.551141357421898,92.71599413265588,1.8085050788860444,0,0.0,0.0,0,-0.2544704377651214,17,2026-10-06 03:30:00,2026-10-01 23:00:00,1.0
12.2973065981678,75.16609298644013,0.006310339,0.28096866541604204,0.21230408381203153,Low,0.5400000009685755,29.169999605044723,37.229999363422394,37.97999935597181,0.005400000009685755,0.19446666403363147,0.12409999787807464,0.09494999838992953,0.3224334716796875,25.551141357421898,92.71599413265588,1.8085050788860444,78,4.696891784667969,233.766342163086,-6,0.185138538479805,10,2026-10-06 03:30:00,2026-10-01 23:00:00,1.0
12.2973065981678,75.21621897929398,0.02966552,0.5229996579866856,0.3996661234900142,Moderate,5.799999825656414,122.16999670676887,138.1499963197857,141.12999625131488,0.05799999825656414,0.8144666447117924,0.460499987732619,0.3528249906282872,0.3038330078125,24.908563232421898,93.99873271695294,1.7033438914945072,78,7.990161895751953,36.16901397705078,-3,0.3859336078166961,8,2026-10-06 03:30:00,2026-10-01 23:00:00,1.0
12.2973065981678,75.26607547756262,0.25515747,0.5229996579866856,0.45603911099001415,Moderate,5.799999825656414,122.16999670676887,138.1499963197857,141.12999625131488,0.05799999825656414,0.8144666447117924,0.460499987732619,0.3528249906282872,0.3038330078125,24.908563232421898,93.99873271695294,1.7033438914945072,64,21.68043708801269,73.43937683105469,-5,0.8409770727157593,8,2026-10-06 03:30:00,2026-10-01 23:00:00,1.0
12.2973065981678,75.3162014704165,0.35736167,0.548634325588867,0.5008161616916503,High,6.8399998396635056,121.0999974757433,157.01999638974667,160.32999631389976,0.06839999839663506,0.8073333165049553,0.5233999879658222,0.40082499078474937,0.443023681640625,23.762078857421898,96.8697286314928,1.2900744629107683,81,23.30471420288086,270.0,29,0.738979697227478,8,2026-10-06 03:30:00,2026-10-01 23:00:00,1.0
12.2973065981678,75.36605796868514,0.093931295,0.548634325588867,0.4349585679416503,Moderate,6.8399998396635056,121.0999974757433,157.01999638974667,160.32999631389976,0.06839999839663506,0.8073333165049553,0.5233999879658222,0.40082499078474937,0.443023681640625,23.762078857421898,96.8697286314928,1.2900744629107683,89,15.556516647338867,220.89334106445312,-32,0.7878298163414001,8,2026-10-06 03:30:00,2026-10-01 23:00:00,1.0
12.2973065981678,75.41618396153899,0.040865086,0.468581328013291,0.3616522675099682,Moderate,14.399999760091305,71.86999872885644,124.29999733529985,127.3599972948432,0.14399999760091306,0.479133324859043,0.4143333244509995,0.318399993237108,0.4583282470703125,22.314813232421898,98.93498849962072,1.0210333864512615,75,7.438331127166748,187.29055786132807,2,0.7775841951370239,8,2026-10-06 03:30:00,2026-10-01 23:00:00,1.0
12.2973065981678,75.46604045980763,0.060842764,0.44522699481137096,0.3491309371085282,Moderate,14.189999820664525,61.01999890431762,116.52999718114734,117.06999718770385,0.14189999820664526,0.4067999926954508,0.3884333239371578,0.29267499296925964,0.4622650146484375,20.738641357421898,98.98185599584257,1.003138504855347,146,15.318172454833984,237.86676025390625,-28,0.7925311326980591,2,2026-10-06 03:30:00,2026-10-01 23:00:00,1.0
12.2973065981678,75.51616645266151,0.30145836,0.44522699481137096,0.4092848361085282,Moderate,14.189999820664525,61.01999890431762,116.52999718114734,117.06999718770385,0.14189999820664526,0.4067999926954508,0.3884333239371578,0.29267499296925964,0.4622650146484375,20.738641357421898,98.98185599584257,1.003138504855347,694,22.59687614440918,148.83506774902344,-11,0.8889487981796265,2,2026-10-06 03:30:00,2026-10-01 23:00:00,1.0
12.2973065981678,75.56602295093015,0.24256265,0.44522699481137096,0.3945609086085282,Moderate,14.189999820664525,61.01999890431762,116.52999718114734,117.06999718770385,0.14189999820664526,0.4067999926954508,0.3884333239371578,0.29267499296925964,0.4521026611328125,19.070672607421898,99.27101095185556,0.9627123567290752,1351,17.171710968017578,74.8154525756836,-3,0.5,2,2026-10-06 03:30:00,2026-10-01 23:00:00,1.0
12.2973065981678,75.616148943784,0.02793706,0.44522699481137096,0.3409045111085282,Moderate,14.189999820664525,61.01999890431762,116.52999718114734,117.06999718770385,0.14189999820664526,0.4067999926954508,0.3884333239371578,0.29267499296925964,0.4521026611328125,19.070672607421898,99.27101095185556,0.9627123567290752,1071,12.201282501220703,13.289058685302734,17,0.8584356904029846,2,2026-10-06 03:30:00,2026-10-01 23:00:00,1.0
12.2973065981678,75.66600544205264,0.019931486,0.3372609975116948,0.2579286196337711,Moderate,11.489999897778034,29.369999593123794,63.45999858342111,64.36999856680632,0.11489999897778035,0.19579999728749195,0.2115333286114037,0.1609249964170158,0.45941162109375,18.680047607421898,98.66368067508428,0.9181659833785166,910,2.992319107055664,288.0396728515625,-4,0.8726643323898315,8,2026-10-06 03:30:00,2026-10-01 23:00:00,1.0
12.2973065981678,75.71613143490652,0.031795565,0.3372609975116948,0.2608946393837711,Moderate,11.489999897778034,29.369999593123794,63.45999858342111,64.36999856680632,0.11489999897778035,0.19579999728749195,0.2115333286114037,0.1609249964170158,0.45941162109375,18.680047607421898,98.66368067508428,0.9181659833785166,882,10.474143981933594,15.596102714538574,-11,0.8280373811721802,8,2026-10-06 03:30:00,2026-10-01 23:00:00,1.0
12.2973065981678,75.76598793317515,0.12882023,0.33732899732906374,0.28520180549679786,Moderate,13.709999725222588,25.559999557211995,62.54999874718487,65.20999870635569,0.13709999725222588,0.17039999704807995,0.20849999582394957,0.16302499676588922,0.46893310546875,19.096063232421898,97.67358355851734,0.9234942163647792,925,7.990161895751953,216.1690216064453,18,0.8504875302314758,2,2026-10-06 03:30:00,2026-10-01 23:00:00,1.0
12.2973065981678,75.816113926029,0.30071357,0.33732899732906374,0.32817514049679786,Moderate,13.709999725222588,25.559999557211995,62.54999874718487,65.20999870635569,0.13709999725222588,0.17039999704807995,0.20849999582394957,0.16302499676588922,0.46893310546875,19.096063232421898,97.67358355851734,0.9234942163647792,921,7.438331127166748,187.29055786132807,0,0.7988041043281555,2,2026-10-06 03:30:00,2026-10-01 23:00:00,1.0
12.2973065981678,75.91609641715152,0.59860563,0.3693476624613007,0.4266621543459755,Moderate,23.79999932833016,27.129999302327633,60.62999846599996,88.60999821871519,0.2379999932833016,0.18086666201551754,0.20209999488666652,0.22152499554678798,0.397796630859375,19.078485107421898,95.18474775946714,1.0369991939199483,891,10.086424827575684,291.3466796875,9,0.7479608654975891,8,2026-10-06 03:30:00,2026-10-01 23:00:00,1.0
12.2973065981678,75.96622241000537,0.007849213,0.3693476624613007,0.2789730500959755,Moderate,23.79999932833016,27.129999302327633,60.62999846599996,88.60999821871519,0.2379999932833016,0.18086666201551754,0.20209999488666652,0.22152499554678798,0.397796630859375,19.078485107421898,95.18474775946714,1.0369991939199483,910,3.8237967491149902,165.64761352539062,-3,0.4129363894462585,5,2026-10-06 03:30:00,2026-10-01 23:00:00,1.0
12.2973065981678,76.01607890827404,0.053044144,0.31269366365621487,0.24778128374216116,Low,13.50999970920384,13.50999970920384,41.00999875552952,76.90999775379896,0.1350999970920384,0.09006666472802559,0.13669999585176507,0.1922749943844974,0.397796630859375,19.078485107421898,95.18474775946714,1.0369991939199483,948,4.160202026367188,152.8992919921875,-8,0.3746747672557831,4,2026-10-06 03:30:00,2026-10-01 23:00:00,1.0
12.2973065981678,76.06620490112789,0.0083714,0.31269366365621487,0.23661309774216116,Low,13.50999970920384,13.50999970920384,41.00999875552952,76.90999775379896,0.1350999970920384,0.09006666472802559,0.13669999585176507,0.1922749943844974,0.397796630859375,19.078485107421898,95.18474775946714,1.0369991939199483,900,3.3646011352539062,34.306575775146484,7,0.3997677564620971,12,2026-10-06 03:30:00,2026-10-01 23:00:00,1.0
12.2973065981678,76.11606139939653,0.0053094574,0.3038084528682754,0.22918370400120655,Low,31.11999934911728,32.27999931573868,40.58999900333583,72.85999863408506,0.3111999934911728,0.21519999543825785,0.1352999966777861,0.18214999658521264,0.2073516845703125,19.637078857421898,93.98066527344068,1.077995474108443,853,3.8237967491149902,345.6476135253906,6,0.3868471980094909,12,2026-10-06 03:30:00,2026-10-01 23:00:00,0.6911722819010417
12.2973065981678,76.16618739225038,0.0019001097,0.3038084528682754,0.22833136707620655,Low,31.11999934911728,32.27999931573868,40.58999900333583,72.85999863408506,0.3111999934911728,0.21519999543825785,0.1352999966777861,0.18214999658521264,0.2073516845703125,19.637078857421898,93.98066527344068,1.077995474108443,823,2.1120269298553467,63.96319961547852,-1,0.290179967880249,12,2026-10-06 03:30:00,2026-10-01 23:00:00,0.6911722819010417
12.2973065981678,76.21604389051902,0.000757421,0.2948987537644804,0.22136342057336028,Low,30.519999630749226,30.519999630749226,30.519999630749226,75.10999866575003,0.3051999963074923,0.20346666420499485,0.10173333210249742,0.18777499666437505,0.2089996337890625,19.724969482421898,94.82554426182476,1.3124705977075022,817,1.3269232511520386,134.33509826660156,5,0.2383419722318649,12,2026-10-06 03:30:00,2026-10-01 23:00:00,0.6966654459635417
12.2973065981678,76.26616988337287,0.0020741425,0.2948987537644804,0.2216926009483603,Low,30.519999630749226,30.519999630749226,30.519999630749226,75.10999866575003,0.3051999963074923,0.20346666420499485,0.10173333210249742,0.18777499666437505,0.2089996337890625,19.724969482421898,94.82554426182476,1.3124705977075022,795,2.1120269298553467,63.96319961547852,4,0.2410091310739517,12,2026-10-06 03:30:00,2026-10-01 23:00:00,0.6966654459635417
12.2973065981678,76.3160263816415,0.0011658958,0.3033313077435519,0.22778995475766392,Low,27.899999322369695,27.899999322369695,28.149999322369695,90.22999702952802,0.27899999322369695,0.18599999548246463,0.09383333107456565,0.22557499257382005,0.2252044677734375,20.058953857421898,95.1503063309261,1.3103660099257568,812,1.3269232511520386,134.33509826660156,3,0.2165845185518264,12,2026-10-06 03:30:00,2026-10-01 23:00:00,0.7506815592447917
12.2973065981678,76.36615237449541,0.0016476765,0.31866535462172085,0.23941093509129063,Low,28.039999531581998,28.039999531581998,29.80999951250851,88.28999805264175,0.28039999531582,0.18693333021054664,0.09936666504169504,0.22072499513160437,0.2470245361328125,20.230828857421898,95.43419448046488,1.3388536469400891,781,2.1120269298553467,116.03680419921876,13,0.2459724992513656,12,2026-10-06 03:30:00,2026-10-01 23:00:00,0.8234151204427084
12.2973065981678,76.41600887276405,0.0012889268,0.31866535462172085,0.23932124766629065,Low,28.039999531581998,28.039999531581998,29.80999951250851,88.28999805264175,0.28039999531582,0.18693333021054664,0.09936666504169504,0.22072499513160437,0.2470245361328125,20.230828857421898,95.43419448046488,1.3388536469400891,798,5.485004425048828,300.3802490234375,6,0.3041723370552063,12,2026-10-06 03:30:00,2026-10-01 23:00:00,0.8234151204427084
12.2973065981678,76.4661348656179,0.0015042345,0.3539823305331792,0.26586280652488437,Moderate,28.039999531581998,28.039999531581998,29.80999951250851,88.28999805264175,0.28039999531582,0.18693333021054664,0.09936666504169504,0.22072499513160437,0.3232879638671875,20.201531982421898,95.81628658414652,1.391092266260581,817,4.8246917724609375,101.05690002441406,-9,0.2002163231372833,12,2026-10-06 03:30:00,2026-10-01 23:00:00,1.0
12.2973065981678,76.51599136388654,0.0007398718,0.3539823305331792,0.26567171584988436,Moderate,28.039999531581998,28.039999531581998,29.80999951250851,88.28999805264175,0.28039999531582,0.18693333021054664,0.09936666504169504,0.22072499513160437,0.3232879638671875,20.201531982421898,95.81628658414652,1.391092266260581,787,1.3269232511520386,45.66489791870117,-3,0.2659758329391479,12,2026-10-06 03:30:00,2026-10-01 23:00:00,1.0
12.2973065981678,76.56611735674039,0.0005559275,0.28161219527547565,0.21134812833160674,Low,16.979999754577875,16.979999754577875,17.33999975398183,39.44999922066927,0.16979999754577876,0.1131999983638525,0.05779999917993943,0.09862499805167317,0.293914794921875,20.678094482421898,94.6439502532206,1.2317472266423073,779,4.218329906463623,243.96319580078125,-1,0.2091346085071563,12,2026-10-06 03:30:00,2026-10-01 23:00:00,0.9797159830729167
12.2973065981678,76.61597385500903,0.0011144686,0.28161219527547565,0.21148776360660673,Low,16.979999754577875,16.979999754577875,17.33999975398183,39.44999922066927,0.16979999754577876,0.1131999983638525,0.05779999917993943,0.09862499805167317,0.293914794921875,20.678094482421898,94.6439502532206,1.2317472266423073,770,4.722887992858887,11.568441390991213,-3,0.1427748948335647,13,2026-10-06 03:30:00,2026-10-01 23:00:00,0.9797159830729167
12.2973065981678,76.66609984786288,0.001079794,0.2796983641733726,0.2100437216300295,Low,20.529999496415257,20.549999495968223,21.119999488815665,33.209999181330204,0.20529999496415258,0.13699999663978815,0.07039999829605222,0.0830249979533255,0.2748260498046875,21.301141357421898,92.981535800808,1.0271252086222118,742,2.1120269298553467,63.96319961547852,12,0.6240008473396301,12,2026-10-06 03:30:00,2026-10-01 23:00:00,0.9160868326822917
12.2973065981678,76.71622584071679,0.0009882541,0.3488288153896729,0.2618686750672547,Moderate,36.59999890066683,36.59999890066683,36.80999888852239,46.84999867528677,0.3659999890066683,0.24399999267111222,0.12269999629507462,0.11712499668821692,0.27557373046875,21.635125732421898,91.29782838484178,0.9204138679537854,762,0.949184238910675,90.0,-13,0.2353341430425644,12,2026-10-06 03:30:00,2026-10-01 23:00:00,0.9185791015625
12.2973065981678,76.76608233898543,0.0007660719,0.3488288153896729,0.2618131295172547,Moderate,36.59999890066683,36.59999890066683,36.80999888852239,46.84999867528677,0.3659999890066683,0.24399999267111222,0.12269999629507462,0.11712499668821692,0.27557373046875,21.635125732421898,91.29782838484178,0.9204138679537854,713,0.9274099469184875,180.0,8,0.2886523008346557,12,2026-10-06 03:30:00,2026-10-01 23:00:00,0.9185791015625
12.2973065981678,76.81620833183928,0.0007365668,0.46190726222960904,0.34661458837220677,Moderate,65.23999835550785,65.23999835550785,65.69999835081398,73.86999812163413,0.6523999835550786,0.43493332237005233,0.2189999945027133,0.18467499530408532,0.258514404296875,21.885125732421898,89.70795092183866,0.8551494383718218,692,2.8454716205596924,270.0,0,0.2272284030914306,12,2026-10-06 03:30:00,2026-10-01 23:00:00,0.8617146809895834
12.2973065981678,76.86606483010792,0.0012410767,0.46190726222960904,0.3467407158472068,Moderate,65.23999835550785,65.23999835550785,65.69999835081398,73.86999812163413,0.6523999835550786,0.43493332237005233,0.2189999945027133,0.18467499530408532,0.258514404296875,21.885125732421898,89.70795092183866,0.8551494383718218,657,4.998314380645752,157.73614501953125,-3,0.7928268313407898,12,2026-10-06 03:30:00,2026-10-01 23:00:00,0.8617146809895834
12.2973065981678,76.91619082296177,0.0005835693,0.4380782648803666,0.328704590985275,Moderate,60.13999895751476,60.13999895751476,60.769998924806714,65.37999881245196,0.6013999895751476,0.40093332638343177,0.20256666308268906,0.1634499970311299,0.258514404296875,21.885125732421898,89.70795092183866,0.8551494383718218,684,2.6524245738983154,134.33509826660156,-1,0.3303466141223907,12,2026-10-06 03:30:00,2026-10-01 23:00:00,0.8617146809895834
12.2973065981678,76.9660473212304,0.0006258335,0.4380782648803666,0.328715157035275,Moderate,60.13999895751476,60.13999895751476,60.769998924806714,65.37999881245196,0.6013999895751476,0.40093332638343177,0.20256666308268906,0.1634499970311299,0.258514404296875,21.885125732421898,89.70795092183866,0.8551494383718218,670,2.6524245738983154,134.33509826660156,5,0.5428231954574585,12,2026-10-06 03:30:00,2026-10-01 23:00:00,0.8617146809895834
12.2973065981678,77.01617331408426,0.0007630494,0.28978613671778397,0.217530364888338,Low,23.449999883770943,23.449999883770943,25.539999816566706,30.399999702349305,0.23449999883770942,0.15633333255847295,0.08513333272188901,0.07599999925587327,0.2733612060546875,22.523797607421898,86.99794059869619,0.6687739496932416,675,4.696891784667969,233.766342163086,-2,0.2386889159679412,12,2026-10-06 03:30:00,2026-10-01 23:00:00,0.9112040201822917
12.2973065981678,77.0660298123529,0.0007972194,0.28978613671778397,0.21753890738833798,Low,23.449999883770943,23.449999883770943,25.539999816566706,30.399999702349305,0.23449999883770942,0.15633333255847295,0.08513333272188901,0.07599999925587327,0.2733612060546875,22.523797607421898,86.99794059869619,0.6687739496932416,657,3.8237967491149902,165.64761352539062,-4,0.4690736830234527,12,2026-10-06 03:30:00,2026-10-01 23:00:00,0.9112040201822917
12.2973065981678,77.1161558052068,0.001543869,0.2642455935095127,0.19857016238213454,Low,15.989999655634165,15.989999655634165,16.359999660402536,21.389999570325017,0.15989999655634166,0.10659999770422776,0.05453333220134179,0.05347499892581254,0.287139892578125,22.879266357421898,85.52311428505817,0.5986047589147792,619,5.97192907333374,39.31014633178711,-3,0.4463138580322265,12,2026-10-06 03:30:00,2026-10-01 23:00:00,0.9571329752604167
12.2973065981678,77.16601230347544,0.0013232316,0.226970913149789,0.17055899276234177,Low,7.679999949410558,7.68999994918704,7.68999994918704,12.28999986872077,0.07679999949410558,0.0512666663279136,0.0256333331639568,0.030724999671801926,0.2866668701171875,22.748406982421898,85.59251096541445,0.648061212579827,603,5.97192907333374,39.31014633178711,4,0.2388033717870712,12,2026-10-06 03:30:00,2026-10-01 23:00:00,0.9555562337239584
12.2973065981678,77.21613829632929,0.0013467233,0.226970913149789,0.17056486568734175,Low,7.679999949410558,7.68999994918704,7.68999994918704,12.28999986872077,0.07679999949410558,0.0512666663279136,0.0256333331639568,0.030724999671801926,0.2866668701171875,22.748406982421898,85.59251096541445,0.648061212579827,674,15.463371276855469,331.3717346191406,-9,0.4265156686306,12,2026-10-06 03:30:00,2026-10-01 23:00:00,0.9555562337239584
12.2973065981678,77.26599479459793,0.002515234,0.21835699966245642,0.16439655824684232,Low,3.5999999344348907,3.659999931231141,3.659999931231141,8.649999843910336,0.03599999934434891,0.02439999954154094,0.01219999977077047,0.02162499960977584,0.3056793212890625,22.496453857421898,86.59717648278004,0.7720975735224567,516,7.566131591796875,60.82460403442383,9,0.3535403609275818,12,2026-10-06 03:30:00,2026-10-01 23:00:00,1.0
12.2973065981678,77.31612078745178,0.0061053378,0.21835699966245642,0.16529408419684233,Low,3.5999999344348907,3.659999931231141,3.659999931231141,8.649999843910336,0.03599999934434891,0.02439999954154094,0.01219999977077047,0.02162499960977584,0.3056793212890625,22.496453857421898,86.59717648278004,0.7720975735224567,478,11.91970157623291,355.4984130859375,4,0.3928173184394836,10,2026-10-06 03:30:00,2026-10-01 23:00:00,1.0
12.2973065981678,77.36597728572042,0.0023430956,0.2171891936728731,0.1634776691546548,Low,3.5999999344348907,3.659999931231141,3.659999931231141,8.649999843910336,0.03599999934434891,0.02439999954154094,0.01219999977077047,0.02162499960977584,0.298248291015625,22.740594482421898,86.31778812709777,0.8337505872993521,596,12.287266731262209,261.4515075683594,-28,0.3930359780788421,12,2026-10-06 03:30:00,2026-10-01 23:00:00,0.9941609700520834
12.347432591021672,75.06611049531762,0.0041814297,0.35915666430598747,0.2704128556544906,Moderate,0.7299999836832285,55.53999926149845,75.2799988295883,76.45999879203737,0.007299999836832285,0.370266661743323,0.250933329431961,0.1911499969800934,0.3224334716796875,25.551141357421898,92.71599413265588,1.8085050788860444,12,2.0829291343688965,27.10516166687012,7,0.5507559180259705,14,2026-10-06 03:30:00,2026-10-01 23:00:00,1.0
12.347432591021672,75.16609298644013,0.047695983,0.3251029977766797,0.2557512440825098,Moderate,1.0399999804794788,38.57999946177006,61.96999879181385,64.58999871276319,0.010399999804794788,0.25719999641180036,0.2065666626393795,0.16147499678190796,0.3224334716796875,25.551141357421898,92.71599413265588,1.8085050788860444,155,8.677148818969727,257.7521667480469,-6,0.721065104007721,8,2026-10-06 03:30:00,2026-10-01 23:00:00,1.0
12.347432591021672,75.21621897929398,0.053119894,0.5213139899400995,0.4042654659550746,Moderate,9.169999666512012,112.40999653749168,139.79999562352896,142.45999560318887,0.09169999666512013,0.7493999769166112,0.4659999854117632,0.3561499890079722,0.4254608154296875,24.414422607421898,95.057039441853,1.438742991854127,75,7.053916931152344,336.3119812011719,7,0.7791750431060791,8,2026-10-06 03:30:00,2026-10-01 23:00:00,1.0
12.347432591021672,75.26607547756262,0.30845517,0.5213139899400995,0.46809928495507463,Moderate,9.169999666512012,112.40999653749168,139.79999562352896,142.45999560318887,0.09169999666512013,0.7493999769166112,0.4659999854117632,0.3561499890079722,0.4254608154296875,24.414422607421898,95.057039441853,1.438742991854127,165,19.59351348876953,236.9259796142578,13,0.7136854529380798,8,2026-10-06 03:30:00,2026-10-01 23:00:00,1.0
12.347432591021672,75.3162014704165,0.1854198,0.5359006596062954,0.44828044470472156,Moderate,11.27999983355403,106.8099976181984,152.14999681711197,155.3799967188388,0.11279999833554029,0.7120666507879893,0.5071666560570399,0.38844999179709705,0.446319580078125,23.512078857421898,96.85249073126153,1.107769738433229,111,18.013442993164062,246.53126525878903,-12,0.7120963335037231,8,2026-10-06 03:30:00,2026-10-01 23:00:00,1.0
12.347432591021672,75.36605796868514,0.2368177,0.5359006596062954,0.46112991970472156,Moderate,11.27999983355403,106.8099976181984,152.14999681711197,155.3799967188388,0.11279999833554029,0.7120666507879893,0.5071666560570399,0.38844999179709705,0.446319580078125,23.512078857421898,96.85249073126153,1.107769738433229,171,14.70210075378418,337.7322998046875,3,0.6635016798973083,2,2026-10-06 03:30:00,2026-10-01 23:00:00,1.0
12.347432591021672,75.41618396153899,0.8780572,0.4919823270115381,0.5885010452586537,High,13.719999730587006,85.93999811261892,131.75999715179205,134.9299970176071,0.13719999730587007,0.5729333207507928,0.4391999905059735,0.3373249925440177,0.4658355712890625,21.965203857421898,99.12117500377973,0.88915531530084,626,45.62284851074219,183.7187347412109,38,0.7979510426521301,2,2026-10-06 03:30:00,2026-10-01 23:00:00,1.0
12.347432591021672,75.46604045980763,0.034860507,0.4638636606771499,0.3566128722578625,Moderate,15.429999619722366,70.47999848239124,121.09999723546207,121.88999720290303,0.15429999619722368,0.4698666565492749,0.40366665745154023,0.3047249930072576,0.4718780517578125,20.668328857421898,99.42333399549476,0.8668273618509336,332,13.295510292053224,294.2688293457031,5,0.826137363910675,2,2026-10-06 03:30:00,2026-10-01 23:00:00,1.0
12.347432591021672,75.51616645266151,0.2470105,0.4638636606771499,0.40965037050786246,Moderate,15.429999619722366,70.47999848239124,121.09999723546207,121.88999720290303,0.15429999619722368,0.4698666565492749,0.40366665745154023,0.3047249930072576,0.4718780517578125,20.668328857421898,99.42333399549476,0.8668273618509336,992,17.112361907958984,161.1590118408203,-18,0.5488524436950684,8,2026-10-06 03:30:00,2026-10-01 23:00:00,1.0
12.347432591021672,75.56602295093015,0.017670427,0.4638636606771499,0.3523153522578625,Moderate,15.429999619722366,70.47999848239124,121.09999723546207,121.88999720290303,0.15429999619722368,0.4698666565492749,0.40366665745154023,0.3047249930072576,0.463775634765625,19.515985107421898,99.46658322707124,0.854428292442197,910,4.666934967041016,142.48440551757812,14,0.2914083302021026,8,2026-10-06 03:30:00,2026-10-01 23:00:00,1.0
12.347432591021672,75.616148943784,0.044235278,0.4638636606771499,0.35895656500786244,Moderate,15.429999619722366,70.47999848239124,121.09999723546207,121.88999720290303,0.15429999619722368,0.4698666565492749,0.40366665745154023,0.3047249930072576,0.463775634765625,19.515985107421898,99.46658322707124,0.854428292442197,904,7.305797100067139,129.14756774902344,26,0.8242061734199524,8,2026-10-06 03:30:00,2026-10-01 23:00:00,1.0
12.347432591021672,75.66600544205264,0.088602744,0.3811309959950547,0.307998932996291,Moderate,20.84999953210354,40.79999936558306,72.2699981611222,76.1899981573224,0.2084999953210354,0.2719999957705537,0.24089999387040734,0.190474995393306,0.466644287109375,18.683953857421898,98.99009362159194,0.7884506887291028,923,5.969430446624756,288.03643798828125,-1,0.7828709483146667,2,2026-10-06 03:30:00,2026-10-01 23:00:00,1.0
12.347432591021672,75.71613143490652,0.15706271,0.3811309959950547,0.325113924496291,Moderate,20.84999953210354,40.79999936558306,72.2699981611222,76.1899981573224,0.2084999953210354,0.2719999957705537,0.24089999387040734,0.190474995393306,0.466644287109375,18.683953857421898,98.99009362159194,0.7884506887291028,1032,9.242371559143066,354.1551208496094,-47,0.8380281925201416,2,2026-10-06 03:30:00,2026-10-01 23:00:00,1.0
12.347432591021672,75.76598793317515,0.012365718,0.33874666222073135,0.25715142616554854,Moderate,15.84999954327941,25.449999192729592,58.69999803043902,65.87999780848622,0.15849999543279408,0.16966666128486396,0.19566666010146339,0.16469999452121556,0.4668121337890625,19.685906982421898,95.9169693157852,0.6712778679026994,945,2.112353563308716,63.967529296875,6,0.794460654258728,8,2026-10-06 03:30:00,2026-10-01 23:00:00,1.0
12.347432591021672,75.816113926029,0.70041525,0.33874666222073135,0.4291638091655485,Moderate,15.84999954327941,25.449999192729592,58.69999803043902,65.87999780848622,0.15849999543279408,0.16966666128486396,0.19566666010146339,0.16469999452121556,0.4668121337890625,19.685906982421898,95.9169693157852,0.6712778679026994,982,12.45277500152588,102.70389556884766,13,0.6052538156509399,8,2026-10-06 03:30:00,2026-10-01 23:00:00,1.0
12.347432591021672,75.91609641715152,0.10241717,0.4011953296871235,0.32650078976534264,Moderate,34.33999950438738,34.93999948725104,64.16999858245254,87.8199980519712,0.3433999950438738,0.23293332991500695,0.2138999952748418,0.21954999512992798,0.3903045654296875,20.570672607421898,90.78702121105007,0.6387539968578764,885,6.7065606117248535,325.6883239746094,0,0.7375101447105408,4,2026-10-06 03:30:00,2026-10-01 23:00:00,1.0
12.347432591021672,75.96622241000537,0.2991502,0.4011953296871235,0.3756840472653426,Moderate,34.33999950438738,34.93999948725104,64.16999858245254,87.8199980519712,0.3433999950438738,0.23293332991500695,0.2138999952748418,0.21954999512992798,0.3903045654296875,20.570672607421898,90.78702121105007,0.6387539968578764,970,12.28950023651123,81.453125,2,0.4202544391155243,4,2026-10-06 03:30:00,2026-10-01 23:00:00,1.0
12.347432591021672,76.01607890827404,0.017230427,0.3798199959445745,0.2891726037084309,Moderate,30.499999314546585,30.77999929524958,54.0099987629801,85.559998113662,0.30499999314546583,0.20519999530166388,0.18003332920993367,0.21389999528415501,0.3903045654296875,20.570672607421898,90.78702121105007,0.6387539968578764,904,1.3270533084869385,45.670387268066406,-1,0.2426988929510116,12,2026-10-06 03:30:00,2026-10-01 23:00:00,1.0
12.347432591021672,76.06620490112789,0.007730105,0.3798199959445745,0.2867975232084309,Moderate,30.499999314546585,30.77999929524958,54.0099987629801,85.559998113662,0.30499999314546583,0.20519999530166388,0.18003332920993367,0.21389999528415501,0.3903045654296875,20.570672607421898,90.78702121105007,0.6387539968578764,859,3.3648056983947754,325.6883239746094,-2,0.2261904776096344,12,2026-10-06 03:30:00,2026-10-01 23:00:00,1.0
12.347432591021672,76.11606139939653,0.0029120108,0.3343489717975259,0.2514897315481444,Moderate,26.40999937802553,26.40999937802553,37.33999898284674,84.78999851644039,0.26409999378025534,0.17606666252017023,0.12446666327615578,0.21197499629110098,0.271636962890625,20.137078857421898,91.9406676584634,0.8778543516565329,849,3.823841571807861,194.3550262451172,10,0.2051397711038589,12,2026-10-06 03:30:00,2026-10-01 23:00:00,0.90545654296875
12.347432591021672,76.16618739225038,0.0014506101,0.3343489717975259,0.2511243813731444,Moderate,26.40999937802553,26.40999937802553,37.33999898284674,84.78999851644039,0.26409999378025534,0.17606666252017023,0.12446666327615578,0.21197499629110098,0.271636962890625,20.137078857421898,91.9406676584634,0.8778543516565329,855,2.112353563308716,116.032470703125,1,0.4561462998390198,12,2026-10-06 03:30:00,2026-10-01 23:00:00,0.90545654296875
12.347432591021672,76.21604389051902,0.0015257254,0.26518853797204794,0.19927283482903593,Low,19.949999667704105,19.949999667704105,20.08999966457486,65.54999909177423,0.19949999667704105,0.13299999778469404,0.06696666554858287,0.16387499772943556,0.2327423095703125,19.918328857421898,93.91297897214848,1.2266021377548273,845,2.652684450149536,45.670387268066406,-7,0.309695303440094,12,2026-10-06 03:30:00,2026-10-01 23:00:00,0.7758076985677084
12.347432591021672,76.26616988337287,0.0016489782,0.26518853797204794,0.19930364802903594,Low,19.949999667704105,19.949999667704105,20.08999966457486,65.54999909177423,0.19949999667704105,0.13299999778469404,0.06696666554858287,0.16387499772943556,0.2327423095703125,19.918328857421898,93.91297897214848,1.2266021377548273,791,2.0829291343688965,207.10516357421875,-1,0.3631079792976379,12,2026-10-06 03:30:00,2026-10-01 23:00:00,0.7758076985677084
12.347432591021672,76.3160263816415,0.0010075152,0.2549354598628978,0.19145347369717333,Low,17.449999578297138,17.449999578297138,17.64999956637621,51.239998526871204,0.17449999578297137,0.11633333052198092,0.0588333318879207,0.128099996317178,0.242523193359375,20.244500732421898,94.8108823696686,1.2798829739687838,784,3.3951539993286133,236.9259796142578,0,0.433506041765213,12,2026-10-06 03:30:00,2026-10-01 23:00:00,0.80841064453125
12.347432591021672,76.36615237449541,0.001976407,0.23864763192553073,0.17947982569414805,Low,9.909999780356884,9.909999780356884,11.119999699294567,35.98999875225127,0.09909999780356885,0.06606666520237922,0.037066665664315226,0.08997499688062817,0.2720489501953125,20.310906982421898,95.87780638346652,1.2990145615597968,800,3.3648056983947754,34.31168746948242,9,0.2201199829578399,12,2026-10-06 03:30:00,2026-10-01 23:00:00,0.906829833984375
12.347432591021672,76.41600887276405,0.00071898394,0.23864763192553073,0.17916546992914806,Low,9.909999780356884,9.909999780356884,11.119999699294567,35.98999875225127,0.09909999780356885,0.06606666520237922,0.037066665664315226,0.08997499688062817,0.2720489501953125,20.310906982421898,95.87780638346652,1.2990145615597968,794,2.112353563308716,116.032470703125,6,0.1858691275119781,12,2026-10-06 03:30:00,2026-10-01 23:00:00,0.906829833984375
12.347432591021672,76.4661348656179,0.00062907056,0.23197445484219742,0.17413810877164806,Low,9.909999780356884,9.909999780356884,11.119999699294567,35.98999875225127,0.09909999780356885,0.06606666520237922,0.037066665664315226,0.08997499688062817,0.2620391845703125,20.377313232421898,96.33397901270806,1.3834566500612775,802,0.0,0.0,-3,0.288233608007431,12,2026-10-06 03:30:00,2026-10-01 23:00:00,0.8734639485677084
12.347432591021672,76.51599136388654,0.00061588734,0.23197445484219742,0.17413481296664807,Low,9.909999780356884,9.909999780356884,11.119999699294567,35.98999875225127,0.09909999780356885,0.06606666520237922,0.037066665664315226,0.08997499688062817,0.2620391845703125,20.377313232421898,96.33397901270806,1.3834566500612775,833,4.160367012023926,207.10516357421875,-1,0.3935876190662384,12,2026-10-06 03:30:00,2026-10-01 23:00:00,0.8734639485677084
12.347432591021672,76.56611735674039,0.00057619944,0.22491998392647755,0.16883403780485817,Low,7.849999917671084,7.849999917671084,8.019999919459224,20.859999736770988,0.07849999917671084,0.0523333327844739,0.02673333306486408,0.05214999934192747,0.2760009765625,20.762078857421898,95.45216685097644,1.2219713308307676,817,3.823841571807861,165.6449737548828,-3,0.2371705919504165,12,2026-10-06 03:30:00,2026-10-01 23:00:00,0.9200032552083334
12.347432591021672,76.61597385500903,0.0010903698,0.22491998392647755,0.16896258039485818,Low,7.849999917671084,7.849999917671084,8.019999919459224,20.859999736770988,0.07849999917671084,0.0523333327844739,0.02673333306486408,0.05214999934192747,0.2760009765625,20.762078857421898,95.45216685097644,1.2219713308307676,775,6.733266353607178,196.3031311035156,-6,0.124136783182621,13,2026-10-06 03:30:00,2026-10-01 23:00:00,0.9200032552083334
12.347432591021672,76.66609984786288,0.0009967174,0.27842548448226107,0.20906829271169577,Low,19.819999486207962,19.95999948680401,20.17999948002398,35.26999898813665,0.19819999486207962,0.13306666324536007,0.06726666493341327,0.08817499747034162,0.27557373046875,21.264031982421898,93.48645629234554,1.0883636526770857,723,3.704791784286499,180.0,3,0.3164207935333252,14,2026-10-06 03:30:00,2026-10-01 23:00:00,0.9185791015625
12.347432591021672,76.71622584071679,0.00058059895,0.3563006994469713,0.2673706743227285,Moderate,36.81999865360558,36.94999864883721,37.62999863550067,65.03999788686633,0.3681999865360558,0.2463333243255814,0.12543332878500224,0.16259999471716582,0.27093505859375,21.428094482421898,92.1385233526394,1.0130776207167755,735,2.9928367137908936,288.03643798828125,9,0.1966864019632339,12,2026-10-06 03:30:00,2026-10-01 23:00:00,0.9031168619791667
12.347432591021672,76.76608233898543,0.0013392919,0.3563006994469713,0.26756034756022845,Moderate,36.81999865360558,36.94999864883721,37.62999863550067,65.03999788686633,0.3681999865360558,0.2463333243255814,0.12543332878500224,0.16259999471716582,0.27093505859375,21.428094482421898,92.1385233526394,1.0130776207167755,678,4.825578212738037,258.9451599121094,-10,0.3013589084148407,12,2026-10-06 03:30:00,2026-10-01 23:00:00,0.9031168619791667
12.347432591021672,76.81620833183928,0.000963093,0.31352012815177444,0.23538086936383082,Low,27.739999789744616,27.739999789744616,29.909999791532755,58.47999881207943,0.2773999978974462,0.18493333193163078,0.09969999930510919,0.14619999703019856,0.2629241943359375,21.307000732421898,92.07589571893676,1.05035837894699,661,2.7802884578704834,0.0,10,0.5507845282554626,12,2026-10-06 03:30:00,2026-10-01 23:00:00,0.8764139811197917
12.347432591021672,76.86606483010792,0.0006258359,0.31352012815177444,0.23529655508883082,Low,27.739999789744616,27.739999789744616,29.909999791532755,58.47999881207943,0.2773999978974462,0.18493333193163078,0.09969999930510919,0.14619999703019856,0.2629241943359375,21.307000732421898,92.07589571893676,1.05035837894699,679,4.666934967041016,322.4844055175781,-1,0.6811750531196594,12,2026-10-06 03:30:00,2026-10-01 23:00:00,0.8764139811197917
12.347432591021672,76.91619082296177,0.00095230056,0.3403237907608351,0.2554809182106263,Moderate,36.879998767748475,36.89999876730144,38.06999874301255,42.92999864369631,0.36879998767748473,0.2459999917820096,0.12689999581004183,0.10732499660924077,0.2629241943359375,21.307000732421898,92.07589571893676,1.05035837894699,714,3.704791784286499,180.0,-11,0.2392370551824569,12,2026-10-06 03:30:00,2026-10-01 23:00:00,0.8764139811197917
12.347432591021672,76.9660473212304,0.00081820646,0.3403237907608351,0.2554473946856263,Moderate,36.879998767748475,36.89999876730144,38.06999874301255,42.92999864369631,0.36879998767748473,0.2459999917820096,0.12689999581004183,0.10732499660924077,0.2629241943359375,21.307000732421898,92.07589571893676,1.05035837894699,668,1.3270533084869385,45.670387268066406,5,0.6034838557243347,12,2026-10-06 03:30:00,2026-10-01 23:00:00,0.8764139811197917
12.347432591021672,77.01617331408426,0.0012595179,0.26936429847603044,0.20233810333202282,Low,20.589999640360475,20.589999640360475,20.97999962605536,26.559999495744705,0.20589999640360473,0.13726666426906983,0.0699333320868512,0.06639999873936177,0.2642364501953125,21.650750732421898,91.0015503822502,0.9859918287515148,637,4.666934967041016,37.515586853027344,4,0.3360902965068817,12,2026-10-06 03:30:00,2026-10-01 23:00:00,0.8807881673177084
12.347432591021672,77.0660298123529,0.0010412253,0.26936429847603044,0.2022835301820228,Low,20.589999640360475,20.589999640360475,20.97999962605536,26.559999495744705,0.20589999640360473,0.13726666426906983,0.0699333320868512,0.06639999873936177,0.2642364501953125,21.650750732421898,91.0015503822502,0.9859918287515148,628,7.167496204376221,247.28298950195312,-4,0.2168544381856918,12,2026-10-06 03:30:00,2026-10-01 23:00:00,0.8807881673177084
12.347432591021672,77.1161558052068,0.001726275,0.32228057240763064,0.24214199805572298,Low,32.079999316483736,32.079999316483736,32.13999931514263,37.899999061599374,0.32079999316483737,0.21386666210989158,0.10713333105047544,0.09474999765399844,0.26885986328125,22.340203857421898,88.6453298695153,0.850941563115591,635,6.464860916137695,180.0,-7,0.2511973083019256,12,2026-10-06 03:30:00,2026-10-01 23:00:00,0.8961995442708334
12.347432591021672,77.16601230347544,0.0007332101,0.26100047392646475,0.19593365796984857,Low,15.169999860227108,15.169999860227108,15.169999860227108,22.829999715089798,0.15169999860227107,0.10113333240151405,0.050566666200757025,0.0570749992877245,0.2863922119140625,22.168328857421898,88.69565163698812,0.8912643933871767,613,2.0829291343688965,332.89483642578125,6,0.4255166351795196,12,2026-10-06 03:30:00,2026-10-01 23:00:00,0.9546407063802084
12.347432591021672,77.21613829632929,0.0009803094,0.26100047392646475,0.19599543279484857,Low,15.169999860227108,15.169999860227108,15.169999860227108,22.829999715089798,0.15169999860227107,0.10113333240151405,0.050566666200757025,0.0570749992877245,0.2863922119140625,22.168328857421898,88.69565163698812,0.8912643933871767,592,2.8460161685943604,90.0,-2,0.2445718795061111,12,2026-10-06 03:30:00,2026-10-01 23:00:00,0.9546407063802084
12.347432591021672,77.26599479459793,0.0013362349,0.23323718105064087,0.17526194451298066,Low,7.479999873787165,7.729999868199229,7.729999868199229,16.439999816939235,0.07479999873787165,0.051533332454661525,0.025766666227330762,0.04109999954234809,0.2934417724609375,21.769891357421898,88.88920792310725,1.0373696309758964,641,8.740192413330078,327.388916015625,-5,0.6491021513938904,4,2026-10-06 03:30:00,2026-10-01 23:00:00,0.9781392415364584
12.347432591021672,77.31612078745178,0.031130467,0.23323718105064087,0.18271050253798066,Low,7.479999873787165,7.729999868199229,7.729999868199229,16.439999816939235,0.07479999873787165,0.051533332454661525,0.025766666227330762,0.04109999954234809,0.2934417724609375,21.769891357421898,88.88920792310725,1.0373696309758964,825,35.666969299316406,247.45327758789065,-7,0.4743048250675201,10,2026-10-06 03:30:00,2026-10-01 23:00:00,0.9781392415364584
12.347432591021672,77.36597728572042,0.0008099886,0.23642118170168255,0.17751838342626192,Low,7.479999873787165,7.729999868199229,7.729999868199229,16.439999816939235,0.07479999873787165,0.051533332454661525,0.025766666227330762,0.04109999954234809,0.2982177734375,21.734735107421898,88.68213230649789,1.081900483899454,792,4.825578212738037,281.0548400878906,-3,0.5109167695045471,12,2026-10-06 03:30:00,2026-10-01 23:00:00,0.9940592447916667
12.397289089290304,75.01598450246374,0.00078785775,0.392794326621977,0.2947927094039828,Moderate,0.9199999757111073,68.38999757170677,89.89999689534307,92.16999682225287,0.009199999757111072,0.4559333171447118,0.2996666563178102,0.23042499205563216,0.3224334716796875,25.551141357421898,92.71599413265588,1.8085050788860444,0,0.0,0.0,0,-0.2351832389831543,17,2026-10-06 03:30:00,2026-10-01 23:00:00,1.0
12.397289089290304,75.06611049531762,0.0059948405,0.392794326621977,0.2960944550914828,Moderate,0.9199999757111073,68.38999757170677,89.89999689534307,92.16999682225287,0.009199999757111072,0.4559333171447118,0.2996666563178102,0.23042499205563216,0.3224334716796875,25.551141357421898,92.71599413265588,1.8085050788860444,21,3.975866079330444,45.67583847045898,-1,0.8031662106513977,14,2026-10-06 03:30:00,2026-10-01 23:00:00,1.0
12.397289089290304,75.16609298644013,0.3842325,0.33095966249369085,0.34427787187026815,Moderate,0.7099999561905861,39.69999865628779,66.40999797545373,68.1299979351461,0.007099999561905861,0.2646666577085853,0.2213666599181791,0.17032499483786523,0.3224334716796875,25.551141357421898,92.71599413265588,1.8085050788860444,89,15.804978370666504,13.54510498046875,37,0.7719399333000183,8,2026-10-06 03:30:00,2026-10-01 23:00:00,1.0
12.397289089290304,75.21621897929398,0.2130972,0.40326066266397637,0.3557197969979823,Moderate,9.099999714642763,54.90999856591225,93.39999856799841,103.53999848663807,0.09099999714642763,0.36606665710608166,0.3113333285599947,0.25884999621659516,0.4254608154296875,24.414422607421898,95.057039441853,1.438742991854127,170,24.738887786865234,169.6387939453125,3,0.80193692445755,8,2026-10-06 03:30:00,2026-10-01 23:00:00,1.0
12.397289089290304,75.26607547756262,0.6182552,0.40326066266397637,0.4570092969979823,Moderate,9.099999714642763,54.90999856591225,93.39999856799841,103.53999848663807,0.09099999714642763,0.36606665710608166,0.3113333285599947,0.25884999621659516,0.4254608154296875,24.414422607421898,95.057039441853,1.438742991854127,330,20.715377807617188,190.0965576171875,-8,0.7273501753807068,8,2026-10-06 03:30:00,2026-10-01 23:00:00,1.0
12.397289089290304,75.3162014704165,0.09866188,0.5022156604485586,0.40132721533641896,Moderate,11.529999930411577,68.94999891892076,154.12999633327127,164.60999601520598,0.11529999930411577,0.4596666594594717,0.5137666544442375,0.41152499003801496,0.446319580078125,23.512078857421898,96.85249073126153,1.107769738433229,248,13.136404037475586,128.6284942626953,11,0.8090830445289612,8,2026-10-06 03:30:00,2026-10-01 23:00:00,1.0
12.397289089290304,75.36605796868514,0.43103355,0.5022156604485586,0.48442013283641894,Moderate,11.529999930411577,68.94999891892076,154.12999633327127,164.60999601520598,0.11529999930411577,0.4596666594594717,0.5137666544442375,0.41152499003801496,0.446319580078125,23.512078857421898,96.85249073126153,1.107769738433229,354,19.306245803833008,251.1275787353516,18,0.7456515431404114,8,2026-10-06 03:30:00,2026-10-01 23:00:00,1.0
12.397289089290304,75.41618396153899,0.15648077,0.40569066287161165,0.3433881896537087,Moderate,6.289999958127737,41.28999939933419,111.90999763086438,119.07999764941633,0.06289999958127737,0.27526666266222793,0.3730333254362146,0.2976999941235408,0.4658355712890625,21.965203857421898,99.12117500377973,0.88915531530084,646,16.890560150146484,143.09927368164062,21,0.8777196407318115,2,2026-10-06 03:30:00,2026-10-01 23:00:00,1.0
12.397289089290304,75.46604045980763,0.744232,0.341275329606918,0.4420144972051885,Moderate,5.869999894872308,37.15999889560044,68.55999821610749,70.09999817796052,0.058699998948723076,0.24773332597066958,0.22853332738702495,0.17524999544490127,0.4718780517578125,20.668328857421898,99.42333399549476,0.8668273618509336,1216,34.67445755004883,259.2103881835937,10,0.7775493264198303,8,2026-10-06 03:30:00,2026-10-01 23:00:00,1.0
12.397289089290304,75.51616645266151,0.04135035,0.341275329606918,0.2662940847051885,Moderate,5.869999894872308,37.15999889560044,68.55999821610749,70.09999817796052,0.058699998948723076,0.24773332597066958,0.22853332738702495,0.17524999544490127,0.4718780517578125,20.668328857421898,99.42333399549476,0.8668273618509336,928,22.099592208862305,4.682639122009277,11,0.8451465964317322,8,2026-10-06 03:30:00,2026-10-01 23:00:00,1.0
12.397289089290304,75.56602295093015,0.024924072,0.341275329606918,0.26218751520518846,Moderate,5.869999894872308,37.15999889560044,68.55999821610749,70.09999817796052,0.058699998948723076,0.24773332597066958,0.22853332738702495,0.17524999544490127,0.463775634765625,19.515985107421898,99.46658322707124,0.854428292442197,901,4.667263031005859,217.52085876464844,5,0.6189579367637634,8,2026-10-06 03:30:00,2026-10-01 23:00:00,1.0
12.397289089290304,75.616148943784,0.08198885,0.341275329606918,0.27645370970518846,Moderate,5.869999894872308,37.15999889560044,68.55999821610749,70.09999817796052,0.058699998948723076,0.24773332597066958,0.22853332738702495,0.17524999544490127,0.463775634765625,19.515985107421898,99.46658322707124,0.854428292442197,991,11.599145889282228,198.8443298339844,-6,0.8175397515296936,2,2026-10-06 03:30:00,2026-10-01 23:00:00,1.0
12.397289089290304,75.66600544205264,0.32560477,0.3782366627893721,0.3650786895920291,Moderate,14.04999977722764,43.629999252036214,77.7599979955703,82.77999793924391,0.1404999977722764,0.29086666168024145,0.2591999933185677,0.20694999484810978,0.466644287109375,18.683953857421898,98.99009362159194,0.7884506887291028,1136,19.98705101013184,207.10958862304688,-1,0.6412047147750854,2,2026-10-06 03:30:00,2026-10-01 23:00:00,1.0
12.397289089290304,75.71613143490652,0.19579248,0.3782366627893721,0.3326256170920291,Moderate,14.04999977722764,43.629999252036214,77.7599979955703,82.77999793924391,0.1404999977722764,0.29086666168024145,0.2591999933185677,0.20694999484810978,0.466644287109375,18.683953857421898,98.99009362159194,0.7884506887291028,1011,20.878353118896484,192.5484161376953,2,0.8433213829994202,2,2026-10-06 03:30:00,2026-10-01 23:00:00,1.0
12.397289089290304,75.76598793317515,0.088557936,0.3868016618580247,0.3122407303935185,Moderate,22.089999336749315,39.90999909117818,72.16999816708267,84.62999790720642,0.22089999336749316,0.2660666606078545,0.24056666055694223,0.21157499476801603,0.4668121337890625,19.685906982421898,95.9169693157852,0.6712778679026994,1113,8.037449836730957,110.11556243896484,-8,0.852315366268158,2,2026-10-06 03:30:00,2026-10-01 23:00:00,1.0
12.397289089290304,75.816113926029,0.057758972,0.3868016618580247,0.30454098939351854,Moderate,22.089999336749315,39.90999909117818,72.16999816708267,84.62999790720642,0.22089999336749316,0.2660666606078545,0.24056666055694223,0.21157499476801603,0.4668121337890625,19.685906982421898,95.9169693157852,0.6712778679026994,958,5.972838401794434,320.6791076660156,1,0.7397412061691284,8,2026-10-06 03:30:00,2026-10-01 23:00:00,1.0
12.397289089290304,75.91609641715152,0.0279622,0.5456769910798098,0.41624829330985735,Moderate,64.0599982496351,66.0899982303381,104.41999762319028,127.0499967392534,0.640599982496351,0.440599988202254,0.34806665874396764,0.31762499184813353,0.3903045654296875,20.570672607421898,90.78702121105007,0.6387539968578764,879,2.652942419052124,314.3241577148437,-6,0.4909090995788574,4,2026-10-06 03:30:00,2026-10-01 23:00:00,1.0
12.397289089290304,75.96622241000537,0.25772256,0.5456769910798098,0.47368838330985735,Moderate,64.0599982496351,66.0899982303381,104.41999762319028,127.0499967392534,0.640599982496351,0.440599988202254,0.34806665874396764,0.31762499184813353,0.3903045654296875,20.570672607421898,90.78702121105007,0.6387539968578764,887,8.497895240783691,347.1818542480469,-3,0.4651238620281219,8,2026-10-06 03:30:00,2026-10-01 23:00:00,1.0
12.397289089290304,76.01607890827404,0.016947113,0.4704336591782048,0.3570620226336536,Moderate,47.769998747855425,48.039998738095164,81.5199978183955,116.8699962142855,0.47769998747855424,0.3202666582539678,0.27173332606131834,0.2921749905357137,0.3903045654296875,20.570672607421898,90.78702121105007,0.6387539968578764,897,3.395606756210327,303.06903076171875,-1,0.2676384747028351,12,2026-10-06 03:30:00,2026-10-01 23:00:00,1.0
12.397289089290304,76.06620490112789,0.004231059,0.4704336591782048,0.3538830091336536,Moderate,47.769998747855425,48.039998738095164,81.5199978183955,116.8699962142855,0.47769998747855424,0.3202666582539678,0.27173332606131834,0.2921749905357137,0.3903045654296875,20.570672607421898,90.78702121105007,0.6387539968578764,895,3.904075860977173,256.2785339355469,1,0.2279163897037506,12,2026-10-06 03:30:00,2026-10-01 23:00:00,1.0
12.397289089290304,76.11606139939653,0.0023204156,0.4265166358300795,0.3204675807725596,Moderate,45.94999887794256,45.94999887794256,60.53999839350581,112.15999725833535,0.4594999887794256,0.3063333258529504,0.20179999464501938,0.28039999314583836,0.271636962890625,20.137078857421898,91.9406676584634,0.8778543516565329,861,3.823886394500733,194.35763549804688,9,0.3675496578216553,12,2026-10-06 03:30:00,2026-10-01 23:00:00,0.90545654296875
12.397289089290304,76.16618739225038,0.0020986353,0.4265166358300795,0.3204121356975596,Moderate,45.94999887794256,45.94999887794256,60.53999839350581,112.15999725833535,0.4594999887794256,0.3063333258529504,0.20179999464501938,0.28039999314583836,0.271636962890625,20.137078857421898,91.9406676584634,0.8778543516565329,898,2.112678050994873,243.97183227539065,3,0.3386433720588684,12,2026-10-06 03:30:00,2026-10-01 23:00:00,0.90545654296875
12.397289089290304,76.21604389051902,0.0011988648,0.22492187170603625,0.16899111997952718,Low,12.199999768286943,12.199999768286943,15.439999731257558,39.98999916948378,0.12199999768286944,0.08133333178857963,0.051466665770858525,0.09997499792370945,0.2327423095703125,19.918328857421898,93.91297897214848,1.2266021377548273,847,4.219626426696777,243.97183227539065,-7,0.2375591099262237,12,2026-10-06 03:30:00,2026-10-01 23:00:00,0.7758076985677084
12.397289089290304,76.26616988337287,0.0034998395,0.22492187170603625,0.16956636365452718,Low,12.199999768286943,12.199999768286943,15.439999731257558,39.98999916948378,0.12199999768286944,0.08133333178857963,0.051466665770858525,0.09997499792370945,0.2327423095703125,19.918328857421898,93.91297897214848,1.2266021377548273,813,1.854334115982056,180.0,-5,0.5935093760490417,12,2026-10-06 03:30:00,2026-10-01 23:00:00,0.7758076985677084
12.397289089290304,76.3160263816415,0.0013004043,0.18293379497217635,0.13752544730413227,Low,3.93999988399446,3.93999988399446,3.9799998831003904,11.969999697059393,0.0393999988399446,0.0262666658932964,0.013266666277001302,0.029924999242648482,0.242523193359375,20.244500732421898,94.8108823696686,1.2798829739687838,810,1.854334115982056,180.0,0,0.3021686673164367,12,2026-10-06 03:30:00,2026-10-01 23:00:00,0.80841064453125
12.397289089290304,76.36615237449541,0.001255521,0.19780363308905313,0.14866660506678986,Low,3.159999940544367,3.159999940544367,3.2399999387562275,8.309999713674188,0.03159999940544367,0.02106666627029578,0.010799999795854092,0.02077499928418547,0.2720489501953125,20.310906982421898,95.87780638346652,1.2990145615597968,785,2.846557140350342,270.0,8,0.2889299988746643,12,2026-10-06 03:30:00,2026-10-01 23:00:00,0.906829833984375
12.397289089290304,76.41600887276405,0.0007896003,0.19780363308905313,0.14855012489178984,Low,3.159999940544367,3.159999940544367,3.2399999387562275,8.309999713674188,0.03159999940544367,0.02106666627029578,0.010799999795854092,0.02077499928418547,0.2720489501953125,20.310906982421898,95.87780638346652,1.2990145615597968,776,1.3271825313568115,134.32415771484375,1,0.1685092151165008,12,2026-10-06 03:30:00,2026-10-01 23:00:00,0.906829833984375
12.397289089290304,76.4661348656179,0.00074195786,0.19113045600571982,0.14353333146928984,Low,3.159999940544367,3.159999940544367,3.2399999387562275,8.309999713674188,0.03159999940544367,0.02106666627029578,0.010799999795854092,0.02077499928418547,0.2620391845703125,20.377313232421898,96.33397901270806,1.3834566500612775,754,2.0830113887786865,27.10958671569824,6,0.201764702796936,12,2026-10-06 03:30:00,2026-10-01 23:00:00,0.8734639485677084
12.397289089290304,76.51599136388654,0.00076478603,0.19113045600571982,0.14353903851178984,Low,3.159999940544367,3.159999940544367,3.2399999387562275,8.309999713674188,0.03159999940544367,0.02106666627029578,0.010799999795854092,0.02077499928418547,0.2620391845703125,20.377313232421898,96.33397901270806,1.3834566500612775,796,4.826458930969238,258.9472045898437,1,0.1684707254171371,12,2026-10-06 03:30:00,2026-10-01 23:00:00,0.8734639485677084
12.397289089290304,76.56611735674039,0.0006892965,0.19740431738259895,0.1482255621619492,Low,2.28999993391335,2.28999993391335,2.4699999261647463,8.809999871999025,0.0228999993391335,0.015266666226089,0.00823333308721582,0.02202499967999756,0.2760009765625,20.762078857421898,95.45216685097644,1.2219713308307676,785,5.486555099487305,239.62928771972656,-1,0.1849638968706131,12,2026-10-06 03:30:00,2026-10-01 23:00:00,0.9200032552083334
12.397289089290304,76.61597385500903,0.0007262781,0.19740431738259895,0.1482348075619492,Low,2.28999993391335,2.28999993391335,2.4699999261647463,8.809999871999025,0.0228999993391335,0.015266666226089,0.00823333308721582,0.02202499967999756,0.2760009765625,20.762078857421898,95.45216685097644,1.2219713308307676,714,4.219626426696777,63.97182846069336,1,0.2442244291305542,12,2026-10-06 03:30:00,2026-10-01 23:00:00,0.9200032552083334
12.397289089290304,76.66609984786288,0.000580871,0.22575381879098713,0.16946058184324037,Low,7.699999688193202,7.76999968662858,8.849999610334635,22.53999949619174,0.07699999688193201,0.0517999979108572,0.02949999870111545,0.05634999874047935,0.27557373046875,21.264031982421898,93.48645629234554,1.0883636526770857,708,4.219626426696777,116.02816772460938,6,0.4533800482749939,12,2026-10-06 03:30:00,2026-10-01 23:00:00,0.9185791015625
12.397289089290304,76.71622584071679,0.00071920117,0.2592570371742671,0.19462257817320036,Low,14.929999651387334,15.159999640658498,16.05999961681664,39.50999899767339,0.14929999651387335,0.10106666427105665,0.05353333205605547,0.09877499749418348,0.27093505859375,21.428094482421898,92.1385233526394,1.0130776207167755,688,3.904075860977173,103.72146606445312,9,0.4267292022705078,12,2026-10-06 03:30:00,2026-10-01 23:00:00,0.9031168619791667
12.397289089290304,76.76608233898543,0.0006965419,0.2592570371742671,0.19461691335570036,Low,14.929999651387334,15.159999640658498,16.05999961681664,39.50999899767339,0.14929999651387335,0.10106666427105665,0.05353333205605547,0.09877499749418348,0.27093505859375,21.428094482421898,92.1385233526394,1.0130776207167755,675,0.9274099469184875,180.0,3,0.417009562253952,12,2026-10-06 03:30:00,2026-10-01 23:00:00,0.9031168619791667
12.397289089290304,76.81620833183928,0.0013351006,0.23753646143550677,0.17848612122663007,Low,10.969999730587006,10.98999973013997,12.019999710842967,37.94999920576811,0.10969999730587006,0.0732666648675998,0.04006666570280989,0.09487499801442027,0.2629241943359375,21.307000732421898,92.07589571893676,1.05035837894699,675,2.7802884578704834,180.0,-18,0.2877625823020935,12,2026-10-06 03:30:00,2026-10-01 23:00:00,0.8764139811197917
12.397289089290304,76.86606483010792,0.00071421516,0.23753646143550677,0.1783308998666301,Low,10.969999730587006,10.98999973013997,12.019999710842967,37.94999920576811,0.10969999730587006,0.0732666648675998,0.04006666570280989,0.09487499801442027,0.2629241943359375,21.307000732421898,92.07589571893676,1.05035837894699,701,5.970450401306152,288.0332336425781,-1,0.7339048385620117,12,2026-10-06 03:30:00,2026-10-01 23:00:00,0.8764139811197917
12.397289089290304,76.91619082296177,0.0009922627,0.2258731284670532,0.1696529120252899,Low,10.02999978326261,10.039999783039093,10.41999976709485,22.96999952197075,0.10029999783262611,0.06693333188692728,0.034733332556982834,0.05742499880492687,0.2629241943359375,21.307000732421898,92.07589571893676,1.05035837894699,690,7.275942802429199,139.5282440185547,-3,0.3114919364452362,12,2026-10-06 03:30:00,2026-10-01 23:00:00,0.8764139811197917
12.397289089290304,76.9660473212304,0.00075257395,0.2258731284670532,0.1695929898377899,Low,10.02999978326261,10.039999783039093,10.41999976709485,22.96999952197075,0.10029999783262611,0.06693333188692728,0.034733332556982834,0.05742499880492687,0.2629241943359375,21.307000732421898,92.07589571893676,1.05035837894699,659,2.7802884578704834,180.0,1,0.6956227421760559,12,2026-10-06 03:30:00,2026-10-01 23:00:00,0.8764139811197917
12.397289089290304,77.01617331408426,0.0014544188,0.24321463179886343,0.18277457854914755,Low,13.409999646246433,13.409999646246433,14.959999606013298,27.929999470710754,0.13409999646246434,0.08939999764164289,0.04986666535337766,0.06982499867677688,0.2642364501953125,21.650750732421898,91.0015503822502,0.9859918287515148,638,5.486555099487305,120.37071228027344,2,0.787749707698822,12,2026-10-06 03:30:00,2026-10-01 23:00:00,0.8807881673177084
12.397289089290304,77.0660298123529,0.0007428352,0.24321463179886343,0.18259668264914755,Low,13.409999646246433,13.409999646246433,14.959999606013298,27.929999470710754,0.13409999646246434,0.08939999764164289,0.04986666535337766,0.06982499867677688,0.2642364501953125,21.650750732421898,91.0015503822502,0.9859918287515148,622,3.704791784286499,0.0,-6,0.6726338267326355,12,2026-10-06 03:30:00,2026-10-01 23:00:00,0.8807881673177084
12.397289089290304,77.1161558052068,0.0008394135,0.3335225706843039,0.25035178138822795,Moderate,34.62999890744686,34.62999890744686,34.62999890744686,40.75999877601862,0.34629998907446863,0.23086665938297907,0.11543332969148953,0.10189999694004655,0.26885986328125,22.340203857421898,88.6453298695153,0.850941563115591,606,0.0,0.0,-9,0.2354041486978531,12,2026-10-06 03:30:00,2026-10-01 23:00:00,0.8961995442708334
12.397289089290304,77.16601230347544,0.00091501774,0.41671347181741153,0.31276385829805864,Moderate,50.65999937057495,50.65999937057495,50.65999937057495,59.799999283626676,0.5065999937057495,0.33773332913716636,0.16886666456858318,0.14949999820906668,0.2863922119140625,22.168328857421898,88.69565163698812,0.8912643933871767,614,2.652942419052124,134.32415771484375,1,0.6159654855728149,12,2026-10-06 03:30:00,2026-10-01 23:00:00,0.9546407063802084
12.397289089290304,77.21613829632929,0.0014359744,0.41671347181741153,0.3128940974630587,Moderate,50.65999937057495,50.65999937057495,50.65999937057495,59.799999283626676,0.5065999937057495,0.33773332913716636,0.16886666456858318,0.14949999820906668,0.2863922119140625,22.168328857421898,88.69565163698812,0.8912643933871767,592,3.395606756210327,56.93097305297852,3,0.6771014332771301,12,2026-10-06 03:30:00,2026-10-01 23:00:00,0.9546407063802084
12.397289089290304,77.26599479459793,0.004941316,0.26571918041463943,0.20052471431097957,Low,14.499999782070518,14.539999781176448,14.539999781176448,27.899999236688018,0.14499999782070516,0.09693333187450966,0.04846666593725483,0.06974999809172004,0.2934417724609375,21.769891357421898,88.88920792310725,1.0373696309758964,808,30.33694839477539,19.86819839477539,-7,0.7420611381530762,12,2026-10-06 03:30:00,2026-10-01 23:00:00,0.9781392415364584
12.397289089290304,77.31612078745178,0.0018024044,0.26571918041463943,0.19973998641097956,Low,14.499999782070518,14.539999781176448,14.539999781176448,27.899999236688018,0.14499999782070516,0.09693333187450966,0.04846666593725483,0.06974999809172004,0.2934417724609375,21.769891357421898,88.88920792310725,1.0373696309758964,746,18.74846649169922,298.4843139648437,-17,0.4150710999965668,12,2026-10-06 03:30:00,2026-10-01 23:00:00,0.9781392415364584
12.397289089290304,77.36597728572042,0.008011888,0.2689031810656811,0.20368035779926083,Low,14.499999782070518,14.539999781176448,14.539999781176448,27.899999236688018,0.14499999782070516,0.09693333187450966,0.04846666593725483,0.06974999809172004,0.2982177734375,21.734735107421898,88.68213230649789,1.081900483899454,682,13.29753875732422,65.73526000976562,16,0.4149561822414398,10,2026-10-06 03:30:00,2026-10-01 23:00:00,0.9940592447916667
12.447415082144175,75.01598450246374,0.0064788796,0.392794326621977,0.29621546486648276,Moderate,0.9199999757111073,68.38999757170677,89.89999689534307,92.16999682225287,0.009199999757111072,0.4559333171447118,0.2996666563178102,0.23042499205563216,0.3224334716796875,25.551141357421898,92.71599413265588,1.8085050788860444,6,2.9375438690185547,198.84771728515625,18,0.5634645819664001,9,2026-10-06 03:30:00,2026-10-01 23:00:00,1.0
12.447415082144175,75.06611049531762,0.0048215194,0.392794326621977,0.2958011248164828,Moderate,0.9199999757111073,68.38999757170677,89.89999689534307,92.16999682225287,0.009199999757111072,0.4559333171447118,0.2996666563178102,0.23042499205563216,0.3224334716796875,25.551141357421898,92.71599413265588,1.8085050788860444,75,2.9375438690185547,198.84771728515625,1,0.2572531700134277,14,2026-10-06 03:30:00,2026-10-01 23:00:00,1.0
12.447415082144175,75.16609298644013,0.25217554,0.33095966249369085,0.3112636318702682,Moderate,0.7099999561905861,39.69999865628779,66.40999797545373,68.1299979351461,0.007099999561905861,0.2646666577085853,0.2213666599181791,0.17032499483786523,0.3224334716796875,25.551141357421898,92.71599413265588,1.8085050788860444,141,19.176313400268555,221.86233520507807,-6,0.7848476767539978,8,2026-10-06 03:30:00,2026-10-01 23:00:00,1.0
12.447415082144175,75.21621897929398,0.12469751,0.40326066266397637,0.3336198744979823,Moderate,9.099999714642763,54.90999856591225,93.39999856799841,103.53999848663807,0.09099999714642763,0.36606665710608166,0.3113333285599947,0.25884999621659516,0.4254608154296875,24.414422607421898,95.057039441853,1.438742991854127,172,9.21263599395752,134.31861877441406,-30,0.7784163355827332,8,2026-10-06 03:30:00,2026-10-01 23:00:00,1.0
12.447415082144175,75.26607547756262,0.081136435,0.40326066266397637,0.32272960574798226,Moderate,9.099999714642763,54.90999856591225,93.39999856799841,103.53999848663807,0.09099999714642763,0.36606665710608166,0.3113333285599947,0.25884999621659516,0.4254608154296875,24.414422607421898,95.057039441853,1.438742991854127,224,9.864340782165527,41.86233901977539,9,0.7278645634651184,8,2026-10-06 03:30:00,2026-10-01 23:00:00,1.0
12.447415082144175,75.3162014704165,0.023592904,0.5022156604485586,0.38255997133641895,Moderate,11.529999930411577,68.94999891892076,154.12999633327127,164.60999601520598,0.11529999930411577,0.4596666594594717,0.5137666544442375,0.41152499003801496,0.446319580078125,23.512078857421898,96.85249073126153,1.107769738433229,189,16.8958683013916,291.90435791015625,-17,0.8444177508354187,8,2026-10-06 03:30:00,2026-10-01 23:00:00,1.0
12.447415082144175,75.36605796868514,0.23677546,0.5022156604485586,0.43585561033641895,Moderate,11.529999930411577,68.94999891892076,154.12999633327127,164.60999601520598,0.11529999930411577,0.4596666594594717,0.5137666544442375,0.41152499003801496,0.446319580078125,23.512078857421898,96.85249073126153,1.107769738433229,295,17.113006591796875,341.1522827148437,2,0.7329132556915283,2,2026-10-06 03:30:00,2026-10-01 23:00:00,1.0
12.447415082144175,75.41618396153899,0.17055622,0.40569066287161165,0.3469070521537087,Moderate,6.289999958127737,41.28999939933419,111.90999763086438,119.07999764941633,0.06289999958127737,0.27526666266222793,0.3730333254362146,0.2976999941235408,0.4658355712890625,21.965203857421898,99.12117500377973,0.88915531530084,163,16.780778884887695,41.27588272094727,18,0.7533823251724243,2,2026-10-06 03:30:00,2026-10-01 23:00:00,1.0
12.447415082144175,75.46604045980763,0.12466356,0.341275329606918,0.28712238720518846,Moderate,5.869999894872308,37.15999889560044,68.55999821610749,70.09999817796052,0.058699998948723076,0.24773332597066958,0.22853332738702495,0.17524999544490127,0.4718780517578125,20.668328857421898,99.42333399549476,0.8668273618509336,759,13.92063331604004,191.57492065429688,-5,0.8623801469802856,2,2026-10-06 03:30:00,2026-10-01 23:00:00,1.0
12.447415082144175,75.51616645266151,0.39899218,0.341275329606918,0.3557045422051885,Moderate,5.869999894872308,37.15999889560044,68.55999821610749,70.09999817796052,0.058699998948723076,0.24773332597066958,0.22853332738702495,0.17524999544490127,0.4718780517578125,20.668328857421898,99.42333399549476,0.8668273618509336,574,29.25103759765625,26.35927391052246,18,0.8428457379341125,2,2026-10-06 03:30:00,2026-10-01 23:00:00,1.0
12.447415082144175,75.56602295093015,0.86160624,0.341275329606918,0.4713580572051885,Moderate,5.869999894872308,37.15999889560044,68.55999821610749,70.09999817796052,0.058699998948723076,0.24773332597066958,0.22853332738702495,0.17524999544490127,0.463775634765625,19.515985107421898,99.46658322707124,0.854428292442197,401,23.81099510192871,197.4895935058593,-1,0.6967018246650696,8,2026-10-06 03:30:00,2026-10-01 23:00:00,1.0
12.447415082144175,75.616148943784,0.04719236,0.341275329606918,0.26775458720518847,Moderate,5.869999894872308,37.15999889560044,68.55999821610749,70.09999817796052,0.058699998948723076,0.24773332597066958,0.22853332738702495,0.17524999544490127,0.463775634765625,19.515985107421898,99.46658322707124,0.854428292442197,538,10.452315330505373,296.0238037109375,26,0.8328966498374939,2,2026-10-06 03:30:00,2026-10-01 23:00:00,1.0
12.447415082144175,75.66600544205264,0.039679628,0.3782366627893721,0.2935974040920291,Moderate,14.04999977722764,43.629999252036214,77.7599979955703,82.77999793924391,0.1404999977722764,0.29086666168024145,0.2591999933185677,0.20694999484810978,0.466644287109375,18.683953857421898,98.99009362159194,0.7884506887291028,902,18.19902801513672,306.21795654296875,-14,0.8677796125411987,8,2026-10-06 03:30:00,2026-10-01 23:00:00,1.0
12.447415082144175,75.71613143490652,0.045937937,0.3782366627893721,0.2951619813420291,Moderate,14.04999977722764,43.629999252036214,77.7599979955703,82.77999793924391,0.1404999977722764,0.29086666168024145,0.2591999933185677,0.20694999484810978,0.466644287109375,18.683953857421898,98.99009362159194,0.7884506887291028,1093,6.608297824859619,225.681381225586,13,0.3660114407539367,8,2026-10-06 03:30:00,2026-10-01 23:00:00,1.0
12.447415082144175,75.76598793317515,0.27513143,0.3868016618580247,0.35888410389351855,Moderate,22.089999336749315,39.90999909117818,72.16999816708267,84.62999790720642,0.22089999336749316,0.2660666606078545,0.24056666055694223,0.21157499476801603,0.4668121337890625,19.685906982421898,95.9169693157852,0.6712778679026994,1110,22.756288528442383,81.11995697021484,-44,0.8558238744735718,8,2026-10-06 03:30:00,2026-10-01 23:00:00,1.0
12.447415082144175,75.816113926029,0.16962595,0.3868016618580247,0.3325077338935185,Moderate,22.089999336749315,39.90999909117818,72.16999816708267,84.62999790720642,0.22089999336749316,0.2660666606078545,0.24056666055694223,0.21157499476801603,0.4668121337890625,19.685906982421898,95.9169693157852,0.6712778679026994,989,6.707371234893799,145.67807006835938,11,0.8250496983528137,8,2026-10-06 03:30:00,2026-10-01 23:00:00,1.0
12.447415082144175,75.91609641715152,0.21991393,0.5456769910798098,0.46423622580985735,Moderate,64.0599982496351,66.0899982303381,104.41999762319028,127.0499967392534,0.640599982496351,0.440599988202254,0.34806665874396764,0.31762499184813353,0.3903045654296875,20.570672607421898,90.78702121105007,0.6387539968578764,855,5.971486568450928,71.97003936767578,9,0.7102661728858948,9,2026-10-06 03:30:00,2026-10-01 23:00:00,1.0
12.447415082144175,75.96622241000537,0.27780896,0.5456769910798098,0.47870998330985737,Moderate,64.0599982496351,66.0899982303381,104.41999762319028,127.0499967392534,0.640599982496351,0.440599988202254,0.34806665874396764,0.31762499184813353,0.3903045654296875,20.570672607421898,90.78702121105007,0.6387539968578764,823,11.175527572631836,49.04219436645508,12,0.7385571002960205,12,2026-10-06 03:30:00,2026-10-01 23:00:00,1.0
12.447415082144175,76.01607890827404,0.040356655,0.4704336591782048,0.3629144081336536,Moderate,47.769998747855425,48.039998738095164,81.5199978183955,116.8699962142855,0.47769998747855424,0.3202666582539678,0.27173332606131834,0.2921749905357137,0.3903045654296875,20.570672607421898,90.78702121105007,0.6387539968578764,877,3.396066665649414,236.93603515625,1,0.373584896326065,9,2026-10-06 03:30:00,2026-10-01 23:00:00,1.0
12.447415082144175,76.06620490112789,0.0040840358,0.4704336591782048,0.3538462533336536,Moderate,47.769998747855425,48.039998738095164,81.5199978183955,116.8699962142855,0.47769998747855424,0.3202666582539678,0.27173332606131834,0.2921749905357137,0.3903045654296875,20.570672607421898,90.78702121105007,0.6387539968578764,908,3.8239316940307617,14.360302925109863,1,0.3190986514091491,12,2026-10-06 03:30:00,2026-10-01 23:00:00,1.0
12.447415082144175,76.11606139939653,0.031695142,0.4265166358300795,0.3278112623725596,Moderate,45.94999887794256,45.94999887794256,60.53999839350581,112.15999725833535,0.4594999887794256,0.3063333258529504,0.20179999464501938,0.28039999314583836,0.271636962890625,20.137078857421898,91.9406676584634,0.8778543516565329,952,15.805137634277344,193.5476226806641,9,0.278956800699234,12,2026-10-06 03:30:00,2026-10-01 23:00:00,0.90545654296875
12.447415082144175,76.16618739225038,0.0017756933,0.4265166358300795,0.32033140019755957,Moderate,45.94999887794256,45.94999887794256,60.53999839350581,112.15999725833535,0.4594999887794256,0.3063333258529504,0.20179999464501938,0.28039999314583836,0.271636962890625,20.137078857421898,91.9406676584634,0.8778543516565329,877,2.993873357772827,288.02996826171875,7,0.3362916111946106,12,2026-10-06 03:30:00,2026-10-01 23:00:00,0.90545654296875
12.447415082144175,76.21604389051902,0.0012392682,0.22492187170603625,0.16900122082952718,Low,12.199999768286943,12.199999768286943,15.439999731257558,39.98999916948378,0.12199999768286944,0.08133333178857963,0.051466665770858525,0.09997499792370945,0.2327423095703125,19.918328857421898,93.91297897214848,1.2266021377548273,834,1.3273138999938965,45.68137741088867,-4,0.5280828475952148,12,2026-10-06 03:30:00,2026-10-01 23:00:00,0.7758076985677084
12.447415082144175,76.26616988337287,0.0019217648,0.22492187170603625,0.16917184497952717,Low,12.199999768286943,12.199999768286943,15.439999731257558,39.98999916948378,0.12199999768286944,0.08133333178857963,0.051466665770858525,0.09997499792370945,0.2327423095703125,19.918328857421898,93.91297897214848,1.2266021377548273,844,2.1130075454711914,63.9761962890625,-4,0.303916722536087,12,2026-10-06 03:30:00,2026-10-01 23:00:00,0.7758076985677084
12.447415082144175,76.3160263816415,0.0011018383,0.18293379497217635,0.13747580580413227,Low,3.93999988399446,3.93999988399446,3.9799998831003904,11.969999697059393,0.0393999988399446,0.0262666658932964,0.013266666277001302,0.029924999242648482,0.242523193359375,20.244500732421898,94.8108823696686,1.2798829739687838,813,4.627367496490479,0.0,-5,0.2872172594070434,12,2026-10-06 03:30:00,2026-10-01 23:00:00,0.80841064453125
12.447415082144175,76.36615237449541,0.0030914887,0.19780363308905313,0.14912559699178984,Low,3.159999940544367,3.159999940544367,3.2399999387562275,8.309999713674188,0.03159999940544367,0.02106666627029578,0.010799999795854092,0.02077499928418547,0.2720489501953125,20.310906982421898,95.87780638346652,1.2990145615597968,795,10.492497444152832,100.06763458251952,-18,0.3292192220687866,12,2026-10-06 03:30:00,2026-10-01 23:00:00,0.906829833984375
12.447415082144175,76.41600887276405,0.0008987127,0.19780363308905313,0.14857740299178984,Low,3.159999940544367,3.159999940544367,3.2399999387562275,8.309999713674188,0.03159999940544367,0.02106666627029578,0.010799999795854092,0.02077499928418547,0.2720489501953125,20.310906982421898,95.87780638346652,1.2990145615597968,789,3.396066665649414,303.06396484375,-5,0.2157229781150818,12,2026-10-06 03:30:00,2026-10-01 23:00:00,0.906829833984375
12.447415082144175,76.4661348656179,0.0005617416,0.19113045600571982,0.14348827740428985,Low,3.159999940544367,3.159999940544367,3.2399999387562275,8.309999713674188,0.03159999940544367,0.02106666627029578,0.010799999795854092,0.02077499928418547,0.2620391845703125,20.377313232421898,96.33397901270806,1.3834566500612775,747,0.0,0.0,0,-0.1521984189748764,11,2026-10-06 03:30:00,2026-10-01 23:00:00,0.8734639485677084
12.447415082144175,76.51599136388654,0.0007329698,0.19113045600571982,0.14353108445428986,Low,3.159999940544367,3.159999940544367,3.2399999387562275,8.309999713674188,0.03159999940544367,0.02106666627029578,0.010799999795854092,0.02077499928418547,0.2620391845703125,20.377313232421898,96.33397901270806,1.3834566500612775,747,0.0,0.0,0,-0.0915411338210105,17,2026-10-06 03:30:00,2026-10-01 23:00:00,0.8734639485677084
12.447415082144175,76.56611735674039,0.0017316277,0.19740431738259895,0.1484861449619492,Low,2.28999993391335,2.28999993391335,2.4699999261647463,8.809999871999025,0.0228999993391335,0.015266666226089,0.00823333308721582,0.02202499967999756,0.2760009765625,20.762078857421898,95.45216685097644,1.2219713308307676,758,3.396066665649414,236.93603515625,-2,0.3138801157474518,10,2026-10-06 03:30:00,2026-10-01 23:00:00,0.9200032552083334
12.447415082144175,76.61597385500903,0.0007879362,0.19740431738259895,0.14825022208694918,Low,2.28999993391335,2.28999993391335,2.4699999261647463,8.809999871999025,0.0228999993391335,0.015266666226089,0.00823333308721582,0.02202499967999756,0.2760009765625,20.762078857421898,95.45216685097644,1.2219713308307676,753,2.847106456756592,90.0,-4,0.3669902980327606,12,2026-10-06 03:30:00,2026-10-01 23:00:00,0.9200032552083334
12.447415082144175,76.66609984786288,0.0010348951,0.22575381879098713,0.16957408786824035,Low,7.699999688193202,7.76999968662858,8.849999610334635,22.53999949619174,0.07699999688193201,0.0517999979108572,0.02949999870111545,0.05634999874047935,0.27557373046875,21.264031982421898,93.48645629234554,1.0883636526770857,704,4.722996711730957,168.42507934570312,-7,0.6558400988578796,12,2026-10-06 03:30:00,2026-10-01 23:00:00,0.9185791015625
12.447415082144175,76.71622584071679,0.0011319682,0.2592570371742671,0.19472576993070037,Low,14.929999651387334,15.159999640658498,16.05999961681664,39.50999899767339,0.14929999651387335,0.10106666427105665,0.05353333205605547,0.09877499749418348,0.27093505859375,21.428094482421898,92.1385233526394,1.0130776207167755,688,4.722996711730957,348.4250793457031,-1,0.6602217555046082,12,2026-10-06 03:30:00,2026-10-01 23:00:00,0.9031168619791667
12.447415082144175,76.76608233898543,0.0007438843,0.2592570371742671,0.19462874895570037,Low,14.929999651387334,15.159999640658498,16.05999961681664,39.50999899767339,0.14929999651387335,0.10106666427105665,0.05353333205605547,0.09877499749418348,0.27093505859375,21.428094482421898,92.1385233526394,1.0130776207167755,727,2.083094835281372,207.11407470703125,-9,0.228837788105011,12,2026-10-06 03:30:00,2026-10-01 23:00:00,0.9031168619791667
12.447415082144175,76.81620833183928,0.0006000269,0.23753646143550677,0.1783023528016301,Low,10.969999730587006,10.98999973013997,12.019999710842967,37.94999920576811,0.10969999730587006,0.0732666648675998,0.04006666570280989,0.09487499801442027,0.2629241943359375,21.307000732421898,92.07589571893676,1.05035837894699,725,3.704791784286499,0.0,-1,0.2505531013011932,12,2026-10-06 03:30:00,2026-10-01 23:00:00,0.8764139811197917
12.447415082144175,76.86606483010792,0.0006521328,0.23753646143550677,0.17831537927663008,Low,10.969999730587006,10.98999973013997,12.019999710842967,37.94999920576811,0.10969999730587006,0.0732666648675998,0.04006666570280989,0.09487499801442027,0.2629241943359375,21.307000732421898,92.07589571893676,1.05035837894699,733,2.653204679489136,225.681381225586,-5,0.4390715658664703,12,2026-10-06 03:30:00,2026-10-01 23:00:00,0.8764139811197917
12.447415082144175,76.91619082296177,0.0039836396,0.2258731284670532,0.17040075625028991,Low,10.02999978326261,10.039999783039093,10.41999976709485,22.96999952197075,0.10029999783262611,0.06693333188692728,0.034733332556982834,0.05742499880492687,0.2629241943359375,21.307000732421898,92.07589571893676,1.05035837894699,704,2.847106456756592,90.0,20,0.3559962213039398,12,2026-10-06 03:30:00,2026-10-01 23:00:00,0.8764139811197917
12.447415082144175,76.9660473212304,0.00088973914,0.2258731284670532,0.1696272811352899,Low,10.02999978326261,10.039999783039093,10.41999976709485,22.96999952197075,0.10029999783262611,0.06693333188692728,0.034733332556982834,0.05742499880492687,0.2629241943359375,21.307000732421898,92.07589571893676,1.05035837894699,682,0.9497304558753968,90.0,-1,0.7112044095993042,12,2026-10-06 03:30:00,2026-10-01 23:00:00,0.8764139811197917
12.447415082144175,77.01617331408426,0.00093465886,0.24321463179886343,0.18264463856414756,Low,13.409999646246433,13.409999646246433,14.959999606013298,27.929999470710754,0.13409999646246434,0.08939999764164289,0.04986666535337766,0.06982499867677688,0.2642364501953125,21.650750732421898,91.0015503822502,0.9859918287515148,661,2.7802884578704834,0.0,9,0.5073317885398865,12,2026-10-06 03:30:00,2026-10-01 23:00:00,0.8807881673177084
12.447415082144175,77.0660298123529,0.00083411444,0.24321463179886343,0.18261950245914757,Low,13.409999646246433,13.409999646246433,14.959999606013298,27.929999470710754,0.13409999646246434,0.08939999764164289,0.04986666535337766,0.06982499867677688,0.2642364501953125,21.650750732421898,91.0015503822502,0.9859918287515148,641,0.9497304558753968,90.0,-4,0.4730580151081085,12,2026-10-06 03:30:00,2026-10-01 23:00:00,0.8807881673177084
12.447415082144175,77.1161558052068,0.00095041894,0.3335225706843039,0.25037953274822794,Moderate,34.62999890744686,34.62999890744686,34.62999890744686,40.75999877601862,0.34629998907446863,0.23086665938297907,0.11543332969148953,0.10189999694004655,0.26885986328125,22.340203857421898,88.6453298695153,0.850941563115591,626,1.3273138999938965,45.68137741088867,-2,0.5519561767578125,12,2026-10-06 03:30:00,2026-10-01 23:00:00,0.8961995442708334
12.447415082144175,77.16601230347544,0.0010630651,0.41671347181741153,0.3128008701380587,Moderate,50.65999937057495,50.65999937057495,50.65999937057495,59.799999283626676,0.5065999937057495,0.33773332913716636,0.16886666456858318,0.14949999820906668,0.2863922119140625,22.168328857421898,88.69565163698812,0.8912643933871767,617,2.847106456756592,270.0,9,0.5790556073188782,12,2026-10-06 03:30:00,2026-10-01 23:00:00,0.9546407063802084
12.447415082144175,77.21613829632929,0.0009387048,0.41671347181741153,0.31276978006305867,Moderate,50.65999937057495,50.65999937057495,50.65999937057495,59.799999283626676,0.5065999937057495,0.33773332913716636,0.16886666456858318,0.14949999820906668,0.2863922119140625,22.168328857421898,88.69565163698812,0.8912643933871767,617,0.9497304558753968,90.0,1,0.5948443412780762,12,2026-10-06 03:30:00,2026-10-01 23:00:00,0.9546407063802084
12.447415082144175,77.26599479459793,0.0015046807,0.26571918041463943,0.19966555548597956,Low,14.499999782070518,14.539999781176448,14.539999781176448,27.899999236688018,0.14499999782070516,0.09693333187450966,0.04846666593725483,0.06974999809172004,0.2934417724609375,21.769891357421898,88.88920792310725,1.0373696309758964,655,4.722996711730957,191.57492065429688,-17,0.2574822902679443,12,2026-10-06 03:30:00,2026-10-01 23:00:00,0.9781392415364584
12.447415082144175,77.31612078745178,0.00074522,0.26571918041463943,0.19947569031097956,Low,14.499999782070518,14.539999781176448,14.539999781176448,27.899999236688018,0.14499999782070516,0.09693333187450966,0.04846666593725483,0.06974999809172004,0.2934417724609375,21.769891357421898,88.88920792310725,1.0373696309758964,674,5.971486568450928,288.02996826171875,2,0.4012375771999359,12,2026-10-06 03:30:00,2026-10-01 23:00:00,0.9781392415364584
12.447415082144175,77.36597728572042,0.00074562494,0.2689031810656811,0.20186379203426083,Low,14.499999782070518,14.539999781176448,14.539999781176448,27.899999236688018,0.14499999782070516,0.09693333187450966,0.04846666593725483,0.06974999809172004,0.2982177734375,21.734735107421898,88.68213230649789,1.081900483899454,707,4.722996711730957,168.42507934570312,3,0.1929107010364532,12,2026-10-06 03:30:00,2026-10-01 23:00:00,0.9940592447916667
12.497271580412807,75.01598450246374,0.028886005,0.5261216596652443,0.4018127459989332,Moderate,3.499999962747097,121.5099975913763,144.9199966713786,147.14999661035836,0.03499999962747097,0.8100666506091754,0.48306665557126205,0.36787499152589587,0.3452301025390625,25.180047607421898,93.60365151714753,1.5248767352393529,35,9.588869094848633,78.95137023925781,7,0.7493822574615479,14,2026-10-06 03:30:00,2026-10-01 23:00:00,1.0
12.497271580412807,75.06611049531762,0.070973605,0.5261216596652443,0.4123346459989332,Moderate,3.499999962747097,121.5099975913763,144.9199966713786,147.14999661035836,0.03499999962747097,0.8100666506091754,0.48306665557126205,0.36787499152589587,0.3452301025390625,25.180047607421898,93.60365151714753,1.5248767352393529,54,8.574943542480469,138.71865844726562,-9,0.5611237287521362,14,2026-10-06 03:30:00,2026-10-01 23:00:00,1.0
12.497271580412807,75.16609298644013,0.17467295,0.3764476624785612,0.3260039843589209,Moderate,0.729999965056777,44.889998868107796,97.34999776817858,98.4499977491796,0.00729999965056777,0.29926665912071865,0.32449999256059525,0.246124994372949,0.3452301025390625,25.180047607421898,93.60365151714753,1.5248767352393529,210,13.852975845336914,306.21270751953125,-5,0.6854992508888245,8,2026-10-06 03:30:00,2026-10-01 23:00:00,1.0
12.497271580412807,75.21621897929398,0.06227389,0.3813833287977924,0.3016059690983443,Moderate,6.779999881982803,41.929999029263854,91.05999759398401,100.49999732151628,0.06779999881982804,0.279533326861759,0.30353332531328003,0.25124999330379066,0.4364166259765625,24.137078857421898,95.9136627742772,1.1920493080669694,102,2.9376025199890137,198.85107421875,21,0.6344044804573059,8,2026-10-06 03:30:00,2026-10-01 23:00:00,1.0
12.497271580412807,75.26607547756262,0.021415286,0.3813833287977924,0.29139131809834434,Moderate,6.779999881982803,41.929999029263854,91.05999759398401,100.49999732151628,0.06779999881982804,0.279533326861759,0.30353332531328003,0.25124999330379066,0.4364166259765625,24.137078857421898,95.9136627742772,1.1920493080669694,186,10.09300422668457,291.3317565917969,-15,0.7998521327972412,8,2026-10-06 03:30:00,2026-10-01 23:00:00,1.0
12.497271580412807,75.3162014704165,0.30027813,0.4539513293449457,0.41553302950870924,Moderate,7.299999801442027,44.41999901458621,146.949998062104,148.81999802030623,0.07299999801442027,0.2961333267639081,0.48983332687368,0.3720499950507656,0.4412384033203125,23.187860107421898,98.09144224097749,0.9390243596916846,518,26.100629806518555,322.4684753417969,-47,0.7689110636711121,2,2026-10-06 03:30:00,2026-10-01 23:00:00,1.0
12.497271580412807,75.36605796868514,0.046531986,0.4539513293449457,0.35209649350870925,Moderate,7.299999801442027,44.41999901458621,146.949998062104,148.81999802030623,0.07299999801442027,0.2961333267639081,0.48983332687368,0.3720499950507656,0.4412384033203125,23.187860107421898,98.09144224097749,0.9390243596916846,439,25.005470275878903,292.4432067871094,0,0.8209803700447083,2,2026-10-06 03:30:00,2026-10-01 23:00:00,1.0
12.497271580412807,75.41618396153899,0.11871598,0.5897876607183987,0.472019740538799,Moderate,5.789999879896641,53.97999897785485,246.42999646253884,246.96999642439187,0.05789999879896641,0.35986665985236566,0.8214333215417962,0.6174249910609797,0.4607696533203125,22.373406982421898,99.4779788234102,0.8564831848434455,166,25.640439987182617,35.961769104003906,4,0.8397007584571838,8,2026-10-06 03:30:00,2026-10-01 23:00:00,1.0
12.497271580412807,75.46604045980763,0.40573874,0.37330066409011686,0.38141018306758767,Moderate,1.9899999517947435,34.929999217391014,101.03999872505665,102.45999874919653,0.019899999517947436,0.23286666144927343,0.3367999957501888,0.25614999687299134,0.4574432373046875,21.629266357421898,99.61779803193237,0.8673742392032995,154,22.45396423339844,241.9633178710937,16,0.6913803219795227,2,2026-10-06 03:30:00,2026-10-01 23:00:00,1.0
12.497271580412807,75.51616645266151,0.16908337,0.37330066409011686,0.32224634056758766,Moderate,1.9899999517947435,34.929999217391014,101.03999872505665,102.45999874919653,0.019899999517947436,0.23286666144927343,0.3367999957501888,0.25614999687299134,0.4574432373046875,21.629266357421898,99.61779803193237,0.8673742392032995,162,14.483464241027832,63.98053359985352,1,0.7867370247840881,2,2026-10-06 03:30:00,2026-10-01 23:00:00,1.0
12.497271580412807,75.56602295093015,0.012090933,0.37330066409011686,0.28299823131758767,Moderate,1.9899999517947435,34.929999217391014,101.03999872505665,102.45999874919653,0.019899999517947436,0.23286666144927343,0.3367999957501888,0.25614999687299134,0.4613494873046875,20.627313232421898,99.61489299301527,0.9240752369727868,157,0.9274099469184875,0.0,-5,0.7799648642539978,8,2026-10-06 03:30:00,2026-10-01 23:00:00,1.0
12.497271580412807,75.616148943784,0.19732504,0.37330066409011686,0.32930675806758763,Moderate,1.9899999517947435,34.929999217391014,101.03999872505665,102.45999874919653,0.019899999517947436,0.23286666144927343,0.3367999957501888,0.25614999687299134,0.4613494873046875,20.627313232421898,99.61489299301527,0.9240752369727868,771,16.467422485351562,170.31234741210938,13,0.8751543760299683,2,2026-10-06 03:30:00,2026-10-01 23:00:00,1.0
12.497271580412807,75.66600544205264,0.086905815,0.3346706624085084,0.27272945055638126,Moderate,5.759999757632613,23.889999428763986,73.60999763943255,77.55999744869769,0.05759999757632613,0.15926666285842658,0.2453666587981085,0.1938999936217442,0.462493896484375,18.848016357421898,98.95508714306789,0.8672481724210738,1071,19.21697998046875,87.33818817138672,0,0.8527166843414307,2,2026-10-06 03:30:00,2026-10-01 23:00:00,1.0
12.497271580412807,75.71613143490652,0.09233262,0.3346706624085084,0.2740861518063813,Moderate,5.759999757632613,23.889999428763986,73.60999763943255,77.55999744869769,0.05759999757632613,0.15926666285842658,0.2453666587981085,0.1938999936217442,0.462493896484375,18.848016357421898,98.95508714306789,0.8672481724210738,971,13.190643310546877,262.0600280761719,-23,0.8004702925682068,8,2026-10-06 03:30:00,2026-10-01 23:00:00,1.0
12.497271580412807,75.76598793317515,0.12915015,0.34723833064002296,0.29271628548001727,Moderate,18.89999978430569,29.299999540671706,56.899998649954796,65.32999861612916,0.1889999978430569,0.19533333027114472,0.18966666216651598,0.1633249965403229,0.451934814453125,18.949578857421898,95.82396670256428,0.6537787111114154,958,18.43860244750977,122.28173828125,-9,0.8136105537414551,8,2026-10-06 03:30:00,2026-10-01 23:00:00,1.0
12.497271580412807,75.816113926029,0.633127,0.34723833064002296,0.41871049798001725,Moderate,18.89999978430569,29.299999540671706,56.899998649954796,65.32999861612916,0.1889999978430569,0.19533333027114472,0.18966666216651598,0.1633249965403229,0.451934814453125,18.949578857421898,95.82396670256428,0.6537787111114154,893,9.239282608032228,113.45669555664062,-1,0.5162099599838257,8,2026-10-06 03:30:00,2026-10-01 23:00:00,1.0
12.497271580412807,75.91609641715152,0.08786992,0.2886259973077104,0.2384369779807828,Low,7.919999707490206,12.71999965980649,39.15999882109463,55.77999839745462,0.07919999707490205,0.08479999773204326,0.13053332940364878,0.13944999599363656,0.3828125,21.156610107421898,89.7847582978273,0.5105053263467745,837,1.8993035554885864,90.0,0,0.4842903614044189,9,2026-10-06 03:30:00,2026-10-01 23:00:00,1.0
12.497271580412807,75.96622241000537,0.0070135454,0.2886259973077104,0.2182228843307828,Low,7.919999707490206,12.71999965980649,39.15999882109463,55.77999839745462,0.07919999707490205,0.08479999773204326,0.13053332940364878,0.13944999599363656,0.3828125,21.156610107421898,89.7847582978273,0.5105053263467745,834,0.94991272687912,270.0,-7,0.2182285040616989,12,2026-10-06 03:30:00,2026-10-01 23:00:00,1.0
12.497271580412807,76.01607890827404,0.023566421,0.4209859941851969,0.3216311008888977,Moderate,37.82999898865819,42.20999886468053,56.33999848552048,110.45999726094306,0.3782999898865819,0.2813999924312035,0.18779999495173494,0.27614999315235766,0.3828125,21.156610107421898,89.7847582978273,0.5105053263467745,884,0.94991272687912,270.0,4,0.4485649764537811,12,2026-10-06 03:30:00,2026-10-01 23:00:00,1.0
12.497271580412807,76.06620490112789,0.009210592,0.4209859941851969,0.3180421436388977,Moderate,37.82999898865819,42.20999886468053,56.33999848552048,110.45999726094306,0.3782999898865819,0.2813999924312035,0.18779999495173494,0.27614999315235766,0.3828125,21.156610107421898,89.7847582978273,0.5105053263467745,898,4.7230329513549805,348.42291259765625,-1,0.3365004062652588,12,2026-10-06 03:30:00,2026-10-01 23:00:00,1.0
12.497271580412807,76.11606139939653,0.0027893016,0.24037771914526823,0.18098061475895116,Low,9.449999680742621,10.60999964736402,18.819999357685447,63.62999863922596,0.09449999680742621,0.0707333309824268,0.06273333119228482,0.1590749965980649,0.24493408203125,20.986688232421898,90.1441449056601,0.814521729739005,870,4.9988627433776855,157.72071838378906,-5,0.2463942319154739,12,2026-10-06 03:30:00,2026-10-01 23:00:00,0.8164469401041667
12.497271580412807,76.16618739225038,0.001584409,0.24037771914526823,0.18067939160895116,Low,9.449999680742621,10.60999964736402,18.819999357685447,63.62999863922596,0.09449999680742621,0.0707333309824268,0.06273333119228482,0.1590749965980649,0.24493408203125,20.986688232421898,90.1441449056601,0.814521729739005,847,2.9376025199890137,18.85107612609864,-4,0.1967213153839111,12,2026-10-06 03:30:00,2026-10-01 23:00:00,0.8164469401041667
12.497271580412807,76.21604389051902,0.0012530449,0.22740765076068542,0.17086899929551405,Low,9.009999753907323,9.199999751523137,18.02999952621758,31.229999106377363,0.09009999753907323,0.06133333167682092,0.06009999842072527,0.07807499776594341,0.254302978515625,20.267938232421898,92.96217767334308,1.153713892563289,817,0.9274099469184875,0.0,-4,0.7119176983833313,12,2026-10-06 03:30:00,2026-10-01 23:00:00,0.8476765950520834
12.497271580412807,76.26616988337287,0.0016747069,0.22740765076068542,0.17097441479551406,Low,9.009999753907323,9.199999751523137,18.02999952621758,31.229999106377363,0.09009999753907323,0.06133333167682092,0.06009999842072527,0.07807499776594341,0.254302978515625,20.267938232421898,92.96217767334308,1.153713892563289,809,2.9376025199890137,161.14892578125,10,0.2062059193849563,12,2026-10-06 03:30:00,2026-10-01 23:00:00,0.8476765950520834
12.497271580412807,76.3160263816415,0.0010909219,0.2015132971518363,0.15140770333887724,Low,7.649999802932143,7.649999802932143,10.019999716430902,17.279999611899257,0.07649999802932143,0.05099999868621429,0.033399999054769675,0.043199999029748144,0.242095947265625,20.582391357421898,94.11379979748725,1.253068425844417,788,1.3274441957473757,134.31312561035156,-5,0.2414492219686508,12,2026-10-06 03:30:00,2026-10-01 23:00:00,0.8069864908854167
12.497271580412807,76.36615237449541,0.0010659889,0.189738300733082,0.14257022277481152,Low,7.179999863728881,7.179999863728881,9.329999821260571,17.959999723359942,0.07179999863728881,0.04786666575819254,0.031099999404201904,0.04489999930839986,0.2269134521484375,20.707391357421898,95.26574527648116,1.294797657076759,757,3.3965234756469727,123.0589370727539,4,0.3115399777889251,12,2026-10-06 03:30:00,2026-10-01 23:00:00,0.756378173828125
12.497271580412807,76.41600887276405,0.0010123309,0.189738300733082,0.14255680827481151,Low,7.179999863728881,7.179999863728881,9.329999821260571,17.959999723359942,0.07179999863728881,0.04786666575819254,0.031099999404201904,0.04489999930839986,0.2269134521484375,20.707391357421898,95.26574527648116,1.294797657076759,758,1.3274441957473757,225.68687438964844,-4,0.4573290050029754,12,2026-10-06 03:30:00,2026-10-01 23:00:00,0.756378173828125
12.497271580412807,76.4661348656179,0.0013841387,0.1649987173997487,0.12409507272481152,Low,7.179999863728881,7.179999863728881,9.329999821260571,17.959999723359942,0.07179999863728881,0.04786666575819254,0.031099999404201904,0.04489999930839986,0.1898040771484375,22.103875732421898,93.87484583753997,1.373128297258727,754,4.82824182510376,78.95137023925781,1,0.1672531068325042,12,2026-10-06 03:30:00,2026-10-01 23:00:00,0.6326802571614584
12.497271580412807,76.51599136388654,0.0011385108,0.1649987173997487,0.12403366574981152,Low,7.179999863728881,7.179999863728881,9.329999821260571,17.959999723359942,0.07179999863728881,0.04786666575819254,0.031099999404201904,0.04489999930839986,0.1898040771484375,22.103875732421898,93.87484583753997,1.373128297258727,761,4.82824182510376,281.04864501953125,-4,0.4282342195510864,12,2026-10-06 03:30:00,2026-10-01 23:00:00,0.6326802571614584
12.497271580412807,76.56611735674039,0.0007474939,0.22125202915295963,0.16612589533971972,Low,6.289999855682254,6.289999855682254,6.539999855682254,17.199999526143074,0.06289999855682255,0.04193333237121503,0.021799999518940846,0.04299999881535768,0.282196044921875,21.146844482421898,94.99426586402296,1.2651494423582408,794,0.9274099469184875,180.0,9,0.5368073582649231,12,2026-10-06 03:30:00,2026-10-01 23:00:00,0.9406534830729167
12.497271580412807,76.61597385500903,0.0010951156,0.22125202915295963,0.16621280076471973,Low,6.289999855682254,6.289999855682254,6.539999855682254,17.199999526143074,0.06289999855682255,0.04193333237121503,0.021799999518940846,0.04299999881535768,0.282196044921875,21.146844482421898,94.99426586402296,1.2651494423582408,761,4.7230329513549805,11.577081680297852,7,0.3248778283596039,12,2026-10-06 03:30:00,2026-10-01 23:00:00,0.9406534830729167
12.497271580412807,76.66609984786288,0.0042601195,0.22804311898971602,0.172097369117287,Low,7.099999863654375,7.099999863654375,7.439999867230654,20.589999444782734,0.07099999863654376,0.0473333324243625,0.024799999557435514,0.05147499861195683,0.2850341796875,21.365594482421898,93.5928848918502,1.1371747215178074,733,4.699227333068848,126.21269989013672,18,0.1987421363592147,12,2026-10-06 03:30:00,2026-10-01 23:00:00,0.9501139322916667
12.497271580412807,76.71622584071679,0.00065896305,0.23750497674557075,0.17829347332167805,Low,9.949999757111073,9.959999756887555,10.139999758452177,20.49999963864684,0.09949999757111072,0.06639999837925037,0.03379999919484059,0.0512499990966171,0.282928466796875,21.514031982421898,92.45543504358716,1.063771540802381,705,3.3965234756469727,123.0589370727539,10,0.1828461736440658,12,2026-10-06 03:30:00,2026-10-01 23:00:00,0.9430948893229167
12.497271580412807,76.76608233898543,0.00049853016,0.23750497674557075,0.17825336509917805,Low,9.949999757111073,9.959999756887555,10.139999758452177,20.49999963864684,0.09949999757111072,0.06639999837925037,0.03379999919484059,0.0512499990966171,0.282928466796875,21.514031982421898,92.45543504358716,1.063771540802381,768,2.9376025199890137,161.14892578125,4,0.1987275034189224,12,2026-10-06 03:30:00,2026-10-01 23:00:00,0.9430948893229167
12.497271580412807,76.81620833183928,0.00062123203,0.24222475943261138,0.18182387758195853,Low,11.119999822229147,11.12999982200563,11.649999810382724,22.259999426081777,0.11119999822229147,0.07419999881337086,0.038833332701275744,0.055649998565204445,0.281494140625,21.480828857421898,92.46477236153,1.1015894293204864,733,2.653465032577514,314.3131408691406,9,0.2844432592391968,12,2026-10-06 03:30:00,2026-10-01 23:00:00,0.9383138020833334
12.497271580412807,76.86606483010792,0.0007586762,0.24222475943261138,0.18185823862445855,Low,11.119999822229147,11.12999982200563,11.649999810382724,22.259999426081777,0.11119999822229147,0.07419999881337086,0.038833332701275744,0.055649998565204445,0.281494140625,21.480828857421898,92.46477236153,1.1015894293204864,701,3.823976516723633,165.63705444335938,-2,0.3583980500698089,12,2026-10-06 03:30:00,2026-10-01 23:00:00,0.9383138020833334
12.497271580412807,76.91619082296177,0.0011220018,0.25268409151788807,0.18979356908841605,Low,12.819999545812607,12.82999954558909,13.069999536499381,30.479999063536525,0.12819999545812608,0.08553333030392726,0.043566665121664606,0.0761999976588413,0.281494140625,21.480828857421898,92.46477236153,1.1015894293204864,677,3.794441938400269,270.0,-11,0.6954243183135986,12,2026-10-06 03:30:00,2026-10-01 23:00:00,0.9383138020833334
12.497271580412807,76.9660473212304,0.0008182306,0.25268409151788807,0.18971762628841604,Low,12.819999545812607,12.82999954558909,13.069999536499381,30.479999063536525,0.12819999545812608,0.08553333030392726,0.043566665121664606,0.0761999976588413,0.281494140625,21.480828857421898,92.46477236153,1.1015894293204864,655,1.3274441957473757,45.68687438964844,3,0.5592319369316101,12,2026-10-06 03:30:00,2026-10-01 23:00:00,0.9383138020833334
12.497271580412807,77.01617331408426,0.0012974308,0.2751366970208784,0.2066768804656588,Low,17.00999941676855,17.00999941676855,19.33999934606254,38.14999892562628,0.1700999941676855,0.11339999611179034,0.06446666448687513,0.0953749973140657,0.2826385498046875,21.642938232421898,92.28427743735249,1.166091763281097,639,4.220934867858887,63.98053359985352,8,0.6004645824432373,12,2026-10-06 03:30:00,2026-10-01 23:00:00,0.9421284993489584
12.497271580412807,77.0660298123529,0.0011692775,0.2751366970208784,0.20664484214065879,Low,17.00999941676855,17.00999941676855,19.33999934606254,38.14999892562628,0.1700999941676855,0.11339999611179034,0.06446666448687513,0.0953749973140657,0.2826385498046875,21.642938232421898,92.28427743735249,1.166091763281097,625,4.160862445831299,27.118539810180664,0,0.43622887134552,12,2026-10-06 03:30:00,2026-10-01 23:00:00,0.9421284993489584
12.497271580412807,77.1161558052068,0.0008200825,0.2637820513908441,0.19804155916813307,Low,16.509999563917518,16.509999563917518,16.84999955445528,22.999999398365617,0.16509999563917518,0.11006666375945012,0.056166665181517604,0.05749999849591404,0.282257080078125,21.867547607421898,91.61011623374448,1.1678556226567192,620,3.3965234756469727,236.94107055664065,5,0.5537344813346863,12,2026-10-06 03:30:00,2026-10-01 23:00:00,0.94085693359375
12.497271580412807,77.16601230347544,0.0013883746,0.359408756514142,0.26990366103560653,Moderate,36.74999959766865,36.74999959766865,36.75999959744513,47.129999212920666,0.3674999959766865,0.24499999731779099,0.12253333199148377,0.11782499803230166,0.2906036376953125,21.555047607421898,91.16047356038398,1.240899173816617,604,0.94991272687912,90.0,8,0.4845907986164093,14,2026-10-06 03:30:00,2026-10-01 23:00:00,0.9686787923177084
12.497271580412807,77.21613829632929,0.0006636202,0.359408756514142,0.26972247243560654,Moderate,36.74999959766865,36.74999959766865,36.75999959744513,47.129999212920666,0.3674999959766865,0.24499999731779099,0.12253333199148377,0.11782499803230166,0.2906036376953125,21.555047607421898,91.16047356038398,1.240899173816617,648,2.9376025199890137,161.14892578125,1,0.2442804425954818,12,2026-10-06 03:30:00,2026-10-01 23:00:00,0.9686787923177084
12.497271580412807,77.26599479459793,0.0011125676,0.3325566802908977,0.24969565211817327,Low,29.40999912843108,29.40999912843108,29.40999912843108,46.98999883234501,0.2940999912843108,0.19606666085620722,0.09803333042810361,0.11747499708086252,0.2930145263671875,21.242547607421898,90.58979349013636,1.3629929340280011,666,5.97251558303833,251.9732666015625,3,0.4342465698719024,12,2026-10-06 03:30:00,2026-10-01 23:00:00,0.976715087890625
12.497271580412807,77.31612078745178,0.00071486307,0.3325566802908977,0.24959622598567327,Low,29.40999912843108,29.40999912843108,29.40999912843108,46.98999883234501,0.2940999912843108,0.19606666085620722,0.09803333042810361,0.11747499708086252,0.2930145263671875,21.242547607421898,90.58979349013636,1.3629929340280011,708,2.7802884578704834,180.0,7,0.2984420657157898,12,2026-10-06 03:30:00,2026-10-01 23:00:00,0.976715087890625
12.497271580412807,77.36597728572042,0.00069979986,0.33193615620235606,0.24912706711676705,Low,29.40999912843108,29.40999912843108,29.40999912843108,46.98999883234501,0.2940999912843108,0.19606666085620722,0.09803333042810361,0.11747499708086252,0.292083740234375,21.254266357421898,90.42597492849296,1.3873022156383512,721,0.94991272687912,90.0,-5,0.1977401077747345,12,2026-10-06 03:30:00,2026-10-01 23:00:00,0.9736124674479167
12.54739757326668,74.96612800419513,0.0058833826,0.5870869962409139,0.4417860928306854,Moderate,5.489999890327454,151.4999978337437,165.73999728821218,167.02999725937843,0.05489999890327454,1.0,0.5524666576273739,0.4175749931484461,0.3405609130859375,25.617547607421898,91.98425220732138,1.6709727868933322,21,2.937662363052368,198.8544921875,-7,0.7591410279273987,9,2026-10-06 03:30:00,2026-10-01 23:00:00,1.0
12.54739757326668,75.01598450246374,0.019115953,0.5261216596652443,0.3993702329989332,Moderate,3.499999962747097,121.5099975913763,144.9199966713786,147.14999661035836,0.03499999962747097,0.8100666506091754,0.48306665557126205,0.36787499152589587,0.3452301025390625,25.180047607421898,93.60365151714753,1.5248767352393529,12,1.8996734619140625,270.0,19,0.7696875333786011,14,2026-10-06 03:30:00,2026-10-01 23:00:00,1.0
12.54739757326668,75.06611049531762,0.0077808048,0.5261216596652443,0.3965364459489332,Moderate,3.499999962747097,121.5099975913763,144.9199966713786,147.14999661035836,0.03499999962747097,0.8100666506091754,0.48306665557126205,0.36787499152589587,0.3452301025390625,25.180047607421898,93.60365151714753,1.5248767352393529,117,6.005768775939941,52.013973236083984,6,0.2732867002487182,12,2026-10-06 03:30:00,2026-10-01 23:00:00,1.0
12.54739757326668,75.16609298644013,0.02140926,0.3764476624785612,0.28768806185892093,Moderate,0.729999965056777,44.889998868107796,97.34999776817858,98.4499977491796,0.00729999965056777,0.29926665912071865,0.32449999256059525,0.246124994372949,0.3452301025390625,25.180047607421898,93.60365151714753,1.5248767352393529,193,8.606943130493164,230.08175659179688,0,0.1500906646251678,8,2026-10-06 03:30:00,2026-10-01 23:00:00,1.0
12.54739757326668,75.21621897929398,0.025374418,0.3813833287977924,0.2923811010983443,Moderate,6.779999881982803,41.929999029263854,91.05999759398401,100.49999732151628,0.06779999881982804,0.279533326861759,0.30353332531328003,0.25124999330379066,0.4364166259765625,24.137078857421898,95.9136627742772,1.1920493080669694,76,4.72307014465332,11.57927703857422,8,0.436587780714035,8,2026-10-06 03:30:00,2026-10-01 23:00:00,1.0
12.54739757326668,75.26607547756262,0.21815087,0.3813833287977924,0.34057521409834435,Moderate,6.779999881982803,41.929999029263854,91.05999759398401,100.49999732151628,0.06779999881982804,0.279533326861759,0.30353332531328003,0.25124999330379066,0.4364166259765625,24.137078857421898,95.9136627742772,1.1920493080669694,134,9.382810592651367,348.42071533203125,-2,0.5896427631378174,8,2026-10-06 03:30:00,2026-10-01 23:00:00,1.0
12.54739757326668,75.3162014704165,0.084870316,0.4539513293449457,0.36168107600870925,Moderate,7.299999801442027,44.41999901458621,146.949998062104,148.81999802030623,0.07299999801442027,0.2961333267639081,0.48983332687368,0.3720499950507656,0.4412384033203125,23.187860107421898,98.09144224097749,0.9390243596916846,117,9.41615104675293,90.0,-5,0.7723258137702942,8,2026-10-06 03:30:00,2026-10-01 23:00:00,1.0
12.54739757326668,75.36605796868514,0.17715575,0.4539513293449457,0.3847524345087093,Moderate,7.299999801442027,44.41999901458621,146.949998062104,148.81999802030623,0.07299999801442027,0.2961333267639081,0.48983332687368,0.3720499950507656,0.4412384033203125,23.187860107421898,98.09144224097749,0.9390243596916846,131,19.621313095092773,335.2497863769531,-4,0.7513178586959839,8,2026-10-06 03:30:00,2026-10-01 23:00:00,1.0
12.54739757326668,75.41618396153899,0.13315004,0.5897876607183987,0.47562825553879906,Moderate,5.789999879896641,53.97999897785485,246.42999646253884,246.96999642439187,0.05789999879896641,0.35986665985236566,0.8214333215417962,0.6174249910609797,0.4607696533203125,22.373406982421898,99.4779788234102,0.8564831848434455,311,22.88883399963379,355.4941101074219,8,0.813639760017395,2,2026-10-06 03:30:00,2026-10-01 23:00:00,1.0
12.54739757326668,75.46604045980763,0.03032723,0.37330066409011686,0.28755730556758763,Moderate,1.9899999517947435,34.929999217391014,101.03999872505665,102.45999874919653,0.019899999517947436,0.23286666144927343,0.3367999957501888,0.25614999687299134,0.4574432373046875,21.629266357421898,99.61779803193237,0.8673742392032995,161,5.859960079193115,161.1455078125,9,0.8510963916778564,8,2026-10-06 03:30:00,2026-10-01 23:00:00,1.0
12.54739757326668,75.51616645266151,0.22864494,0.37330066409011686,0.3371367330675876,Moderate,1.9899999517947435,34.929999217391014,101.03999872505665,102.45999874919653,0.019899999517947436,0.23286666144927343,0.3367999957501888,0.25614999687299134,0.4574432373046875,21.629266357421898,99.61779803193237,0.8673742392032995,304,12.201885223388672,193.3013916015625,-17,0.6959999799728394,2,2026-10-06 03:30:00,2026-10-01 23:00:00,1.0
12.54739757326668,75.56602295093015,0.18554892,0.37330066409011686,0.32636272806758765,Moderate,1.9899999517947435,34.929999217391014,101.03999872505665,102.45999874919653,0.019899999517947436,0.23286666144927343,0.3367999957501888,0.25614999687299134,0.4613494873046875,20.627313232421898,99.61489299301527,0.9240752369727868,400,10.005549430847168,34.332244873046875,-24,0.7860400080680847,2,2026-10-06 03:30:00,2026-10-01 23:00:00,1.0
12.54739757326668,75.616148943784,0.40388376,0.37330066409011686,0.38094643806758766,Moderate,1.9899999517947435,34.929999217391014,101.03999872505665,102.45999874919653,0.019899999517947436,0.23286666144927343,0.3367999957501888,0.25614999687299134,0.4613494873046875,20.627313232421898,99.61489299301527,0.9240752369727868,253,14.887657165527344,119.15193176269533,4,0.7599118947982788,8,2026-10-06 03:30:00,2026-10-01 23:00:00,1.0
12.54739757326668,75.66600544205264,0.40627065,0.3346706624085084,0.35257065930638126,Moderate,5.759999757632613,23.889999428763986,73.60999763943255,77.55999744869769,0.05759999757632613,0.15926666285842658,0.2453666587981085,0.1938999936217442,0.462493896484375,18.848016357421898,98.95508714306789,0.8672481724210738,271,24.351261138916016,30.86281013488769,37,0.8372556567192078,2,2026-10-06 03:30:00,2026-10-01 23:00:00,1.0
12.54739757326668,75.71613143490652,0.6798021,0.3346706624085084,0.42095352180638124,Moderate,5.759999757632613,23.889999428763986,73.60999763943255,77.55999744869769,0.05759999757632613,0.15926666285842658,0.2453666587981085,0.1938999936217442,0.462493896484375,18.848016357421898,98.95508714306789,0.8672481724210738,1032,16.643075942993164,150.04672241210938,40,0.8904833793640137,2,2026-10-06 03:30:00,2026-10-01 23:00:00,1.0
12.54739757326668,75.76598793317515,0.073885925,0.34723833064002296,0.2789002292300172,Moderate,18.89999978430569,29.299999540671706,56.899998649954796,65.32999861612916,0.1889999978430569,0.19533333027114472,0.18966666216651598,0.1633249965403229,0.451934814453125,18.949578857421898,95.82396670256428,0.6537787111114154,1290,5.296121597290039,45.69245529174805,5,0.7693130970001221,8,2026-10-06 03:30:00,2026-10-01 23:00:00,1.0
12.54739757326668,75.816113926029,0.8810269,0.34723833064002296,0.48068547298001724,Moderate,18.89999978430569,29.299999540671706,56.899998649954796,65.32999861612916,0.1889999978430569,0.19533333027114472,0.18966666216651598,0.1633249965403229,0.451934814453125,18.949578857421898,95.82396670256428,0.6537787111114154,1107,18.009056091308594,240.1361541748047,-16,0.8548387289047241,2,2026-10-06 03:30:00,2026-10-01 23:00:00,1.0
12.54739757326668,75.91609641715152,0.27278242,0.2886259973077104,0.2846651029807828,Moderate,7.919999707490206,12.71999965980649,39.15999882109463,55.77999839745462,0.07919999707490205,0.08479999773204326,0.13053332940364878,0.13944999599363656,0.3828125,21.156610107421898,89.7847582978273,0.5105053263467745,899,9.240772247314451,113.45262145996094,-18,0.1088441088795661,10,2026-10-06 03:30:00,2026-10-01 23:00:00,1.0
12.54739757326668,75.96622241000537,0.011521892,0.2886259973077104,0.2193499709807828,Low,7.919999707490206,12.71999965980649,39.15999882109463,55.77999839745462,0.07919999707490205,0.08479999773204326,0.13053332940364878,0.13944999599363656,0.3828125,21.156610107421898,89.7847582978273,0.5105053263467745,853,5.682405471801758,270.0,1,0.6362113356590271,12,2026-10-06 03:30:00,2026-10-01 23:00:00,1.0
12.54739757326668,76.01607890827404,0.13023864,0.4209859941851969,0.3482991556388977,Moderate,37.82999898865819,42.20999886468053,56.33999848552048,110.45999726094306,0.3782999898865819,0.2813999924312035,0.18779999495173494,0.27614999315235766,0.3828125,21.156610107421898,89.7847582978273,0.5105053263467745,833,6.87197732925415,74.4167251586914,-3,0.2593733966350555,12,2026-10-06 03:30:00,2026-10-01 23:00:00,1.0
12.54739757326668,76.06620490112789,0.003745586,0.4209859941851969,0.3166758921388977,Moderate,37.82999898865819,42.20999886468053,56.33999848552048,110.45999726094306,0.3782999898865819,0.2813999924312035,0.18779999495173494,0.27614999315235766,0.3828125,21.156610107421898,89.7847582978273,0.5105053263467745,874,3.704791784286499,180.0,5,0.2868998348712921,12,2026-10-06 03:30:00,2026-10-01 23:00:00,1.0
12.54739757326668,76.11606139939653,0.0016785308,0.24037771914526823,0.18070292205895117,Low,9.449999680742621,10.60999964736402,18.819999357685447,63.62999863922596,0.09449999680742621,0.0707333309824268,0.06273333119228482,0.1590749965980649,0.24493408203125,20.986688232421898,90.1441449056601,0.814521729739005,848,3.977043390274048,314.3075561523437,-2,0.3468247056007385,12,2026-10-06 03:30:00,2026-10-01 23:00:00,0.8164469401041667
12.54739757326668,76.16618739225038,0.0010581369,0.24037771914526823,0.18054782358395116,Low,9.449999680742621,10.60999964736402,18.819999357685447,63.62999863922596,0.09449999680742621,0.0707333309824268,0.06273333119228482,0.1590749965980649,0.24493408203125,20.986688232421898,90.1441449056601,0.814521729739005,815,0.9500978589057922,90.0,-1,0.330879658460617,12,2026-10-06 03:30:00,2026-10-01 23:00:00,0.8164469401041667
12.54739757326668,76.21604389051902,0.0011565296,0.22740765076068542,0.17084487047051405,Low,9.009999753907323,9.199999751523137,18.02999952621758,31.229999106377363,0.09009999753907323,0.06133333167682092,0.06009999842072527,0.07807499776594341,0.254302978515625,20.267938232421898,92.96217767334308,1.153713892563289,822,1.8996734619140625,90.0,0,0.2862318754196167,12,2026-10-06 03:30:00,2026-10-01 23:00:00,0.8476765950520834
12.54739757326668,76.26616988337287,0.0023960276,0.22740765076068542,0.17115474497051406,Low,9.009999753907323,9.199999751523137,18.02999952621758,31.229999106377363,0.09009999753907323,0.06133333167682092,0.06009999842072527,0.07807499776594341,0.254302978515625,20.267938232421898,92.96217767334308,1.153713892563289,805,2.0832622051239014,27.123071670532227,3,0.2632103562355041,12,2026-10-06 03:30:00,2026-10-01 23:00:00,0.8476765950520834
12.54739757326668,76.3160263816415,0.0010805714,0.2015132971518363,0.15140511571387721,Low,7.649999802932143,7.649999802932143,10.019999716430902,17.279999611899257,0.07649999802932143,0.05099999868621429,0.033399999054769675,0.043199999029748144,0.242095947265625,20.582391357421898,94.11379979748725,1.253068425844417,781,2.1136670112609863,116.01506805419922,2,0.7025669813156128,12,2026-10-06 03:30:00,2026-10-01 23:00:00,0.8069864908854167
12.54739757326668,76.36615237449541,0.0013532096,0.189738300733082,0.1426420279498115,Low,7.179999863728881,7.179999863728881,9.329999821260571,17.959999723359942,0.07179999863728881,0.04786666575819254,0.031099999404201904,0.04489999930839986,0.2269134521484375,20.707391357421898,95.26574527648116,1.294797657076759,783,4.1610307693481445,27.123071670532227,5,0.2034972608089447,12,2026-10-06 03:30:00,2026-10-01 23:00:00,0.756378173828125
12.54739757326668,76.41600887276405,0.001286991,0.189738300733082,0.1426254732998115,Low,7.179999863728881,7.179999863728881,9.329999821260571,17.959999723359942,0.07179999863728881,0.04786666575819254,0.031099999404201904,0.04489999930839986,0.2269134521484375,20.707391357421898,95.26574527648116,1.294797657076759,769,2.6537294387817383,45.69245529174805,-2,0.5005924105644226,12,2026-10-06 03:30:00,2026-10-01 23:00:00,0.756378173828125
12.54739757326668,76.4661348656179,0.0009808177,0.1649987173997487,0.12399424247481153,Low,7.179999863728881,7.179999863728881,9.329999821260571,17.959999723359942,0.07179999863728881,0.04786666575819254,0.031099999404201904,0.04489999930839986,0.1898040771484375,22.103875732421898,93.87484583753997,1.373128297258727,756,2.937662363052368,341.1455078125,5,0.4876123070716858,12,2026-10-06 03:30:00,2026-10-01 23:00:00,0.6326802571614584
12.54739757326668,76.51599136388654,0.0012882174,0.1649987173997487,0.12407109239981153,Low,7.179999863728881,7.179999863728881,9.329999821260571,17.959999723359942,0.07179999863728881,0.04786666575819254,0.031099999404201904,0.04489999930839986,0.1898040771484375,22.103875732421898,93.87484583753997,1.373128297258727,802,2.937662363052368,341.1455078125,-2,0.3616575002670288,12,2026-10-06 03:30:00,2026-10-01 23:00:00,0.6326802571614584
12.54739757326668,76.56611735674039,0.00078283204,0.22125202915295963,0.16613472987471972,Low,6.289999855682254,6.289999855682254,6.539999855682254,17.199999526143074,0.06289999855682255,0.04193333237121503,0.021799999518940846,0.04299999881535768,0.282196044921875,21.146844482421898,94.99426586402296,1.2651494423582408,845,1.3275766372680664,225.6924591064453,-10,0.2351620346307754,12,2026-10-06 03:30:00,2026-10-01 23:00:00,0.9406534830729167
12.54739757326668,76.61597385500903,0.0007806535,0.22125202915295963,0.16613418523971973,Low,6.289999855682254,6.289999855682254,6.539999855682254,17.199999526143074,0.06289999855682255,0.04193333237121503,0.021799999518940846,0.04299999881535768,0.282196044921875,21.146844482421898,94.99426586402296,1.2651494423582408,813,1.3275766372680664,225.6924591064453,-7,0.2434279769659042,12,2026-10-06 03:30:00,2026-10-01 23:00:00,0.9406534830729167
12.54739757326668,76.66609984786288,0.00092759705,0.22804311898971602,0.171264238504787,Low,7.099999863654375,7.099999863654375,7.439999867230654,20.589999444782734,0.07099999863654376,0.0473333324243625,0.024799999557435514,0.05147499861195683,0.2850341796875,21.365594482421898,93.5928848918502,1.1371747215178074,748,0.9500978589057922,270.0,-1,0.3547665178775787,12,2026-10-06 03:30:00,2026-10-01 23:00:00,0.9501139322916667
12.54739757326668,76.71622584071679,0.00053875864,0.23750497674557075,0.17826342221917804,Low,9.949999757111073,9.959999756887555,10.139999758452177,20.49999963864684,0.09949999757111072,0.06639999837925037,0.03379999919484059,0.0512499990966171,0.282928466796875,21.514031982421898,92.45543504358716,1.063771540802381,739,3.906207323074341,283.7138061523437,1,0.4014885723590851,12,2026-10-06 03:30:00,2026-10-01 23:00:00,0.9430948893229167
12.54739757326668,76.76608233898543,0.0008128479,0.23750497674557075,0.17833194453417806,Low,9.949999757111073,9.959999756887555,10.139999758452177,20.49999963864684,0.09949999757111072,0.06639999837925037,0.03379999919484059,0.0512499990966171,0.282928466796875,21.514031982421898,92.45543504358716,1.063771540802381,785,3.704791784286499,0.0,-9,0.2893320918083191,12,2026-10-06 03:30:00,2026-10-01 23:00:00,0.9430948893229167
12.54739757326668,76.81620833183928,0.00058054196,0.24222475943261138,0.18181370506445854,Low,11.119999822229147,11.12999982200563,11.649999810382724,22.259999426081777,0.11119999822229147,0.07419999881337086,0.038833332701275744,0.055649998565204445,0.281494140625,21.480828857421898,92.46477236153,1.1015894293204864,715,1.3275766372680664,314.3075561523437,-5,0.552359938621521,12,2026-10-06 03:30:00,2026-10-01 23:00:00,0.9383138020833334
12.54739757326668,76.86606483010792,0.000705006,0.24222475943261138,0.18184482107445854,Low,11.119999822229147,11.12999982200563,11.649999810382724,22.259999426081777,0.11119999822229147,0.07419999881337086,0.038833332701275744,0.055649998565204445,0.281494140625,21.480828857421898,92.46477236153,1.1015894293204864,674,0.0,0.0,0,0.5896514654159546,12,2026-10-06 03:30:00,2026-10-01 23:00:00,0.9383138020833334
12.54739757326668,76.91619082296177,0.0007395211,0.25268409151788807,0.18969794891341604,Low,12.819999545812607,12.82999954558909,13.069999536499381,30.479999063536525,0.12819999545812608,0.08553333030392726,0.043566665121664606,0.0761999976588413,0.281494140625,21.480828857421898,92.46477236153,1.1015894293204864,668,0.9274099469184875,0.0,2,0.5812657475471497,12,2026-10-06 03:30:00,2026-10-01 23:00:00,0.9383138020833334
12.54739757326668,76.9660473212304,0.0006469279,0.25268409151788807,0.18967480061341604,Low,12.819999545812607,12.82999954558909,13.069999536499381,30.479999063536525,0.12819999545812608,0.08553333030392726,0.043566665121664606,0.0761999976588413,0.281494140625,21.480828857421898,92.46477236153,1.1015894293204864,665,0.9274099469184875,0.0,2,0.3913890421390533,12,2026-10-06 03:30:00,2026-10-01 23:00:00,0.9383138020833334
12.54739757326668,77.01617331408426,0.00076757505,0.2751366970208784,0.2065444165281588,Low,17.00999941676855,17.00999941676855,19.33999934606254,38.14999892562628,0.1700999941676855,0.11339999611179034,0.06446666448687513,0.0953749973140657,0.2826385498046875,21.642938232421898,92.28427743735249,1.166091763281097,640,2.937662363052368,341.1455078125,4,0.4534737467765808,12,2026-10-06 03:30:00,2026-10-01 23:00:00,0.9421284993489584
12.54739757326668,77.0660298123529,0.00095972954,0.2751366970208784,0.2065924551506588,Low,17.00999941676855,17.00999941676855,19.33999934606254,38.14999892562628,0.1700999941676855,0.11339999611179034,0.06446666448687513,0.0953749973140657,0.2826385498046875,21.642938232421898,92.28427743735249,1.166091763281097,617,2.1136670112609863,63.98493576049805,2,0.308144211769104,12,2026-10-06 03:30:00,2026-10-01 23:00:00,0.9421284993489584
12.54739757326668,77.1161558052068,0.00066785084,0.2637820513908441,0.19800350125313307,Low,16.509999563917518,16.509999563917518,16.84999955445528,22.999999398365617,0.16509999563917518,0.11006666375945012,0.056166665181517604,0.05749999849591404,0.282257080078125,21.867547607421898,91.61011623374448,1.1678556226567192,656,1.3275766372680664,225.6924591064453,5,0.2433365881443023,12,2026-10-06 03:30:00,2026-10-01 23:00:00,0.94085693359375
12.54739757326668,77.16601230347544,0.0005950979,0.359408756514142,0.2697053418606065,Moderate,36.74999959766865,36.74999959766865,36.75999959744513,47.129999212920666,0.3674999959766865,0.24499999731779099,0.12253333199148377,0.11782499803230166,0.2906036376953125,21.555047607421898,91.16047356038398,1.240899173816617,633,3.3969874382019043,236.9461669921875,6,0.3998620212078094,12,2026-10-06 03:30:00,2026-10-01 23:00:00,0.9686787923177084
12.54739757326668,77.21613829632929,0.00075748534,0.359408756514142,0.26974593872060654,Moderate,36.74999959766865,36.74999959766865,36.75999959744513,47.129999212920666,0.3674999959766865,0.24499999731779099,0.12253333199148377,0.11782499803230166,0.2906036376953125,21.555047607421898,91.16047356038398,1.240899173816617,631,5.296121597290039,314.3075561523437,-6,0.6872093081474304,12,2026-10-06 03:30:00,2026-10-01 23:00:00,0.9686787923177084
12.54739757326668,77.26599479459793,0.0025235813,0.3325566802908977,0.25004840554317326,Moderate,29.40999912843108,29.40999912843108,29.40999912843108,46.98999883234501,0.2940999912843108,0.19606666085620722,0.09803333042810361,0.11747499708086252,0.2930145263671875,21.242547607421898,90.58979349013636,1.3629929340280011,875,14.659743309020996,288.0234375,16,0.6520746946334839,12,2026-10-06 03:30:00,2026-10-01 23:00:00,0.976715087890625
12.54739757326668,77.31612078745178,0.0007295996,0.3325566802908977,0.24959991011817326,Low,29.40999912843108,29.40999912843108,29.40999912843108,46.98999883234501,0.2940999912843108,0.19606666085620722,0.09803333042810361,0.11747499708086252,0.2930145263671875,21.242547607421898,90.58979349013636,1.3629929340280011,722,4.1610307693481445,152.87692260742188,-7,0.3757929801940918,12,2026-10-06 03:30:00,2026-10-01 23:00:00,0.976715087890625
12.54739757326668,77.36597728572042,0.00080176804,0.33193615620235606,0.24915255916176704,Low,29.40999912843108,29.40999912843108,29.40999912843108,46.98999883234501,0.2940999912843108,0.19606666085620722,0.09803333042810361,0.11747499708086252,0.292083740234375,21.254266357421898,90.42597492849296,1.3873022156383512,753,6.005768775939941,232.01397705078125,-6,0.3651735484600067,12,2026-10-06 03:30:00,2026-10-01 23:00:00,0.9736124674479167
12.59725407153531,74.91600201134125,0.00078785775,0.4166926611736417,0.31271646031773126,Moderate,9.059999791905284,68.46999835968018,96.35999744385481,96.89999743551016,0.09059999791905284,0.45646665573120115,0.32119999147951606,0.2422499935887754,0.3405609130859375,25.617547607421898,91.98425220732138,1.6709727868933322,0,0.0,0.0,0,-0.3162503838539123,17,2026-10-06 03:30:00,2026-10-01 23:00:00,1.0
12.59725407153531,74.96612800419513,0.012722404,0.49835865659043194,0.37694959344282397,Moderate,7.799999758601189,111.03999629616737,125.96999567188323,127.07999563962221,0.0779999975860119,0.7402666419744491,0.4198999855729441,0.3176999890990555,0.3405609130859375,25.617547607421898,91.98425220732138,1.6709727868933322,27,4.668597221374512,217.54226684570312,13,0.7903302907943726,9,2026-10-06 03:30:00,2026-10-01 23:00:00,1.0
12.59725407153531,75.01598450246374,0.008617796,0.5390846592612566,0.40646794344594245,Moderate,5.969999864697456,129.39999724924564,145.05999678373337,146.13999674469233,0.05969999864697456,0.8626666483283043,0.4835333226124446,0.36534999186173084,0.3872833251953125,24.971063232421898,94.14498493697276,1.3187594733620438,94,3.397448301315308,123.04875946044922,14,0.204490914940834,10,2026-10-06 03:30:00,2026-10-01 23:00:00,1.0
12.59725407153531,75.06611049531762,0.056860957,0.5390846592612566,0.41852873369594246,Moderate,5.969999864697456,129.39999724924564,145.05999678373337,146.13999674469233,0.05969999864697456,0.8626666483283043,0.4835333226124446,0.36534999186173084,0.3872833251953125,24.971063232421898,94.14498493697276,1.3187594733620438,69,9.923303604125977,337.7129211425781,17,0.7215601205825806,14,2026-10-06 03:30:00,2026-10-01 23:00:00,1.0
12.59725407153531,75.16609298644013,0.021988297,0.5080076588531335,0.3865028183898501,Moderate,3.069999985396862,108.99999697506428,142.7699964940548,142.7699964940548,0.03069999985396862,0.7266666465004286,0.475899988313516,0.356924991235137,0.3872833251953125,24.971063232421898,94.14498493697276,1.3187594733620438,97,11.113237380981444,335.0259094238281,-21,0.7946336269378662,8,2026-10-06 03:30:00,2026-10-01 23:00:00,1.0
12.59725407153531,75.21621897929398,0.34852326,0.45468599353643757,0.42814531015232815,Moderate,2.8999999426305294,70.58999810740352,132.8999966904521,134.5399966351688,0.028999999426305295,0.4705999873826901,0.44299998896817366,0.336349991587922,0.4263916015625,24.041375732421898,96.57998198070972,1.0224522789938326,183,17.91438865661621,162.06951904296875,17,0.7077757716178894,2,2026-10-06 03:30:00,2026-10-01 23:00:00,1.0
12.59725407153531,75.26607547756262,0.01978226,0.45468599353643757,0.34596006015232816,Moderate,2.8999999426305294,70.58999810740352,132.8999966904521,134.5399966351688,0.028999999426305295,0.4705999873826901,0.44299998896817366,0.336349991587922,0.4263916015625,24.041375732421898,96.57998198070972,1.0224522789938326,92,1.900040864944458,90.0,0,0.8047046065330505,8,2026-10-06 03:30:00,2026-10-01 23:00:00,1.0
12.59725407153531,75.3162014704165,0.03346926,0.5189709944188594,0.39759556081414454,Moderate,3.3299999609589577,38.96999948658049,207.65999620594084,209.22999615967274,0.03329999960958958,0.25979999657720326,0.6921999873531361,0.5230749903991818,0.4510040283203125,23.404656982421898,98.09451890381916,0.8412929166159018,110,5.087662220001221,111.32422637939452,4,0.6900875568389893,8,2026-10-06 03:30:00,2026-10-01 23:00:00,1.0
12.59725407153531,75.36605796868514,0.019753719,0.5189709944188594,0.39416667556414453,Moderate,3.3299999609589577,38.96999948658049,207.65999620594084,209.22999615967274,0.03329999960958958,0.25979999657720326,0.6921999873531361,0.5230749903991818,0.4510040283203125,23.404656982421898,98.09451890381916,0.8412929166159018,108,10.992984771728516,0.0,-11,0.7586325407028198,8,2026-10-06 03:30:00,2026-10-01 23:00:00,1.0
12.59725407153531,75.41618396153899,0.019348009,0.628749324406249,0.47639899555468673,Moderate,2.409999931231141,81.52999814972281,258.9299947731197,259.6399947311729,0.02409999931231141,0.5435333209981521,0.8630999825770657,0.6490999868279324,0.454132080078125,23.129266357421898,99.31647414879056,0.8413244238427457,129,3.90691876411438,76.28874206542969,3,0.7252339124679565,8,2026-10-06 03:30:00,2026-10-01 23:00:00,1.0
12.59725407153531,75.46604045980763,0.03158727,0.6035053292064618,0.46052581440484636,Moderate,1.7699999660253525,80.56999908387661,240.72999761998653,242.87999764457345,0.017699999660253526,0.5371333272258441,0.8024333253999552,0.6071999941114337,0.446746826171875,22.674188232421898,99.4909533259687,0.9799099182795088,214,9.338390350341797,233.79791259765625,-14,0.8683871030807495,8,2026-10-06 03:30:00,2026-10-01 23:00:00,1.0
12.59725407153531,75.51616645266151,0.33111125,0.6035053292064618,0.5354068094048464,High,1.7699999660253525,80.56999908387661,240.72999761998653,242.87999764457345,0.017699999660253526,0.5371333272258441,0.8024333253999552,0.6071999941114337,0.446746826171875,22.674188232421898,99.4909533259687,0.9799099182795088,330,20.435197830200195,38.55354309082031,13,0.7540315985679626,2,2026-10-06 03:30:00,2026-10-01 23:00:00,1.0
12.59725407153531,75.56602295093015,0.03268342,0.6035053292064618,0.46079985190484635,Moderate,1.7699999660253525,80.56999908387661,240.72999761998653,242.87999764457345,0.017699999660253526,0.5371333272258441,0.8024333253999552,0.6071999941114337,0.45574951171875,21.449578857421898,99.379138222641,0.9952280379827168,250,8.055919647216797,304.8800048828125,-6,0.7544605731964111,2,2026-10-06 03:30:00,2026-10-01 23:00:00,1.0
12.59725407153531,75.616148943784,0.09888197,0.6035053292064618,0.4773494894048464,Moderate,1.7699999660253525,80.56999908387661,240.72999761998653,242.87999764457345,0.017699999660253526,0.5371333272258441,0.8024333253999552,0.6071999941114337,0.45574951171875,21.449578857421898,99.379138222641,0.9952280379827168,145,2.9954421520233154,288.0201721191406,-2,0.7648595571517944,2,2026-10-06 03:30:00,2026-10-01 23:00:00,1.0
12.59725407153531,75.66600544205264,0.2161425,0.43102033059503886,0.3773008729462791,Moderate,2.41999994777143,45.61999973282218,135.67999819479883,137.9499981906265,0.0241999994777143,0.3041333315521479,0.4522666606493294,0.34487499547656625,0.4513397216796875,19.473016357421898,98.13303796155796,0.937109335545852,314,14.39102840423584,341.1421203613281,-1,0.8241838216781616,2,2026-10-06 03:30:00,2026-10-01 23:00:00,1.0
12.59725407153531,75.71613143490652,0.8332492,0.43102033059503886,0.5315775479462792,High,2.41999994777143,45.61999973282218,135.67999819479883,137.9499981906265,0.0241999994777143,0.3041333315521479,0.4522666606493294,0.34487499547656625,0.4513397216796875,19.473016357421898,98.13303796155796,0.937109335545852,1443,16.643835067749023,330.0419311523437,-11,0.3401534557342529,8,2026-10-06 03:30:00,2026-10-01 23:00:00,1.0
12.59725407153531,75.76598793317515,0.041256614,0.2946526649724692,0.23130365222935192,Low,4.1299999468028545,22.299999648705125,46.46999913826585,50.85999895259738,0.04129999946802854,0.14866666432470083,0.15489999712755284,0.12714999738149346,0.442169189453125,18.353875732421898,96.58637575182487,0.7730090252754133,1217,5.087662220001221,291.32421875,-3,0.7975196242332458,8,2026-10-06 03:30:00,2026-10-01 23:00:00,1.0
12.59725407153531,75.816113926029,0.89655274,0.2946526649724692,0.4451276837293519,Moderate,4.1299999468028545,22.299999648705125,46.46999913826585,50.85999895259738,0.04129999946802854,0.14866666432470083,0.15489999712755284,0.12714999738149346,0.442169189453125,18.353875732421898,96.58637575182487,0.7730090252754133,1003,20.6318473815918,61.77487564086914,2,0.7085413932800293,2,2026-10-06 03:30:00,2026-10-01 23:00:00,1.0
12.59725407153531,75.91609641715152,0.018752517,0.2940056643402825,0.2251923775052119,Low,4.619999762624502,9.339999673888087,41.55999886803329,83.10999880358577,0.04619999762624502,0.06226666449258725,0.13853332956011097,0.20777499700896443,0.389434814453125,21.172235107421898,90.54106562338184,0.6347024713361521,943,1.900040864944458,90.0,2,0.2450445294380188,12,2026-10-06 03:30:00,2026-10-01 23:00:00,1.0
12.59725407153531,75.96622241000537,0.002666876,0.2940056643402825,0.2211709672552119,Low,4.619999762624502,9.339999673888087,41.55999886803329,83.10999880358577,0.04619999762624502,0.06226666449258725,0.13853332956011097,0.20777499700896443,0.389434814453125,21.172235107421898,90.54106562338184,0.6347024713361521,876,1.3277082443237305,225.697998046875,4,0.2647762298583984,12,2026-10-06 03:30:00,2026-10-01 23:00:00,1.0
12.59725407153531,76.01607890827404,0.010785132,0.3367316626371195,0.25524502997783965,Moderate,11.42999972589314,15.3399996496737,49.57999852672219,115.68999614194036,0.1142999972589314,0.102266664331158,0.16526666175574065,0.2892249903548509,0.389434814453125,21.172235107421898,90.54106562338184,0.6347024713361521,828,5.489696979522705,239.64862060546875,9,0.3107455670833587,12,2026-10-06 03:30:00,2026-10-01 23:00:00,1.0
12.59725407153531,76.06620490112789,0.0061771157,0.3367316626371195,0.2540930259028396,Moderate,11.42999972589314,15.3399996496737,49.57999852672219,115.68999614194036,0.1142999972589314,0.102266664331158,0.16526666175574065,0.2892249903548509,0.389434814453125,21.172235107421898,90.54106562338184,0.6347024713361521,832,1.900040864944458,270.0,-1,0.2516025304794311,12,2026-10-06 03:30:00,2026-10-01 23:00:00,1.0
12.59725407153531,76.11606139939653,0.0016174737,0.2907252039403344,0.2184482713802508,Low,13.189999656751752,14.789999606087804,41.989999206736684,92.42999730072916,0.13189999656751752,0.0985999973739187,0.1399666640224556,0.2310749932518229,0.253143310546875,21.414422607421898,89.24998316970414,0.6813931087090496,816,2.9377214908599854,341.1421203613281,-3,0.3959094882011413,12,2026-10-06 03:30:00,2026-10-01 23:00:00,0.84381103515625
12.59725407153531,76.16618739225038,0.0011577753,0.2907252039403344,0.21833334678025082,Low,13.189999656751752,14.789999606087804,41.989999206736684,92.42999730072916,0.13189999656751752,0.0985999973739187,0.1399666640224556,0.2310749932518229,0.253143310546875,21.414422607421898,89.24998316970414,0.6813931087090496,811,2.9954421520233154,288.0201721191406,8,0.3390581607818603,12,2026-10-06 03:30:00,2026-10-01 23:00:00,0.84381103515625
12.59725407153531,76.21604389051902,0.00086463126,0.23105115420551353,0.17350452346913514,Low,11.50999985076487,12.359999818727374,24.56999956816435,47.17999888770282,0.11509999850764871,0.08239999879151583,0.08189999856054783,0.11794999721925706,0.2274017333984375,21.045281982421898,90.6533941822998,0.9564990375985862,839,4.222254276275635,296.0106811523437,-6,0.4333662390708923,12,2026-10-06 03:30:00,2026-10-01 23:00:00,0.7580057779947917
12.59725407153531,76.26616988337287,0.0012584141,0.23105115420551353,0.17360296917913515,Low,11.50999985076487,12.359999818727374,24.56999956816435,47.17999888770282,0.11509999850764871,0.08239999879151583,0.08189999856054783,0.11794999721925706,0.2274017333984375,21.045281982421898,90.6533941822998,0.9564990375985862,820,3.8240678310394287,194.3683013916016,-10,0.2161768823862075,12,2026-10-06 03:30:00,2026-10-01 23:00:00,0.7580057779947917
12.59725407153531,76.3160263816415,0.0016342556,0.3090655555751175,0.23220773058133812,Low,27.079999608919024,27.689999608322978,38.219999296590686,57.20999879017472,0.27079999608919025,0.18459999738881985,0.1273999976553023,0.1430249969754368,0.2492828369140625,20.910516357421898,92.98398160300188,1.0916983437312435,843,5.860077857971191,341.1421203613281,-4,0.2713179886341095,12,2026-10-06 03:30:00,2026-10-01 23:00:00,0.8309427897135417
12.59725407153531,76.36615237449541,0.00089352863,0.2569468099410335,0.19293348961327517,Low,12.919999679550529,12.939999679103494,21.039999494329095,43.379998959600925,0.12919999679550528,0.08626666452735662,0.07013333164776366,0.10844999739900231,0.2681732177734375,21.004266357421898,94.72547387943004,1.18469333105876,815,2.9954421520233154,108.02017974853516,-4,0.2722322940826416,12,2026-10-06 03:30:00,2026-10-01 23:00:00,0.8939107259114584
12.59725407153531,76.41600887276405,0.001239597,0.2569468099410335,0.19302000670577515,Low,12.919999679550529,12.939999679103494,21.039999494329095,43.379998959600925,0.12919999679550528,0.08626666452735662,0.07013333164776366,0.10844999739900231,0.2681732177734375,21.004266357421898,94.72547387943004,1.18469333105876,770,2.083345890045166,207.1275787353516,-1,0.7621387243270874,12,2026-10-06 03:30:00,2026-10-01 23:00:00,0.8939107259114584
12.59725407153531,76.4661348656179,0.0015293603,0.2569468099410335,0.19309244753077515,Low,12.919999679550529,12.939999679103494,21.039999494329095,43.379998959600925,0.12919999679550528,0.08626666452735662,0.07013333164776366,0.10844999739900231,0.2681732177734375,21.164422607421898,95.01783414985532,1.1071422972644496,774,2.9954421520233154,251.9798278808593,9,0.3504213988780975,10,2026-10-06 03:30:00,2026-10-01 23:00:00,0.8939107259114584
12.59725407153531,76.51599136388654,0.0009398503,0.2569468099410335,0.19294507003077516,Low,12.919999679550529,12.939999679103494,21.039999494329095,43.379998959600925,0.12919999679550528,0.08626666452735662,0.07013333164776366,0.10844999739900231,0.2681732177734375,21.164422607421898,95.01783414985532,1.1071422972644496,794,0.9274099469184875,180.0,-1,0.4279621541500091,12,2026-10-06 03:30:00,2026-10-01 23:00:00,0.8939107259114584
12.59725407153531,76.56611735674039,0.00087802485,0.22694194200529405,0.17042596271647054,Low,8.569999866187572,8.569999866187572,9.619999835267663,19.229999678209424,0.08569999866187572,0.05713333244125048,0.03206666611755888,0.04807499919552356,0.2750244140625,20.961297607421898,94.57509533001532,1.135699733210196,843,1.854334115982056,0.0,-9,0.5360932350158691,12,2026-10-06 03:30:00,2026-10-01 23:00:00,0.916748046875
12.59725407153531,76.61597385500903,0.0006656944,0.22694194200529405,0.17037288010397053,Low,8.569999866187572,8.569999866187572,9.619999835267663,19.229999678209424,0.08569999866187572,0.05713333244125048,0.03206666611755888,0.04807499919552356,0.2750244140625,20.961297607421898,94.57509533001532,1.135699733210196,866,5.427492141723633,148.41680908203125,3,0.2071806937456131,12,2026-10-06 03:30:00,2026-10-01 23:00:00,0.916748046875
12.59725407153531,76.66609984786288,0.0008433416,0.2780433802214141,0.20874337056606057,Low,19.73999927379191,19.73999927379191,20.719999242573977,26.109999181702733,0.19739999273791908,0.13159999515861273,0.06906666414191326,0.06527499795425683,0.2818145751953125,21.187860107421898,92.9644786366508,1.048197843016944,830,2.083345890045166,27.12757110595703,1,0.2468346059322357,12,2026-10-06 03:30:00,2026-10-01 23:00:00,0.9393819173177084
12.59725407153531,76.71622584071679,0.0014576411,0.28611863197466986,0.2149533842560024,Low,22.089999370276928,22.089999370276928,22.089999370276928,25.939999287948012,0.22089999370276928,0.14726666246851286,0.07363333123425643,0.06484999821987003,0.2816009521484375,21.601922607421898,91.4281710132434,0.964033327229984,793,7.898428440093994,338.9807434082031,-16,0.2369184494018554,12,2026-10-06 03:30:00,2026-10-01 23:00:00,0.9386698404947917
12.59725407153531,76.76608233898543,0.00071718585,0.28611863197466986,0.2147682704435024,Low,22.089999370276928,22.089999370276928,22.089999370276928,25.939999287948012,0.22089999370276928,0.14726666246851286,0.07363333123425643,0.06484999821987003,0.2816009521484375,21.601922607421898,91.4281710132434,0.964033327229984,758,3.8240678310394287,14.368295669555664,-2,0.2591118216514587,12,2026-10-06 03:30:00,2026-10-01 23:00:00,0.9386698404947917
12.59725407153531,76.81620833183928,0.0010657756,0.24153684753173343,0.18141907954880007,Low,10.94999972730875,10.94999972730875,11.949999688193202,30.41999931819737,0.1094999972730875,0.07299999818205834,0.03983333229397734,0.07604999829549343,0.2747802734375,21.762078857421898,91.338875448074,1.015338276060007,710,0.9274099469184875,180.0,-2,0.7643265128135681,12,2026-10-06 03:30:00,2026-10-01 23:00:00,0.9159342447916667
12.59725407153531,76.86606483010792,0.00048296322,0.24153684753173343,0.18127337645380007,Low,10.94999972730875,10.94999972730875,11.949999688193202,30.41999931819737,0.1094999972730875,0.07299999818205834,0.03983333229397734,0.07604999829549343,0.2747802734375,21.762078857421898,91.338875448074,1.015338276060007,723,3.3658347129821777,325.66259765625,-6,0.3804894387722015,12,2026-10-06 03:30:00,2026-10-01 23:00:00,0.9159342447916667
12.59725407153531,76.91619082296177,0.00066011737,0.27451151382320876,0.20604866470990657,Low,17.559999642893672,17.559999642893672,20.679999558255076,41.85999929346144,0.17559999642893673,0.11706666428595781,0.06893333186085025,0.1046499982336536,0.2747802734375,21.762078857421898,91.338875448074,1.015338276060007,687,2.083345890045166,207.1275787353516,-1,0.622650146484375,12,2026-10-06 03:30:00,2026-10-01 23:00:00,0.9159342447916667
12.59725407153531,76.9660473212304,0.0010769453,0.27451151382320876,0.20615287169240656,Low,17.559999642893672,17.559999642893672,20.679999558255076,41.85999929346144,0.17559999642893673,0.11706666428595781,0.06893333186085025,0.1046499982336536,0.2747802734375,21.762078857421898,91.338875448074,1.015338276060007,668,6.610244274139404,314.302001953125,-13,0.4080637991428375,12,2026-10-06 03:30:00,2026-10-01 23:00:00,0.9159342447916667
12.59725407153531,77.01617331408426,0.0050058863,0.3270460103552789,0.24653597934145918,Low,27.439999325200915,27.439999325200915,33.469999169930816,58.92999883368611,0.27439999325200914,0.18293332883467278,0.11156666389976938,0.1473249970842153,0.2799835205078125,21.795281982421898,91.28588079492413,1.1174383150506904,636,17.939640045166016,0.0,36,-0.2776280343532562,12,2026-10-06 03:30:00,2026-10-01 23:00:00,0.9332784016927084
12.59725407153531,77.0660298123529,0.00088730635,0.3270460103552789,0.2455063343539592,Low,27.439999325200915,27.439999325200915,33.469999169930816,58.92999883368611,0.27439999325200914,0.18293332883467278,0.11156666389976938,0.1473249970842153,0.2799835205078125,21.795281982421898,91.28588079492413,1.1174383150506904,623,1.854334115982056,0.0,8,0.4569437503814697,12,2026-10-06 03:30:00,2026-10-01 23:00:00,0.9332784016927084
12.59725407153531,77.1161558052068,0.001762721,0.3116012341115624,0.23414160583367177,Low,26.64999927394092,26.64999927394092,30.069999175146222,45.64999873563647,0.2664999927394092,0.1776666618262728,0.10023333058382074,0.11412499683909118,0.2744903564453125,21.599969482421898,91.5385418638611,1.2365735958507973,664,4.723106861114502,348.4185485839844,10,0.7065578103065491,12,2026-10-06 03:30:00,2026-10-01 23:00:00,0.9149678548177084
12.59725407153531,77.16601230347544,0.0007770742,0.365394648298497,0.27424025477387276,Moderate,38.76999897696078,38.76999897696078,40.179998967796564,62.43999853357673,0.3876999897696078,0.2584666598464052,0.13393332989265522,0.1560999963339418,0.2747039794921875,21.215203857421898,91.43733267014564,1.3310628725758111,655,3.8240678310394287,194.3683013916016,-8,0.5199731588363647,12,2026-10-06 03:30:00,2026-10-01 23:00:00,0.915679931640625
12.59725407153531,77.21613829632929,0.0033899893,0.365394648298497,0.2748934835488728,Moderate,38.76999897696078,38.76999897696078,40.179998967796564,62.43999853357673,0.3876999897696078,0.2584666598464052,0.13393332989265522,0.1560999963339418,0.2747039794921875,21.215203857421898,91.43733267014564,1.3310628725758111,633,4.161197185516357,152.87242126464844,18,0.4591937065124511,12,2026-10-06 03:30:00,2026-10-01 23:00:00,0.915679931640625
12.59725407153531,77.26599479459793,0.0013090377,0.3559702725815277,0.2673049638611458,Moderate,34.74999919719994,34.74999919719994,34.99999918974936,69.73999799787998,0.34749999197199943,0.23166666131466626,0.1166666639658312,0.17434999499469994,0.2798004150390625,21.033563232421898,90.63058871998884,1.4590699377725578,709,9.095102310180664,204.48486328125,-7,0.3097395300865173,12,2026-10-06 03:30:00,2026-10-01 23:00:00,0.9326680501302084
12.59725407153531,77.31612078745178,0.001094729,0.3559702725815277,0.2672513866861458,Moderate,34.74999919719994,34.74999919719994,34.99999918974936,69.73999799787998,0.34749999197199943,0.23166666131466626,0.1166666639658312,0.17434999499469994,0.2798004150390625,21.033563232421898,90.63058871998884,1.4590699377725578,741,4.700410842895508,233.79791259765625,-11,0.7459213733673096,12,2026-10-06 03:30:00,2026-10-01 23:00:00,0.9326680501302084
12.59725407153531,77.36597728572042,0.0008523063,0.3555735440659027,0.26689323462442704,Moderate,34.74999919719994,34.74999919719994,34.99999918974936,69.73999799787998,0.34749999197199943,0.23166666131466626,0.1166666639658312,0.17434999499469994,0.279205322265625,21.086297607421898,90.85442630462232,1.4891369093428772,657,1.900040864944458,90.0,3,0.3661631345748901,12,2026-10-06 03:30:00,2026-10-01 23:00:00,0.9306844075520834
12.647380064389177,74.91600201134125,0.0076316684,0.4166926611736417,0.31442741298023125,Moderate,9.059999791905284,68.46999835968018,96.35999744385481,96.89999743551016,0.09059999791905284,0.45646665573120115,0.32119999147951606,0.2422499935887754,0.3405609130859375,25.617547607421898,91.98425220732138,1.6709727868933322,12,1.327841877937317,314.29638671875,3,0.7440467476844788,9,2026-10-06 03:30:00,2026-10-01 23:00:00,1.0
12.647380064389177,74.96612800419513,0.0055293906,0.49835865659043194,0.37515134009282397,Moderate,7.799999758601189,111.03999629616737,125.96999567188323,127.07999563962221,0.0779999975860119,0.7402666419744491,0.4198999855729441,0.3176999890990555,0.3405609130859375,25.617547607421898,91.98425220732138,1.6709727868933322,19,3.366044759750366,145.6573486328125,3,0.8185984492301941,14,2026-10-06 03:30:00,2026-10-01 23:00:00,1.0
12.647380064389177,75.01598450246374,0.02445597,0.5390846592612566,0.41042748694594244,Moderate,5.969999864697456,129.39999724924564,145.05999678373337,146.13999674469233,0.05969999864697456,0.8626666483283043,0.4835333226124446,0.36534999186173084,0.3872833251953125,24.971063232421898,94.14498493697276,1.3187594733620438,73,5.8601975440979,161.138671875,-24,0.751441240310669,14,2026-10-06 03:30:00,2026-10-01 23:00:00,1.0
12.647380064389177,75.06611049531762,0.033937126,0.5390846592612566,0.41279777594594247,Moderate,5.969999864697456,129.39999724924564,145.05999678373337,146.13999674469233,0.05969999864697456,0.8626666483283043,0.4835333226124446,0.36534999186173084,0.3872833251953125,24.971063232421898,94.14498493697276,1.3187594733620438,116,6.624216079711914,90.0,16,0.7619367837905884,9,2026-10-06 03:30:00,2026-10-01 23:00:00,1.0
12.647380064389177,75.16609298644013,0.016615696,0.5080076588531335,0.3851596681398501,Moderate,3.069999985396862,108.99999697506428,142.7699964940548,142.7699964940548,0.03069999985396862,0.7266666465004286,0.475899988313516,0.356924991235137,0.3872833251953125,24.971063232421898,94.14498493697276,1.3187594733620438,95,2.937781810760498,198.861328125,10,0.3730862140655517,9,2026-10-06 03:30:00,2026-10-01 23:00:00,1.0
12.647380064389177,75.21621897929398,0.044657692,0.45468599353643757,0.35217891815232816,Moderate,2.8999999426305294,70.58999810740352,132.8999966904521,134.5399966351688,0.028999999426305295,0.4705999873826901,0.44299998896817366,0.336349991587922,0.4263916015625,24.041375732421898,96.57998198070972,1.0224522789938326,115,11.339017868041992,14.371002197265623,17,0.7436357140541077,14,2026-10-06 03:30:00,2026-10-01 23:00:00,1.0
12.647380064389177,75.26607547756262,0.045159686,0.45468599353643757,0.3523044166523282,Moderate,2.8999999426305294,70.58999810740352,132.8999966904521,134.5399966351688,0.028999999426305295,0.4705999873826901,0.44299998896817366,0.336349991587922,0.4263916015625,24.041375732421898,96.57998198070972,1.0224522789938326,105,5.758786201477051,99.23673248291016,-5,0.7686827182769775,8,2026-10-06 03:30:00,2026-10-01 23:00:00,1.0
12.647380064389177,75.3162014704165,0.027844371,0.5189709944188594,0.39618933856414457,Moderate,3.3299999609589577,38.96999948658049,207.65999620594084,209.22999615967274,0.03329999960958958,0.25979999657720326,0.6921999873531361,0.5230749903991818,0.4510040283203125,23.404656982421898,98.09451890381916,0.8412929166159018,101,0.9274099469184875,180.0,2,0.735844612121582,8,2026-10-06 03:30:00,2026-10-01 23:00:00,1.0
12.647380064389177,75.36605796868514,0.018102644,0.5189709944188594,0.39375390681414457,Moderate,3.3299999609589577,38.96999948658049,207.65999620594084,209.22999615967274,0.03329999960958958,0.25979999657720326,0.6921999873531361,0.5230749903991818,0.4510040283203125,23.404656982421898,98.09451890381916,0.8412929166159018,139,2.114332437515259,116.00625610351562,1,0.8155162930488586,8,2026-10-06 03:30:00,2026-10-01 23:00:00,1.0
12.647380064389177,75.41618396153899,0.041429274,0.628749324406249,0.4819193118046867,Moderate,2.409999931231141,81.52999814972281,258.9299947731197,259.6399947311729,0.02409999931231141,0.5435333209981521,0.8630999825770657,0.6490999868279324,0.454132080078125,23.129266357421898,99.31647414879056,0.8413244238427457,207,8.686625480651855,282.23406982421875,-28,0.7585635781288147,2,2026-10-06 03:30:00,2026-10-01 23:00:00,1.0
12.647380064389177,75.46604045980763,0.46065497,0.6035053292064618,0.5677927394048463,High,1.7699999660253525,80.56999908387661,240.72999761998653,242.87999764457345,0.017699999660253526,0.5371333272258441,0.8024333253999552,0.6071999941114337,0.446746826171875,22.674188232421898,99.4909533259687,0.9799099182795088,258,29.01587104797364,344.3838195800781,1,0.7721015214920044,2,2026-10-06 03:30:00,2026-10-01 23:00:00,1.0
12.647380064389177,75.51616645266151,0.023637874,0.6035053292064618,0.4585384654048464,Moderate,1.7699999660253525,80.56999908387661,240.72999761998653,242.87999764457345,0.017699999660253526,0.5371333272258441,0.8024333253999552,0.6071999941114337,0.446746826171875,22.674188232421898,99.4909533259687,0.9799099182795088,152,13.648222923278809,0.0,-12,0.8496045470237732,8,2026-10-06 03:30:00,2026-10-01 23:00:00,1.0
12.647380064389177,75.56602295093015,0.59377754,0.6035053292064618,0.6010733819048464,High,1.7699999660253525,80.56999908387661,240.72999761998653,242.87999764457345,0.017699999660253526,0.5371333272258441,0.8024333253999552,0.6071999941114337,0.45574951171875,21.449578857421898,99.379138222641,0.9952280379827168,192,25.48797035217285,190.0207977294922,28,0.7960055470466614,2,2026-10-06 03:30:00,2026-10-01 23:00:00,1.0
12.647380064389177,75.616148943784,0.21078984,0.6035053292064618,0.5053264569048463,High,1.7699999660253525,80.56999908387661,240.72999761998653,242.87999764457345,0.017699999660253526,0.5371333272258441,0.8024333253999552,0.6071999941114337,0.45574951171875,21.449578857421898,99.379138222641,0.9952280379827168,231,21.71085548400879,90.0,-1,0.8008441925048828,2,2026-10-06 03:30:00,2026-10-01 23:00:00,1.0
12.647380064389177,75.66600544205264,0.4060157,0.43102033059503886,0.42476917294627914,Moderate,2.41999994777143,45.61999973282218,135.67999819479883,137.9499981906265,0.0241999994777143,0.3041333315521479,0.4522666606493294,0.34487499547656625,0.4513397216796875,19.473016357421898,98.13303796155796,0.937109335545852,530,5.627379894256592,189.69322204589844,20,0.8123542070388794,2,2026-10-06 03:30:00,2026-10-01 23:00:00,1.0
12.647380064389177,75.71613143490652,0.56529033,0.43102033059503886,0.46458783044627916,Moderate,2.41999994777143,45.61999973282218,135.67999819479883,137.9499981906265,0.0241999994777143,0.3041333315521479,0.4522666606493294,0.34487499547656625,0.4513397216796875,19.473016357421898,98.13303796155796,0.937109335545852,966,9.419758796691896,90.0,23,0.8436657786369324,8,2026-10-06 03:30:00,2026-10-01 23:00:00,1.0
12.647380064389177,75.76598793317515,0.44570923,0.2946526649724692,0.33241680622935194,Moderate,4.1299999468028545,22.299999648705125,46.46999913826585,50.85999895259738,0.04129999946802854,0.14866666432470083,0.15489999712755284,0.12714999738149346,0.442169189453125,18.353875732421898,96.58637575182487,0.7730090252754133,1246,12.204008102416992,274.2923889160156,8,0.7795469760894775,8,2026-10-06 03:30:00,2026-10-01 23:00:00,1.0
12.647380064389177,75.816113926029,0.74787366,0.2946526649724692,0.4079579137293519,Moderate,4.1299999468028545,22.299999648705125,46.46999913826585,50.85999895259738,0.04129999946802854,0.14866666432470083,0.15489999712755284,0.12714999738149346,0.442169189453125,18.353875732421898,96.58637575182487,0.7730090252754133,1056,17.713579177856445,69.22061157226562,-24,0.7975210547447205,2,2026-10-06 03:30:00,2026-10-01 23:00:00,1.0
12.647380064389177,75.91609641715152,0.11072561,0.2940056643402825,0.2481856507552119,Low,4.619999762624502,9.339999673888087,41.55999886803329,83.10999880358577,0.04619999762624502,0.06226666449258725,0.13853332956011097,0.20777499700896443,0.389434814453125,21.172235107421898,90.54106562338184,0.6347024713361521,948,4.741921424865723,90.0,0,0.8032052516937256,8,2026-10-06 03:30:00,2026-10-01 23:00:00,1.0
12.647380064389177,75.96622241000537,0.0026769673,0.2940056643402825,0.2211734900802119,Low,4.619999762624502,9.339999673888087,41.55999886803329,83.10999880358577,0.04619999762624502,0.06226666449258725,0.13853332956011097,0.20777499700896443,0.389434814453125,21.172235107421898,90.54106562338184,0.6347024713361521,878,3.9076411724090576,103.70866394042967,-6,0.2330119907855987,12,2026-10-06 03:30:00,2026-10-01 23:00:00,1.0
12.647380064389177,76.01607890827404,0.01282788,0.3367316626371195,0.2557557169778396,Moderate,11.42999972589314,15.3399996496737,49.57999852672219,115.68999614194036,0.1142999972589314,0.102266664331158,0.16526666175574065,0.2892249903548509,0.389434814453125,21.172235107421898,90.54106562338184,0.6347024713361521,870,5.758786201477051,80.76326751708984,3,0.2513628304004669,12,2026-10-06 03:30:00,2026-10-01 23:00:00,1.0
12.647380064389177,76.06620490112789,0.0063632904,0.3367316626371195,0.2541395695778396,Moderate,11.42999972589314,15.3399996496737,49.57999852672219,115.68999614194036,0.1142999972589314,0.102266664331158,0.16526666175574065,0.2892249903548509,0.389434814453125,21.172235107421898,90.54106562338184,0.6347024713361521,845,5.297173976898193,134.29637145996094,-12,0.3280628621578216,12,2026-10-06 03:30:00,2026-10-01 23:00:00,1.0
12.647380064389177,76.11606139939653,0.0038318648,0.2907252039403344,0.2190018691552508,Low,13.189999656751752,14.789999606087804,41.989999206736684,92.42999730072916,0.13189999656751752,0.0985999973739187,0.1399666640224556,0.2310749932518229,0.253143310546875,21.414422607421898,89.24998316970414,0.6813931087090496,847,4.99928092956543,157.70896911621094,12,0.2339459955692291,12,2026-10-06 03:30:00,2026-10-01 23:00:00,0.84381103515625
12.647380064389177,76.16618739225038,0.0012786887,0.2907252039403344,0.21836357513025081,Low,13.189999656751752,14.789999606087804,41.989999206736684,92.42999730072916,0.13189999656751752,0.0985999973739187,0.1399666640224556,0.2310749932518229,0.253143310546875,21.414422607421898,89.24998316970414,0.6813931087090496,857,4.668936729431152,217.54771423339844,7,0.2391421049833297,12,2026-10-06 03:30:00,2026-10-01 23:00:00,0.84381103515625
12.647380064389177,76.21604389051902,0.0008181328,0.23105115420551353,0.17349289885413513,Low,11.50999985076487,12.359999818727374,24.56999956816435,47.17999888770282,0.11509999850764871,0.08239999879151583,0.08189999856054783,0.11794999721925706,0.2274017333984375,21.045281982421898,90.6533941822998,0.9564990375985862,879,3.704791784286499,0.0,-1,0.3013487160205841,12,2026-10-06 03:30:00,2026-10-01 23:00:00,0.7580057779947917
12.647380064389177,76.26616988337287,0.0010769248,0.23105115420551353,0.17355759685413513,Low,11.50999985076487,12.359999818727374,24.56999956816435,47.17999888770282,0.11509999850764871,0.08239999879151583,0.08189999856054783,0.11794999721925706,0.2274017333984375,21.045281982421898,90.6533941822998,0.9564990375985862,851,4.222922325134277,116.00625610351562,8,0.4757122695446014,12,2026-10-06 03:30:00,2026-10-01 23:00:00,0.7580057779947917
12.647380064389177,76.3160263816415,0.0010058656,0.3090655555751175,0.23205063308133814,Low,27.079999608919024,27.689999608322978,38.219999296590686,57.20999879017472,0.27079999608919025,0.18459999738881985,0.1273999976553023,0.1430249969754368,0.2492828369140625,20.910516357421898,92.98398160300188,1.0916983437312435,856,3.8241138458251953,165.62899780273438,-7,0.1650637835264206,12,2026-10-06 03:30:00,2026-10-01 23:00:00,0.8309427897135417
12.647380064389177,76.36615237449541,0.0018951035,0.2569468099410335,0.19318388333077516,Low,12.919999679550529,12.939999679103494,21.039999494329095,43.379998959600925,0.12919999679550528,0.08626666452735662,0.07013333164776366,0.10844999739900231,0.2681732177734375,21.004266357421898,94.72547387943004,1.18469333105876,813,1.327841877937317,45.7036247253418,1,0.7515428066253662,12,2026-10-06 03:30:00,2026-10-01 23:00:00,0.8939107259114584
12.647380064389177,76.41600887276405,0.0005773839,0.2569468099410335,0.19285445343077515,Low,12.919999679550529,12.939999679103494,21.039999494329095,43.379998959600925,0.12919999679550528,0.08626666452735662,0.07013333164776366,0.10844999739900231,0.2681732177734375,21.004266357421898,94.72547387943004,1.18469333105876,781,0.0,0.0,-4,0.3927291631698608,12,2026-10-06 03:30:00,2026-10-01 23:00:00,0.8939107259114584
12.647380064389177,76.4661348656179,0.0010242122,0.2569468099410335,0.19296616050577517,Low,12.919999679550529,12.939999679103494,21.039999494329095,43.379998959600925,0.12919999679550528,0.08626666452735662,0.07013333164776366,0.10844999739900231,0.2681732177734375,21.164422607421898,95.01783414985532,1.1071422972644496,815,3.9778354167938232,134.29637145996094,12,0.5692994594573975,12,2026-10-06 03:30:00,2026-10-01 23:00:00,0.8939107259114584
12.647380064389177,76.51599136388654,0.0007706526,0.2569468099410335,0.19290277060577515,Low,12.919999679550529,12.939999679103494,21.039999494329095,43.379998959600925,0.12919999679550528,0.08626666452735662,0.07013333164776366,0.10844999739900231,0.2681732177734375,21.164422607421898,95.01783414985532,1.1071422972644496,802,2.114332437515259,116.00625610351562,-7,0.2872169017791748,12,2026-10-06 03:30:00,2026-10-01 23:00:00,0.8939107259114584
12.647380064389177,76.56611735674039,0.00083878625,0.22694194200529405,0.17041615306647054,Low,8.569999866187572,8.569999866187572,9.619999835267663,19.229999678209424,0.08569999866187572,0.05713333244125048,0.03206666611755888,0.04807499919552356,0.2750244140625,20.961297607421898,94.57509533001532,1.135699733210196,877,9.216238975524902,225.70362854003903,-4,0.2368331402540207,12,2026-10-06 03:30:00,2026-10-01 23:00:00,0.916748046875
12.647380064389177,76.61597385500903,0.005493363,0.22694194200529405,0.17157979725397055,Low,8.569999866187572,8.569999866187572,9.619999835267663,19.229999678209424,0.08569999866187572,0.05713333244125048,0.03206666611755888,0.04807499919552356,0.2750244140625,20.961297607421898,94.57509533001532,1.135699733210196,939,19.8841495513916,105.5774917602539,39,0.351598173379898,12,2026-10-06 03:30:00,2026-10-01 23:00:00,0.916748046875
12.647380064389177,76.66609984786288,0.0007875084,0.2780433802214141,0.20872941226606057,Low,19.73999927379191,19.73999927379191,20.719999242573977,26.109999181702733,0.19739999273791908,0.13159999515861273,0.06906666414191326,0.06527499795425683,0.2818145751953125,21.187860107421898,92.9644786366508,1.048197843016944,874,6.772098064422607,236.9563903808593,2,0.1919284611940384,12,2026-10-06 03:30:00,2026-10-01 23:00:00,0.9393819173177084
12.647380064389177,76.71622584071679,0.00071304507,0.28611863197466986,0.2147672352485024,Low,22.089999370276928,22.089999370276928,22.089999370276928,25.939999287948012,0.22089999370276928,0.14726666246851286,0.07363333123425643,0.06484999821987003,0.2816009521484375,21.601922607421898,91.4281710132434,0.964033327229984,803,0.9274099469184875,180.0,5,0.3029955923557281,12,2026-10-06 03:30:00,2026-10-01 23:00:00,0.9386698404947917
12.647380064389177,76.76608233898543,0.00066033984,0.28611863197466986,0.2147540589410024,Low,22.089999370276928,22.089999370276928,22.089999370276928,25.939999287948012,0.22089999370276928,0.14726666246851286,0.07363333123425643,0.06484999821987003,0.2816009521484375,21.601922607421898,91.4281710132434,0.964033327229984,806,4.222922325134277,116.00625610351562,7,0.4373024106025696,12,2026-10-06 03:30:00,2026-10-01 23:00:00,0.9386698404947917
12.647380064389177,76.81620833183928,0.00091538747,0.24153684753173343,0.18138148251630007,Low,10.94999972730875,10.94999972730875,11.949999688193202,30.41999931819737,0.1094999972730875,0.07299999818205834,0.03983333229397734,0.07604999829549343,0.2747802734375,21.762078857421898,91.338875448074,1.015338276060007,734,0.9504684209823608,90.0,-7,0.2857802808284759,12,2026-10-06 03:30:00,2026-10-01 23:00:00,0.9159342447916667
12.647380064389177,76.86606483010792,0.0007531457,0.24153684753173343,0.18134092207380006,Low,10.94999972730875,10.94999972730875,11.949999688193202,30.41999931819737,0.1094999972730875,0.07299999818205834,0.03983333229397734,0.07604999829549343,0.2747802734375,21.762078857421898,91.338875448074,1.015338276060007,709,0.9274099469184875,180.0,11,0.5464375019073486,12,2026-10-06 03:30:00,2026-10-01 23:00:00,0.9159342447916667
12.647380064389177,76.91619082296177,0.0007161187,0.27451151382320876,0.20606266504240656,Low,17.559999642893672,17.559999642893672,20.679999558255076,41.85999929346144,0.17559999642893673,0.11706666428595781,0.06893333186085025,0.1046499982336536,0.2747802734375,21.762078857421898,91.338875448074,1.015338276060007,695,2.937781810760498,161.138671875,7,0.4349019825458526,12,2026-10-06 03:30:00,2026-10-01 23:00:00,0.9159342447916667
12.647380064389177,76.9660473212304,0.0011350531,0.27451151382320876,0.20616739864240655,Low,17.559999642893672,17.559999642893672,20.679999558255076,41.85999929346144,0.17559999642893673,0.11706666428595781,0.06893333186085025,0.1046499982336536,0.2747802734375,21.762078857421898,91.338875448074,1.015338276060007,691,1.327841877937317,45.7036247253418,-10,0.3106562793254852,12,2026-10-06 03:30:00,2026-10-01 23:00:00,0.9159342447916667
12.647380064389177,77.01617331408426,0.0011091845,0.3270460103552789,0.24556180389145918,Low,27.439999325200915,27.439999325200915,33.469999169930816,58.92999883368611,0.27439999325200914,0.18293332883467278,0.11156666389976938,0.1473249970842153,0.2799835205078125,21.795281982421898,91.28588079492413,1.1174383150506904,663,2.0834310054779053,27.13214111328125,-4,0.5816044211387634,12,2026-10-06 03:30:00,2026-10-01 23:00:00,0.9332784016927084
12.647380064389177,77.0660298123529,0.0010833926,0.3270460103552789,0.2455553559164592,Low,27.439999325200915,27.439999325200915,33.469999169930816,58.92999883368611,0.27439999325200914,0.18293332883467278,0.11156666389976938,0.1473249970842153,0.2799835205078125,21.795281982421898,91.28588079492413,1.1174383150506904,654,4.161366939544678,27.13214111328125,2,0.272117406129837,12,2026-10-06 03:30:00,2026-10-01 23:00:00,0.9332784016927084
12.647380064389177,77.1161558052068,0.0007852012,0.3116012341115624,0.2338972258836718,Low,26.64999927394092,26.64999927394092,30.069999175146222,45.64999873563647,0.2664999927394092,0.1776666618262728,0.10023333058382074,0.11412499683909118,0.2744903564453125,21.599969482421898,91.5385418638611,1.2365735958507973,676,2.654258728027344,225.70362854003903,-11,0.4844913184642792,12,2026-10-06 03:30:00,2026-10-01 23:00:00,0.9149678548177084
12.647380064389177,77.16601230347544,0.00062828354,0.365394648298497,0.27420305710887277,Moderate,38.76999897696078,38.76999897696078,40.179998967796564,62.43999853357673,0.3876999897696078,0.2584666598464052,0.13393332989265522,0.1560999963339418,0.2747039794921875,21.215203857421898,91.43733267014564,1.3310628725758111,662,2.114332437515259,116.00625610351562,-1,0.5961306095123291,12,2026-10-06 03:30:00,2026-10-01 23:00:00,0.915679931640625
12.647380064389177,77.21613829632929,0.0010731647,0.365394648298497,0.27431427739887276,Moderate,38.76999897696078,38.76999897696078,40.179998967796564,62.43999853357673,0.3876999897696078,0.2584666598464052,0.13393332989265522,0.1560999963339418,0.2747039794921875,21.215203857421898,91.43733267014564,1.3310628725758111,672,2.937781810760498,18.861326217651367,-9,0.6077294945716858,12,2026-10-06 03:30:00,2026-10-01 23:00:00,0.915679931640625
12.647380064389177,77.26599479459793,0.00067115086,0.3559702725815277,0.26714549215114575,Moderate,34.74999919719994,34.74999919719994,34.99999918974936,69.73999799787998,0.34749999197199943,0.23166666131466626,0.1166666639658312,0.17434999499469994,0.2798004150390625,21.033563232421898,90.63058871998884,1.4590699377725578,723,8.836212158203125,301.37628173828125,-6,0.6021608114242554,12,2026-10-06 03:30:00,2026-10-01 23:00:00,0.9326680501302084
12.647380064389177,77.31612078745178,0.00093037286,0.3559702725815277,0.2672102976511458,Moderate,34.74999919719994,34.74999919719994,34.99999918974936,69.73999799787998,0.34749999197199943,0.23166666131466626,0.1166666639658312,0.17434999499469994,0.2798004150390625,21.033563232421898,90.63058871998884,1.4590699377725578,714,4.8309502601623535,101.04232788085938,-3,0.3683841526508331,12,2026-10-06 03:30:00,2026-10-01 23:00:00,0.9326680501302084
12.647380064389177,77.36597728572042,0.0007821397,0.3555735440659027,0.26687569297442704,Moderate,34.74999919719994,34.74999919719994,34.99999918974936,69.73999799787998,0.34749999197199943,0.23166666131466626,0.1166666639658312,0.17434999499469994,0.279205322265625,21.086297607421898,90.85442630462232,1.4891369093428772,660,5.088525295257568,248.67958068847656,-5,-0.1452631652355194,12,2026-10-06 03:30:00,2026-10-01 23:00:00,0.9306844075520834
12.697236562657814,74.86614551307261,0.00078785775,0.4440553271689763,0.3332384598142322,Moderate,13.87999963760376,74.11999814212322,104.42999735474586,107.3799973167479,0.1387999963760376,0.49413332094748813,0.3480999911824862,0.26844999329186975,0.3363189697265625,26.271844482421898,90.88019827326085,2.1365283101088024,0,0.0,0.0,0,-0.2499241679906845,17,2026-10-06 03:30:00,2026-10-01 23:00:00,1.0
12.697236562657814,74.91600201134125,0.0145669645,0.4440553271689763,0.3366832365017322,Moderate,13.87999963760376,74.11999814212322,104.42999735474586,107.3799973167479,0.1387999963760376,0.49413332094748813,0.3480999911824862,0.26844999329186975,0.3363189697265625,26.271844482421898,90.88019827326085,2.1365283101088024,23,8.68821907043457,102.23175048828124,-5,0.5180839896202087,14,2026-10-06 03:30:00,2026-10-01 23:00:00,1.0
12.697236562657814,74.96612800419513,0.1548636,0.49851099526161957,0.41259914644621465,Moderate,14.109999939799309,102.26999843865633,123.85999772697687,124.22999773174524,0.1410999993979931,0.6817999895910422,0.4128666590899229,0.3105749943293631,0.33233642578125,25.683953857421898,91.6118040300928,1.5946159594367877,70,14.704842567443848,22.294960021972656,-3,0.7753652930259705,14,2026-10-06 03:30:00,2026-10-01 23:00:00,1.0
12.697236562657814,75.01598450246374,0.04937568,0.5175079903818046,0.40047491278635344,Moderate,7.3599998615682125,116.3999963440001,137.35999581590295,137.4799958113581,0.07359999861568213,0.7759999756266673,0.45786665271967647,0.34369998952839526,0.3779296875,25.119500732421898,93.2062863419644,1.161192224505502,102,11.405627250671388,260.7650451660156,-3,0.7352845668792725,14,2026-10-06 03:30:00,2026-10-01 23:00:00,1.0
12.697236562657814,75.06611049531762,0.11109108,0.5175079903818046,0.41590376278635344,Moderate,7.3599998615682125,116.3999963440001,137.35999581590295,137.4799958113581,0.07359999861568213,0.7759999756266673,0.45786665271967647,0.34369998952839526,0.3779296875,25.119500732421898,93.2062863419644,1.161192224505502,71,11.530640602111816,330.7892150878906,9,0.5059045553207397,14,2026-10-06 03:30:00,2026-10-01 23:00:00,1.0
12.697236562657814,75.16609298644013,0.19804277,0.5473123222043739,0.4599949341532804,Moderate,3.469999907538295,129.22999571822584,155.78999509476125,155.78999509476125,0.034699999075382945,0.8615333047881722,0.5192999836492042,0.38947498773690314,0.3779296875,25.119500732421898,93.2062863419644,1.161192224505502,99,16.84859848022461,61.244476318359375,-3,0.721045196056366,9,2026-10-06 03:30:00,2026-10-01 23:00:00,1.0
12.697236562657814,75.21621897929398,0.08612447,0.5739676572373138,0.4520068604279853,Moderate,3.549999888986349,116.79999735765159,186.36999508552253,186.36999508552253,0.03549999888986349,0.7786666490510106,0.6212333169517418,0.4659249877138063,0.4130859375,24.041375732421898,96.76216072799195,0.9219235979427148,93,9.195145606994627,180.0,2,0.5166723728179932,8,2026-10-06 03:30:00,2026-10-01 23:00:00,1.0
12.697236562657814,75.26607547756262,0.11051331,0.5739676572373138,0.45810407042798534,Moderate,3.549999888986349,116.79999735765159,186.36999508552253,186.36999508552253,0.03549999888986349,0.7786666490510106,0.6212333169517418,0.4659249877138063,0.4130859375,24.041375732421898,96.76216072799195,0.9219235979427148,114,10.502169609069824,259.94195556640625,-6,0.5739964246749878,8,2026-10-06 03:30:00,2026-10-01 23:00:00,1.0
12.697236562657814,75.3162014704165,0.023688825,0.5501589952886725,0.4185414527165044,Moderate,0.9799999687820673,95.30999862216413,189.39999756775796,190.02999753318727,0.009799999687820672,0.6353999908144276,0.6313333252258598,0.4750749938329682,0.435272216796875,23.369500732421898,98.54698069877234,0.788027715388503,97,8.577813148498535,318.6965026855469,-7,0.7438271641731262,8,2026-10-06 03:30:00,2026-10-01 23:00:00,1.0
12.697236562657814,75.36605796868514,0.1331454,0.5501589952886725,0.4459055964665044,Moderate,0.9799999687820673,95.30999862216413,189.39999756775796,190.02999753318727,0.009799999687820672,0.6353999908144276,0.6313333252258598,0.4750749938329682,0.435272216796875,23.369500732421898,98.54698069877234,0.788027715388503,225,15.56634521484375,220.93722534179688,32,0.8074515461921692,2,2026-10-06 03:30:00,2026-10-01 23:00:00,1.0
12.697236562657814,75.41618396153899,0.04110984,0.5863656606630734,0.45005170549730505,Moderate,0.7299999948590994,94.14999934099615,217.52999593876302,220.90999591723084,0.007299999948590994,0.6276666622733077,0.7250999864625434,0.5522749897930771,0.4563140869140625,22.965203857421898,99.44498894414043,0.7748873903538424,100,10.383994102478027,264.9319152832031,16,0.755810558795929,8,2026-10-06 03:30:00,2026-10-01 23:00:00,1.0
12.697236562657814,75.46604045980763,0.2261134,0.5223999950559188,0.44832834629193913,Moderate,0.2199999988079071,107.69999857246876,157.69999738410115,161.8399973474443,0.002199999988079071,0.717999990483125,0.5256666579470038,0.40459999336861074,0.44732666015625,22.488641357421898,99.39577658378818,1.0008801280956934,142,13.109017372131348,86.01396942138672,-26,0.7078739404678345,2,2026-10-06 03:30:00,2026-10-01 23:00:00,1.0
12.697236562657814,75.51616645266151,0.041462347,0.5223999950559188,0.4021655830419391,Moderate,0.2199999988079071,107.69999857246876,157.69999738410115,161.8399973474443,0.002199999988079071,0.717999990483125,0.5256666579470038,0.40459999336861074,0.44732666015625,22.488641357421898,99.39577658378818,1.0008801280956934,114,10.47529125213623,344.38092041015625,-7,0.8002296090126038,8,2026-10-06 03:30:00,2026-10-01 23:00:00,1.0
12.697236562657814,75.56602295093015,0.06908951,0.5223999950559188,0.4090723737919391,Moderate,0.2199999988079071,107.69999857246876,157.69999738410115,161.8399973474443,0.002199999988079071,0.717999990483125,0.5256666579470038,0.40459999336861074,0.452056884765625,21.853875732421898,98.76605809743288,1.1576596171848976,148,2.9378416538238525,161.13525390625,-5,0.6893401145935059,2,2026-10-06 03:30:00,2026-10-01 23:00:00,1.0
12.697236562657814,75.616148943784,0.14803255,0.5223999950559188,0.4288081337919391,Moderate,0.2199999988079071,107.69999857246876,157.69999738410115,161.8399973474443,0.002199999988079071,0.717999990483125,0.5256666579470038,0.40459999336861074,0.452056884765625,21.853875732421898,98.76605809743288,1.1576596171848976,220,9.277338027954102,217.55311584472656,-9,0.6929078102111816,2,2026-10-06 03:30:00,2026-10-01 23:00:00,1.0
12.697236562657814,75.66600544205264,0.47374412,0.37662999534551056,0.4009085265091329,Moderate,0.539999982342124,58.55999855697155,85.61999770440161,89.1799975130707,0.00539999982342124,0.3903999903798103,0.2853999923480054,0.22294999378267677,0.4489898681640625,19.570672607421898,98.2657498451382,1.0992521144544525,185,17.581315994262695,324.82635498046875,37,0.7459954023361206,2,2026-10-06 03:30:00,2026-10-01 23:00:00,1.0
12.697236562657814,75.71613143490652,0.7044666,0.37662999534551056,0.45858914650913296,Moderate,0.539999982342124,58.55999855697155,85.61999770440161,89.1799975130707,0.00539999982342124,0.3903999903798103,0.2853999923480054,0.22294999378267677,0.4489898681640625,19.570672607421898,98.2657498451382,1.0992521144544525,747,14.956073760986328,311.8046569824219,5,0.7309476733207703,2,2026-10-06 03:30:00,2026-10-01 23:00:00,1.0
12.697236562657814,75.76598793317515,0.8956047,0.3260563318909456,0.46844342391820926,Moderate,1.6399999242275953,43.00999962538481,56.72999933920801,63.029999274760485,0.016399999242275955,0.2867333308358987,0.18909999779736003,0.1575749981869012,0.4283599853515625,18.178094482421898,97.71744446868422,1.0465575457654432,948,17.43343162536621,39.35361099243164,2,0.5695121884346008,9,2026-10-06 03:30:00,2026-10-01 23:00:00,1.0
12.697236562657814,75.816113926029,0.20645551,0.3260563318909456,0.2961561264182092,Moderate,1.6399999242275953,43.00999962538481,56.72999933920801,63.029999274760485,0.016399999242275955,0.2867333308358987,0.18909999779736003,0.1575749981869012,0.4283599853515625,18.178094482421898,97.71744446868422,1.0465575457654432,1074,3.978231906890869,45.70921325683594,6,0.8294520378112793,8,2026-10-06 03:30:00,2026-10-01 23:00:00,1.0
12.697236562657814,75.91609641715152,0.01717238,0.3101906633660818,0.23693609252456135,Low,8.209999719634652,17.109999483451247,43.249998888000846,81.839997401461,0.08209999719634652,0.11406666322300832,0.14416666296000283,0.20459999350365252,0.3748779296875,20.076531982421898,94.12616017981183,0.9436627291407268,941,3.398381233215332,56.96149444580078,11,0.2665382027626037,12,2026-10-06 03:30:00,2026-10-01 23:00:00,1.0
12.697236562657814,75.96622241000537,0.003017886,0.3101906633660818,0.23339746902456135,Low,8.209999719634652,17.109999483451247,43.249998888000846,81.839997401461,0.08209999719634652,0.11406666322300832,0.14416666296000283,0.20459999350365252,0.3748779296875,20.076531982421898,94.12616017981183,0.9436627291407268,957,3.36625337600708,325.6521301269531,-3,0.5774518251419067,12,2026-10-06 03:30:00,2026-10-01 23:00:00,1.0
12.697236562657814,76.01607890827404,0.005071659,0.32069733031168585,0.2417909124837644,Low,13.739999487996101,18.799999387934804,39.52999904192984,83.07999884337187,0.13739999487996102,0.1253333292528987,0.13176666347309948,0.20769999710842968,0.3748779296875,20.076531982421898,94.12616017981183,0.9436627291407268,922,2.0835154056549072,27.13667869567871,-5,0.3766640424728393,12,2026-10-06 03:30:00,2026-10-01 23:00:00,1.0
12.697236562657814,76.06620490112789,0.002899905,0.32069733031168585,0.2412479739837644,Low,13.739999487996101,18.799999387934804,39.52999904192984,83.07999884337187,0.13739999487996102,0.1253333292528987,0.13176666347309948,0.20769999710842968,0.3748779296875,20.076531982421898,94.12616017981183,0.9436627291407268,899,7.438514709472656,187.30172729492188,7,0.2129496335983276,12,2026-10-06 03:30:00,2026-10-01 23:00:00,1.0
12.697236562657814,76.11606139939653,0.0013065764,0.25791040001523996,0.19375944411142998,Low,16.679999832063913,18.839999752119184,27.369999557733536,61.05999855324626,0.16679999832063913,0.12559999834746122,0.09123333185911178,0.15264999638311566,0.2280426025390625,21.062860107421898,90.4566685312117,0.7967051135860943,892,2.996501207351685,251.9864196777344,-8,0.236174076795578,12,2026-10-06 03:30:00,2026-10-01 23:00:00,0.7601420084635417
12.697236562657814,76.16618739225038,0.0010849661,0.25791040001523996,0.19370404153642998,Low,16.679999832063913,18.839999752119184,27.369999557733536,61.05999855324626,0.16679999832063913,0.12559999834746122,0.09123333185911178,0.15264999638311566,0.2280426025390625,21.062860107421898,90.4566685312117,0.7967051135860943,872,3.978231906890869,134.29078674316406,4,0.2915516197681427,12,2026-10-06 03:30:00,2026-10-01 23:00:00,0.7601420084635417
12.697236562657814,76.21604389051902,0.00079645135,0.35295002207861603,0.264911629396462,Moderate,34.68999923579395,35.21999921835959,52.40999853052199,84.55999784730375,0.3468999923579395,0.23479999478906394,0.17469999510173997,0.21139999461825937,0.2426910400390625,21.373406982421898,89.37686970661937,0.8338236243133391,912,5.975615501403809,140.64639282226562,3,0.2773109376430511,12,2026-10-06 03:30:00,2026-10-01 23:00:00,0.8089701334635417
12.697236562657814,76.26616988337287,0.0015030252,0.35295002207861603,0.26508827285896197,Moderate,34.68999923579395,35.21999921835959,52.40999853052199,84.55999784730375,0.3468999923579395,0.23479999478906394,0.17469999510173997,0.21139999461825937,0.2426910400390625,21.373406982421898,89.37686970661937,0.8338236243133391,902,2.6545238494873047,134.29078674316406,-10,0.2940881848335266,12,2026-10-06 03:30:00,2026-10-01 23:00:00,0.8089701334635417
12.697236562657814,76.3160263816415,0.0010988462,0.3083099469227717,0.23150717174207877,Low,28.719999469816685,30.69999946653843,41.65999920293689,68.25999864004552,0.28719999469816687,0.2046666631102562,0.13886666400978961,0.17064999660011382,0.2259979248046875,21.426141357421898,91.59430275951594,0.9820622665920212,892,2.6545238494873047,45.70921325683594,6,0.3251533806324005,12,2026-10-06 03:30:00,2026-10-01 23:00:00,0.753326416015625
12.697236562657814,76.36615237449541,0.0017096577,0.3034014830074584,0.2279785266805938,Low,25.519999518990517,27.319999484345317,33.479999316856265,59.009998777881265,0.25519999518990516,0.18213332989563544,0.11159999772285421,0.14752499694470317,0.250396728515625,21.615594482421898,92.5167857596772,0.867325011748186,821,5.29770040512085,45.70921325683594,-14,0.4521586894989013,12,2026-10-06 03:30:00,2026-10-01 23:00:00,0.83465576171875
12.697236562657814,76.41600887276405,0.0010366021,0.3034014830074584,0.2278102627805938,Low,25.519999518990517,27.319999484345317,33.479999316856265,59.009998777881265,0.25519999518990516,0.18213332989563544,0.11159999772285421,0.14752499694470317,0.250396728515625,21.615594482421898,92.5167857596772,0.867325011748186,803,1.900784611701965,270.0,8,0.5645569562911987,12,2026-10-06 03:30:00,2026-10-01 23:00:00,0.83465576171875
12.697236562657814,76.4661348656179,0.00071998534,0.30473408391891676,0.22873055927418756,Low,25.519999518990517,27.319999484345317,33.479999316856265,59.009998777881265,0.25519999518990516,0.18213332989563544,0.11159999772285421,0.14752499694470317,0.2523956298828125,21.529656982421898,92.63497487722375,0.7567889293970247,840,0.9274099469184875,0.0,8,0.5921086072921753,12,2026-10-06 03:30:00,2026-10-01 23:00:00,0.8413187662760417
12.697236562657814,76.51599136388654,0.00075309625,0.30473408391891676,0.22873883700168757,Low,25.519999518990517,27.319999484345317,33.479999316856265,59.009998777881265,0.25519999518990516,0.18213332989563544,0.11159999772285421,0.14752499694470317,0.2523956298828125,21.529656982421898,92.63497487722375,0.7567889293970247,813,3.398381233215332,303.0385131835937,12,0.3924050629138946,12,2026-10-06 03:30:00,2026-10-01 23:00:00,0.8413187662760417
12.697236562657814,76.56611735674039,0.0005523365,0.2647263314429671,0.1986828327072253,Low,12.959999606013298,13.189999602735043,16.939999546855688,22.36999936774373,0.12959999606013298,0.08793333068490028,0.056466665156185626,0.05592499841935933,0.341461181640625,20.965203857421898,92.67192145723948,0.8111044955950713,848,0.9274099469184875,180.0,-3,0.1039573475718498,12,2026-10-06 03:30:00,2026-10-01 23:00:00,1.0
12.697236562657814,76.61597385500903,0.0009793236,0.2647263314429671,0.1987895794822253,Low,12.959999606013298,13.189999602735043,16.939999546855688,22.36999936774373,0.12959999606013298,0.08793333068490028,0.056466665156185626,0.05592499841935933,0.341461181640625,20.965203857421898,92.67192145723948,0.8111044955950713,958,0.0,0.0,1,0.4230222404003143,10,2026-10-06 03:30:00,2026-10-01 23:00:00,1.0
12.697236562657814,76.66609984786288,0.0011701627,0.26189933133715143,0.1967170391778636,Low,13.099999573081732,13.099999573081732,15.069999519735575,19.339999394491315,0.13099999573081733,0.08733333048721155,0.05023333173245192,0.048349998486228285,0.307708740234375,20.930047607421898,92.0094633675472,0.8805606701618512,993,5.491288661956787,59.65840530395508,-12,0.372904509305954,12,2026-10-06 03:30:00,2026-10-01 23:00:00,1.0
12.697236562657814,76.71622584071679,0.00081864285,0.25073365333887443,0.18825490071665582,Low,15.31999964080751,15.31999964080751,15.31999964080751,18.449999559670687,0.1531999964080751,0.10213333093871672,0.05106666546935836,0.04612499889917672,0.273406982421875,21.740594482421898,89.7732424931831,0.8339730851848718,840,2.6545238494873047,134.29078674316406,-10,0.240469753742218,12,2026-10-06 03:30:00,2026-10-01 23:00:00,0.9113566080729167
12.697236562657814,76.76608233898543,0.0006545709,0.25073365333887443,0.18821388272915582,Low,15.31999964080751,15.31999964080751,15.31999964080751,18.449999559670687,0.1531999964080751,0.10213333093871672,0.05106666546935836,0.04612499889917672,0.273406982421875,21.740594482421898,89.7732424931831,0.8339730851848718,795,3.824159860610962,165.62631225585938,6,0.2848550081253052,12,2026-10-06 03:30:00,2026-10-01 23:00:00,0.9113566080729167
12.697236562657814,76.81620833183928,0.00065310806,0.22623138407692314,0.16983681507269235,Low,10.879999874159694,10.879999874159694,12.74999980442226,18.509999707341194,0.10879999874159693,0.07253333249439796,0.0424999993480742,0.04627499926835298,0.2601165771484375,22.019891357421898,89.68541158413606,0.9248684376963467,773,1.327974557876587,225.709213256836,-3,0.2974941730499267,12,2026-10-06 03:30:00,2026-10-01 23:00:00,0.8670552571614584
12.697236562657814,76.86606483010792,0.0005599532,0.22623138407692314,0.16981352635769237,Low,10.879999874159694,10.879999874159694,12.74999980442226,18.509999707341194,0.10879999874159693,0.07253333249439796,0.0424999993480742,0.04627499926835298,0.2601165771484375,22.019891357421898,89.68541158413606,0.9248684376963467,727,2.114665508270264,116.0018539428711,5,0.3197689652442932,12,2026-10-06 03:30:00,2026-10-01 23:00:00,0.8670552571614584
12.697236562657814,76.91619082296177,0.0007906755,0.2578157161365574,0.19355945597741805,Low,16.44999966584146,16.44999966584146,20.709999531507492,34.77999887429178,0.1644999966584146,0.10966666443894307,0.06903333177169164,0.08694999718572945,0.2601165771484375,22.019891357421898,89.68541158413606,0.9248684376963467,686,6.709426403045654,325.6521301269531,-8,0.3060640692710876,12,2026-10-06 03:30:00,2026-10-01 23:00:00,0.8670552571614584
12.697236562657814,76.9660473212304,0.0006818427,0.2578157161365574,0.19353224777741806,Low,16.44999966584146,16.44999966584146,20.709999531507492,34.77999887429178,0.1644999966584146,0.10966666443894307,0.06903333177169164,0.08694999718572945,0.2601165771484375,22.019891357421898,89.68541158413606,0.9248684376963467,671,0.9506538510322572,90.0,3,0.4191153645515442,12,2026-10-06 03:30:00,2026-10-01 23:00:00,0.8670552571614584
12.697236562657814,77.01617331408426,0.00086802605,0.32625359631814066,0.2449072037511055,Low,29.379999784752727,29.379999784752727,35.47999958507717,59.29999930784106,0.29379999784752725,0.19586666523168483,0.11826666528359056,0.14824999826960267,0.267181396484375,21.715203857421898,90.27207816426004,1.0993464209884054,645,2.0835154056549072,152.8633270263672,-8,0.3136000037193298,12,2026-10-06 03:30:00,2026-10-01 23:00:00,0.8906046549479167
12.697236562657814,77.0660298123529,0.0006171345,0.32625359631814066,0.2448444808636055,Low,29.379999784752727,29.379999784752727,35.47999958507717,59.29999930784106,0.29379999784752725,0.19586666523168483,0.11826666528359056,0.14824999826960267,0.267181396484375,21.715203857421898,90.27207816426004,1.0993464209884054,668,2.0835154056549072,332.8633117675781,-8,0.3839263617992401,12,2026-10-06 03:30:00,2026-10-01 23:00:00,0.8906046549479167
12.697236562657814,77.1161558052068,0.0009514585,0.3640339621323472,0.27326333622426036,Moderate,38.42999921925366,38.42999921925366,42.4999990388751,67.99999829940498,0.3842999921925366,0.2561999947950244,0.141666663462917,0.16999999574851243,0.26727294921875,21.328485107421898,90.78241710964956,1.2453994851478178,700,1.900784611701965,270.0,4,0.272847980260849,12,2026-10-06 03:30:00,2026-10-01 23:00:00,0.8909098307291667
12.697236562657814,77.16601230347544,0.0012661121,0.44029881420365224,0.33054063867773914,Moderate,56.42999838292599,56.42999838292599,58.10999830439687,92.59999780915678,0.5642999838292598,0.3761999892195066,0.19369999434798957,0.23149999452289194,0.261688232421875,20.859735107421898,91.3264172933056,1.3585655075524,680,4.999420642852783,22.294960021972656,-10,0.6465196013450623,12,2026-10-06 03:30:00,2026-10-01 23:00:00,0.8722941080729167
12.697236562657814,77.21613829632929,0.00073073973,0.44029881420365224,0.33040679558523917,Moderate,56.42999838292599,56.42999838292599,58.10999830439687,92.59999780915678,0.5642999838292598,0.3761999892195066,0.19369999434798957,0.23149999452289194,0.261688232421875,20.859735107421898,91.3264172933056,1.3585655075524,720,4.627367496490479,180.0,-4,0.2777388393878937,12,2026-10-06 03:30:00,2026-10-01 23:00:00,0.8722941080729167
12.697236562657814,77.26599479459793,0.0009087087,0.3772641430456813,0.28317528445926093,Moderate,39.919999638572335,39.919999638572335,40.22999962978065,98.1699985358864,0.39919999638572334,0.2661333309238156,0.1340999987659355,0.245424996339716,0.2603607177734375,20.879266357421898,90.38902539049292,1.490344923514131,722,2.0835154056549072,332.8633117675781,-14,0.3271451294422149,12,2026-10-06 03:30:00,2026-10-01 23:00:00,0.8678690592447917
12.697236562657814,77.31612078745178,0.00077844906,0.3772641430456813,0.28314271954926096,Moderate,39.919999638572335,39.919999638572335,40.22999962978065,98.1699985358864,0.39919999638572334,0.2661333309238156,0.1340999987659355,0.245424996339716,0.2603607177734375,20.879266357421898,90.38902539049292,1.490344923514131,673,0.9506538510322572,90.0,-2,0.2467043250799179,12,2026-10-06 03:30:00,2026-10-01 23:00:00,0.8678690592447917
12.697236562657814,77.36597728572042,0.0057265125,0.3855140616654729,0.2905671743741047,Moderate,39.919999638572335,39.919999638572335,40.22999962978065,98.1699985358864,0.39919999638572334,0.2661333309238156,0.1340999987659355,0.245424996339716,0.272735595703125,20.973016357421898,90.58245508858847,1.5383156476046729,796,15.093536376953123,233.1147308349609,-50,0.299402505159378,12,2026-10-06 03:30:00,2026-10-01 23:00:00,0.90911865234375
12.747362555511678,74.86614551307261,0.00088782737,0.4440553271689763,0.3332634522192322,Moderate,13.87999963760376,74.11999814212322,104.42999735474586,107.3799973167479,0.1387999963760376,0.49413332094748813,0.3480999911824862,0.26844999329186975,0.3363189697265625,26.271844482421898,90.88019827326085,2.1365283101088024,0,0.0,0.0,0,-0.2873067855834961,9,2026-10-06 03:30:00,2026-10-01 23:00:00,1.0
12.747362555511678,74.91600201134125,0.008200272,0.4440553271689763,0.33509156337673224,Moderate,13.87999963760376,74.11999814212322,104.42999735474586,107.3799973167479,0.1387999963760376,0.49413332094748813,0.3480999911824862,0.26844999329186975,0.3363189697265625,26.271844482421898,90.88019827326085,2.1365283101088024,21,2.083601236343384,332.85870361328125,7,0.7027087807655334,14,2026-10-06 03:30:00,2026-10-01 23:00:00,1.0
12.747362555511678,74.96612800419513,0.024991425,0.49851099526161957,0.3801311026962147,Moderate,14.109999939799309,102.26999843865633,123.85999772697687,124.22999773174524,0.1410999993979931,0.6817999895910422,0.4128666590899229,0.3105749943293631,0.33233642578125,25.683953857421898,91.6118040300928,1.5946159594367877,107,0.9508422017097472,270.0,-8,0.4691535830497741,14,2026-10-06 03:30:00,2026-10-01 23:00:00,1.0
12.747362555511678,75.01598450246374,0.014743361,0.5175079903818046,0.39181683303635345,Moderate,7.3599998615682125,116.3999963440001,137.35999581590295,137.4799958113581,0.07359999861568213,0.7759999756266673,0.45786665271967647,0.34369998952839526,0.3779296875,25.119500732421898,93.2062863419644,1.161192224505502,55,2.997037172317505,288.01025390625,2,0.7819263935089111,14,2026-10-06 03:30:00,2026-10-01 23:00:00,1.0
12.747362555511678,75.06611049531762,0.17074923,0.5175079903818046,0.43081830028635343,Moderate,7.3599998615682125,116.3999963440001,137.35999581590295,137.4799958113581,0.07359999861568213,0.7759999756266673,0.45786665271967647,0.34369998952839526,0.3779296875,25.119500732421898,93.2062863419644,1.161192224505502,140,12.69487762451172,106.7049331665039,-2,0.7366153597831726,14,2026-10-06 03:30:00,2026-10-01 23:00:00,1.0
12.747362555511678,75.16609298644013,0.09924513,0.5473123222043739,0.4352955241532804,Moderate,3.469999907538295,129.22999571822584,155.78999509476125,155.78999509476125,0.034699999075382945,0.8615333047881722,0.5192999836492042,0.38947498773690314,0.3779296875,25.119500732421898,93.2062863419644,1.161192224505502,170,10.962881088256836,109.52824401855467,-14,0.7324973940849304,14,2026-10-06 03:30:00,2026-10-01 23:00:00,1.0
12.747362555511678,75.21621897929398,0.015403596,0.5739676572373138,0.43432664192798537,Moderate,3.549999888986349,116.79999735765159,186.36999508552253,186.36999508552253,0.03549999888986349,0.7786666490510106,0.6212333169517418,0.4659249877138063,0.4130859375,24.041375732421898,96.76216072799195,0.9219235979427148,114,2.9379024505615234,341.1317749023437,1,0.2809172868728637,14,2026-10-06 03:30:00,2026-10-01 23:00:00,1.0
12.747362555511678,75.26607547756262,0.03294003,0.5739676572373138,0.43871075042798535,Moderate,3.549999888986349,116.79999735765159,186.36999508552253,186.36999508552253,0.03549999888986349,0.7786666490510106,0.6212333169517418,0.4659249877138063,0.4130859375,24.041375732421898,96.76216072799195,0.9219235979427148,83,1.3281092643737793,134.2851104736328,-10,0.6157205104827881,14,2026-10-06 03:30:00,2026-10-01 23:00:00,1.0
12.747362555511678,75.3162014704165,0.026288383,0.5501589952886725,0.4191913422165044,Moderate,0.9799999687820673,95.30999862216413,189.39999756775796,190.02999753318727,0.009799999687820672,0.6353999908144276,0.6313333252258598,0.4750749938329682,0.435272216796875,23.369500732421898,98.54698069877234,0.788027715388503,71,7.563198566436768,90.0,12,0.835204541683197,14,2026-10-06 03:30:00,2026-10-01 23:00:00,1.0
12.747362555511678,75.36605796868514,0.151893,0.5501589952886725,0.4505924964665044,Moderate,0.9799999687820673,95.30999862216413,189.39999756775796,190.02999753318727,0.009799999687820672,0.6353999908144276,0.6313333252258598,0.4750749938329682,0.435272216796875,23.369500732421898,98.54698069877234,0.788027715388503,94,15.107101440429688,280.3636474609375,2,0.6587473154067993,8,2026-10-06 03:30:00,2026-10-01 23:00:00,1.0
12.747362555511678,75.41618396153899,0.046760067,0.5863656606630734,0.451464262247305,Moderate,0.7299999948590994,94.14999934099615,217.52999593876302,220.90999591723084,0.007299999948590994,0.6276666622733077,0.7250999864625434,0.5522749897930771,0.4563140869140625,22.965203857421898,99.44498894414043,0.7748873903538424,87,9.278009414672852,217.55859375,-4,0.7715719938278198,8,2026-10-06 03:30:00,2026-10-01 23:00:00,1.0
12.747362555511678,75.46604045980763,0.008098566,0.5223999950559188,0.3938246377919391,Moderate,0.2199999988079071,107.69999857246876,157.69999738410115,161.8399973474443,0.002199999988079071,0.717999990483125,0.5256666579470038,0.40459999336861074,0.44732666015625,22.488641357421898,99.39577658378818,1.0008801280956934,95,3.909087419509888,76.29652404785156,7,0.2523399293422699,8,2026-10-06 03:30:00,2026-10-01 23:00:00,1.0
12.747362555511678,75.51616645266151,0.029450405,0.5223999950559188,0.3991625975419391,Moderate,0.2199999988079071,107.69999857246876,157.69999738410115,161.8399973474443,0.002199999988079071,0.717999990483125,0.5256666579470038,0.40459999336861074,0.44732666015625,22.488641357421898,99.39577658378818,1.0008801280956934,142,8.578542709350586,221.3091278076172,1,0.7924681901931763,8,2026-10-06 03:30:00,2026-10-01 23:00:00,1.0
12.747362555511678,75.56602295093015,0.010699545,0.5223999950559188,0.39447488254193913,Moderate,0.2199999988079071,107.69999857246876,157.69999738410115,161.8399973474443,0.002199999988079071,0.717999990483125,0.5256666579470038,0.40459999336861074,0.452056884765625,21.853875732421898,98.76605809743288,1.1576596171848976,128,3.909087419509888,76.29652404785156,0,0.3270825743675232,8,2026-10-06 03:30:00,2026-10-01 23:00:00,1.0
12.747362555511678,75.616148943784,0.35070476,0.5223999950559188,0.4794761862919391,Moderate,0.2199999988079071,107.69999857246876,157.69999738410115,161.8399973474443,0.002199999988079071,0.717999990483125,0.5256666579470038,0.40459999336861074,0.452056884765625,21.853875732421898,98.76605809743288,1.1576596171848976,333,21.51127243041992,350.30303955078125,46,0.8187083601951599,2,2026-10-06 03:30:00,2026-10-01 23:00:00,1.0
12.747362555511678,75.66600544205264,0.97325486,0.37662999534551056,0.525786211509133,High,0.539999982342124,58.55999855697155,85.61999770440161,89.1799975130707,0.00539999982342124,0.3903999903798103,0.2853999923480054,0.22294999378267677,0.4489898681640625,19.570672607421898,98.2657498451382,1.0992521144544525,565,28.54385566711425,162.2346954345703,-44,0.8738422989845276,2,2026-10-06 03:30:00,2026-10-01 23:00:00,1.0
12.747362555511678,75.71613143490652,0.88035345,0.37662999534551056,0.5025608590091329,High,0.539999982342124,58.55999855697155,85.61999770440161,89.1799975130707,0.00539999982342124,0.3903999903798103,0.2853999923480054,0.22294999378267677,0.4489898681640625,19.570672607421898,98.2657498451382,1.0992521144544525,881,20.69447898864746,67.31468200683594,1,0.7484108209609985,8,2026-10-06 03:30:00,2026-10-01 23:00:00,1.0
12.747362555511678,75.76598793317515,0.33769035,0.3260563318909456,0.3289648364182092,Moderate,1.6399999242275953,43.00999962538481,56.72999933920801,63.029999274760485,0.016399999242275955,0.2867333308358987,0.18909999779736003,0.1575749981869012,0.4283599853515625,18.178094482421898,97.71744446868422,1.0465575457654432,925,10.697900772094728,284.8960266113281,-1,0.7893287539482117,8,2026-10-06 03:30:00,2026-10-01 23:00:00,1.0
12.747362555511678,75.816113926029,0.36756545,0.3260563318909456,0.3364336114182092,Moderate,1.6399999242275953,43.00999962538481,56.72999933920801,63.029999274760485,0.016399999242275955,0.2867333308358987,0.18909999779736003,0.1575749981869012,0.4283599853515625,18.178094482421898,97.71744446868422,1.0465575457654432,937,2.997037172317505,288.01025390625,-5,0.7163445949554443,2,2026-10-06 03:30:00,2026-10-01 23:00:00,1.0
12.747362555511678,75.91609641715152,0.0127001535,0.3101906633660818,0.23581803589956135,Low,8.209999719634652,17.109999483451247,43.249998888000846,81.839997401461,0.08209999719634652,0.11406666322300832,0.14416666296000283,0.20459999350365252,0.3748779296875,20.076531982421898,94.12616017981183,0.9436627291407268,957,7.614640235900879,14.376420021057127,15,0.5251295566558838,14,2026-10-06 03:30:00,2026-10-01 23:00:00,1.0
12.747362555511678,75.96622241000537,0.0041174972,0.3101906633660818,0.23367237182456135,Low,8.209999719634652,17.109999483451247,43.249998888000846,81.839997401461,0.08209999719634652,0.11406666322300832,0.14416666296000283,0.20459999350365252,0.3748779296875,20.076531982421898,94.12616017981183,0.9436627291407268,967,2.083601236343384,152.8587188720703,-6,0.7398820519447327,14,2026-10-06 03:30:00,2026-10-01 23:00:00,1.0
12.747362555511678,76.01607890827404,0.005035172,0.32069733031168585,0.2417817907337644,Low,13.739999487996101,18.799999387934804,39.52999904192984,83.07999884337187,0.13739999487996102,0.1253333292528987,0.13176666347309948,0.20769999710842968,0.3748779296875,20.076531982421898,94.12616017981183,0.9436627291407268,944,3.398853302001953,123.03331756591795,-5,0.238826185464859,12,2026-10-06 03:30:00,2026-10-01 23:00:00,1.0
12.747362555511678,76.06620490112789,0.0016950727,0.32069733031168585,0.2409467659087644,Low,13.739999487996101,18.799999387934804,39.52999904192984,83.07999884337187,0.13739999487996102,0.1253333292528987,0.13176666347309948,0.20769999710842968,0.3748779296875,20.076531982421898,94.12616017981183,0.9436627291407268,910,2.997037172317505,108.01023864746094,-4,0.2874838709831238,12,2026-10-06 03:30:00,2026-10-01 23:00:00,1.0
12.747362555511678,76.11606139939653,0.0013920538,0.25791040001523996,0.19378081346142997,Low,16.679999832063913,18.839999752119184,27.369999557733536,61.05999855324626,0.16679999832063913,0.12559999834746122,0.09123333185911178,0.15264999638311566,0.2280426025390625,21.062860107421898,90.4566685312117,0.7967051135860943,905,0.9508422017097472,270.0,6,0.2137258797883987,12,2026-10-06 03:30:00,2026-10-01 23:00:00,0.7601420084635417
12.747362555511678,76.16618739225038,0.0017276545,0.25791040001523996,0.19386471363642999,Low,16.679999832063913,18.839999752119184,27.369999557733536,61.05999855324626,0.16679999832063913,0.12559999834746122,0.09123333185911178,0.15264999638311566,0.2280426025390625,21.062860107421898,90.4566685312117,0.7967051135860943,914,1.9011609554290767,270.0,3,0.2611766755580902,12,2026-10-06 03:30:00,2026-10-01 23:00:00,0.7601420084635417
12.747362555511678,76.21604389051902,0.0007731749,0.35295002207861603,0.264905810283962,Moderate,34.68999923579395,35.21999921835959,52.40999853052199,84.55999784730375,0.3468999923579395,0.23479999478906394,0.17469999510173997,0.21139999461825937,0.2426910400390625,21.373406982421898,89.37686970661937,0.8338236243133391,900,3.909087419509888,283.7034606933594,-6,0.3652777969837188,12,2026-10-06 03:30:00,2026-10-01 23:00:00,0.8089701334635417
12.747362555511678,76.26616988337287,0.0011594025,0.35295002207861603,0.265002367183962,Moderate,34.68999923579395,35.21999921835959,52.40999853052199,84.55999784730375,0.3468999923579395,0.23479999478906394,0.17469999510173997,0.21139999461825937,0.2426910400390625,21.373406982421898,89.37686970661937,0.8338236243133391,871,3.824206352233887,345.6235656738281,2,0.3663755357265472,12,2026-10-06 03:30:00,2026-10-01 23:00:00,0.8089701334635417
12.747362555511678,76.3160263816415,0.0012836122,0.3083099469227717,0.23155336324207876,Low,28.719999469816685,30.69999946653843,41.65999920293689,68.25999864004552,0.28719999469816687,0.2046666631102562,0.13886666400978961,0.17064999660011382,0.2259979248046875,21.426141357421898,91.59430275951594,0.9820622665920212,839,3.9786343574523926,45.71488952636719,8,0.5792120695114136,12,2026-10-06 03:30:00,2026-10-01 23:00:00,0.753326416015625
12.747362555511678,76.36615237449541,0.0007323163,0.3034014830074584,0.2277341913305938,Low,25.519999518990517,27.319999484345317,33.479999316856265,59.009998777881265,0.25519999518990516,0.18213332989563544,0.11159999772285421,0.14752499694470317,0.250396728515625,21.615594482421898,92.5167857596772,0.867325011748186,810,3.824206352233887,14.376420021057127,2,0.6383101940155029,12,2026-10-06 03:30:00,2026-10-01 23:00:00,0.83465576171875
12.747362555511678,76.41600887276405,0.0009963186,0.3034014830074584,0.2278001919055938,Low,25.519999518990517,27.319999484345317,33.479999316856265,59.009998777881265,0.25519999518990516,0.18213332989563544,0.11159999772285421,0.14752499694470317,0.250396728515625,21.615594482421898,92.5167857596772,0.867325011748186,830,3.398853302001953,56.96668243408203,0,0.5782366991043091,12,2026-10-06 03:30:00,2026-10-01 23:00:00,0.83465576171875
12.747362555511678,76.4661348656179,0.00068366557,0.30473408391891676,0.22872147933168757,Low,25.519999518990517,27.319999484345317,33.479999316856265,59.009998777881265,0.25519999518990516,0.18213332989563544,0.11159999772285421,0.14752499694470317,0.2523956298828125,21.529656982421898,92.63497487722375,0.7567889293970247,832,2.1150035858154297,64.00261688232422,2,0.4407330751419067,12,2026-10-06 03:30:00,2026-10-01 23:00:00,0.8413187662760417
12.747362555511678,76.51599136388654,0.00074485614,0.30473408391891676,0.22873677697418757,Low,25.519999518990517,27.319999484345317,33.479999316856265,59.009998777881265,0.25519999518990516,0.18213332989563544,0.11159999772285421,0.14752499694470317,0.2523956298828125,21.529656982421898,92.63497487722375,0.7567889293970247,846,2.8504345417022705,90.0,-3,0.4847687184810638,12,2026-10-06 03:30:00,2026-10-01 23:00:00,0.8413187662760417
12.747362555511678,76.56611735674039,0.0006618762,0.2647263314429671,0.19871021763222532,Low,12.959999606013298,13.189999602735043,16.939999546855688,22.36999936774373,0.12959999606013298,0.08793333068490028,0.056466665156185626,0.05592499841935933,0.341461181640625,20.965203857421898,92.67192145723948,0.8111044955950713,902,2.997037172317505,288.01025390625,4,0.1561904102563858,12,2026-10-06 03:30:00,2026-10-01 23:00:00,1.0
12.747362555511678,76.61597385500903,0.001500574,0.2647263314429671,0.19891989208222532,Low,12.959999606013298,13.189999602735043,16.939999546855688,22.36999936774373,0.12959999606013298,0.08793333068490028,0.056466665156185626,0.05592499841935933,0.341461181640625,20.965203857421898,92.67192145723948,0.8111044955950713,1033,1.3281092643737793,225.7148895263672,0,0.3235965967178345,12,2026-10-06 03:30:00,2026-10-01 23:00:00,1.0
12.747362555511678,76.66609984786288,0.0010646522,0.26189933133715143,0.19669066155286358,Low,13.099999573081732,13.099999573081732,15.069999519735575,19.339999394491315,0.13099999573081733,0.08733333048721155,0.05023333173245192,0.048349998486228285,0.307708740234375,20.930047607421898,92.0094633675472,0.8805606701618512,960,4.702208518981934,126.1859893798828,-2,0.2853334546089172,12,2026-10-06 03:30:00,2026-10-01 23:00:00,1.0
12.747362555511678,76.71622584071679,0.0006921326,0.25073365333887443,0.18822327315415582,Low,15.31999964080751,15.31999964080751,15.31999964080751,18.449999559670687,0.1531999964080751,0.10213333093871672,0.05106666546935836,0.04612499889917672,0.273406982421875,21.740594482421898,89.7732424931831,0.8339730851848718,822,2.8504345417022705,90.0,4,0.3687209784984588,12,2026-10-06 03:30:00,2026-10-01 23:00:00,0.9113566080729167
12.747362555511678,76.76608233898543,0.00068339554,0.25073365333887443,0.1882210888891558,Low,15.31999964080751,15.31999964080751,15.31999964080751,18.449999559670687,0.1531999964080751,0.10213333093871672,0.05106666546935836,0.04612499889917672,0.273406982421875,21.740594482421898,89.7732424931831,0.8339730851848718,772,2.9379024505615234,341.1317749023437,2,0.6317600607872009,12,2026-10-06 03:30:00,2026-10-01 23:00:00,0.9113566080729167
12.747362555511678,76.81620833183928,0.00048219363,0.22623138407692314,0.16979408646519237,Low,10.879999874159694,10.879999874159694,12.74999980442226,18.509999707341194,0.10879999874159693,0.07253333249439796,0.0424999993480742,0.04627499926835298,0.2601165771484375,22.019891357421898,89.68541158413606,0.9248684376963467,729,2.1150035858154297,295.99737548828125,-5,0.6794068217277527,12,2026-10-06 03:30:00,2026-10-01 23:00:00,0.8670552571614584
12.747362555511678,76.86606483010792,0.0012383861,0.22623138407692314,0.16998313458269237,Low,10.879999874159694,10.879999874159694,12.74999980442226,18.509999707341194,0.10879999874159693,0.07253333249439796,0.0424999993480742,0.04627499926835298,0.2601165771484375,22.019891357421898,89.68541158413606,0.9248684376963467,738,5.760978221893311,80.76683807373047,10,0.3966197073459625,12,2026-10-06 03:30:00,2026-10-01 23:00:00,0.8670552571614584
12.747362555511678,76.91619082296177,0.00083653175,0.2578157161365574,0.19357092003991805,Low,16.44999966584146,16.44999966584146,20.709999531507492,34.77999887429178,0.1644999966584146,0.10966666443894307,0.06903333177169164,0.08694999718572945,0.2601165771484375,22.019891357421898,89.68541158413606,0.9248684376963467,697,1.854334115982056,0.0,10,0.4301470518112182,12,2026-10-06 03:30:00,2026-10-01 23:00:00,0.8670552571614584
12.747362555511678,76.9660473212304,0.0008905037,0.2578157161365574,0.19358441302741805,Low,16.44999966584146,16.44999966584146,20.709999531507492,34.77999887429178,0.1644999966584146,0.10966666443894307,0.06903333177169164,0.08694999718572945,0.2601165771484375,22.019891357421898,89.68541158413606,0.9248684376963467,686,5.977762699127197,108.01023864746094,-7,0.3990788459777832,12,2026-10-06 03:30:00,2026-10-01 23:00:00,0.8670552571614584
12.747362555511678,77.01617331408426,0.0011021607,0.32625359631814066,0.2449657374136055,Low,29.379999784752727,29.379999784752727,35.47999958507717,59.29999930784106,0.29379999784752725,0.19586666523168483,0.11826666528359056,0.14824999826960267,0.267181396484375,21.715203857421898,90.27207816426004,1.0993464209884054,674,1.9011609554290767,270.0,1,0.2742424309253692,12,2026-10-06 03:30:00,2026-10-01 23:00:00,0.8906046549479167
12.747362555511678,77.0660298123529,0.0010735246,0.32625359631814066,0.2449585783886055,Low,29.379999784752727,29.379999784752727,35.47999958507717,59.29999930784106,0.29379999784752725,0.19586666523168483,0.11826666528359056,0.14824999826960267,0.267181396484375,21.715203857421898,90.27207816426004,1.0993464209884054,681,3.824206352233887,14.376420021057127,10,0.303605318069458,12,2026-10-06 03:30:00,2026-10-01 23:00:00,0.8906046549479167
12.747362555511678,77.1161558052068,0.00083135744,0.3640339621323472,0.2732333109592604,Moderate,38.42999921925366,38.42999921925366,42.4999990388751,67.99999829940498,0.3842999921925366,0.2561999947950244,0.141666663462917,0.16999999574851243,0.26727294921875,21.328485107421898,90.78241710964956,1.2453994851478178,770,0.9274099469184875,180.0,-6,0.4274028539657593,12,2026-10-06 03:30:00,2026-10-01 23:00:00,0.8909098307291667
12.747362555511678,77.16601230347544,0.0007415119,0.44029881420365224,0.33040948862773917,Moderate,56.42999838292599,56.42999838292599,58.10999830439687,92.59999780915678,0.5642999838292598,0.3761999892195066,0.19369999434798957,0.23149999452289194,0.261688232421875,20.859735107421898,91.3264172933056,1.3585655075524,733,3.798144578933716,270.0,-4,0.4155811071395874,12,2026-10-06 03:30:00,2026-10-01 23:00:00,0.8722941080729167
12.747362555511678,77.21613829632929,0.0005643503,0.44029881420365224,0.33036519822773913,Moderate,56.42999838292599,56.42999838292599,58.10999830439687,92.59999780915678,0.5642999838292598,0.3761999892195066,0.19369999434798957,0.23149999452289194,0.261688232421875,20.859735107421898,91.3264172933056,1.3585655075524,692,0.0,0.0,0,0.4183710217475891,12,2026-10-06 03:30:00,2026-10-01 23:00:00,0.8722941080729167
12.747362555511678,77.26599479459793,0.001140362,0.3772641430456813,0.2832331977842609,Moderate,39.919999638572335,39.919999638572335,40.22999962978065,98.1699985358864,0.39919999638572334,0.2661333309238156,0.1340999987659355,0.245424996339716,0.2603607177734375,20.879266357421898,90.38902539049292,1.490344923514131,714,3.3664653301239014,145.6468505859375,-11,0.4384349882602691,12,2026-10-06 03:30:00,2026-10-01 23:00:00,0.8678690592447917
12.747362555511678,77.31612078745178,0.0008218783,0.3772641430456813,0.28315357685926096,Moderate,39.919999638572335,39.919999638572335,40.22999962978065,98.1699985358864,0.39919999638572334,0.2661333309238156,0.1340999987659355,0.245424996339716,0.2603607177734375,20.879266357421898,90.38902539049292,1.490344923514131,724,2.7802884578704834,0.0,9,0.5685220956802368,12,2026-10-06 03:30:00,2026-10-01 23:00:00,0.8678690592447917
12.747362555511678,77.36597728572042,0.0006354492,0.3855140616654729,0.2892944085491047,Moderate,39.919999638572335,39.919999638572335,40.22999962978065,98.1699985358864,0.39919999638572334,0.2661333309238156,0.1340999987659355,0.245424996339716,0.272735595703125,20.973016357421898,90.58245508858847,1.5383156476046729,739,2.6547930240631104,134.2851104736328,-3,0.2902050018310547,12,2026-10-06 03:30:00,2026-10-01 23:00:00,0.90911865234375
